txn_id,is_fraud,ring_id,scenario
txn_000001,0,,legit
txn_000002,0,,legit
txn_000003,0,,legit
txn_000004,0,,legit
txn_000005,0,,legit
txn_000006,0,,legit
txn_000007,0,,legit
txn_000008,0,,legit
txn_000009,0,,legit
txn_000010,0,,legit
txn_000011,0,,legit
txn_000012,0,,legit
txn_000013,0,,legit
txn_000014,0,,legit
txn_000015,0,,legit
txn_000016,0,,legit
txn_000017,0,,legit
txn_000018,0,,legit
txn_000019,0,,legit
txn_000020,0,,legit
txn_000021,0,,legit
txn_000022,0,,legit
txn_000023,0,,legit
txn_000024,0,,legit
txn_000025,0,,legit
txn_000026,0,,legit
txn_000027,0,,legit
txn_000028,0,,legit
txn_000029,0,,legit
txn_000030,0,,legit
txn_000031,0,,legit
txn_000032,0,,legit
txn_000033,0,,legit
txn_000034,0,,legit
txn_000035,0,,legit
txn_000036,0,,legit
txn_000037,0,,legit
txn_000038,0,,legit
txn_000039,0,,legit
txn_000040,0,,legit
txn_000041,0,,legit
txn_000042,0,,legit
txn_000043,0,,legit
txn_000044,0,,legit
txn_000045,0,,legit
txn_000046,0,,legit
txn_000047,0,,legit
txn_000048,0,,legit
txn_000049,0,,legit
txn_000050,0,,legit
txn_000051,0,,legit
txn_000052,0,,legit
txn_000053,0,,legit
txn_000054,0,,legit
txn_000055,0,,legit
txn_000056,0,,legit
txn_000057,0,,legit
txn_000058,0,,legit
txn_000059,0,,legit
txn_000060,0,,legit
txn_000061,0,,legit
txn_000062,0,,legit
txn_000063,0,,legit
txn_000064,0,,legit
txn_000065,0,,legit
txn_000066,0,,legit
txn_000067,0,,legit
txn_000068,0,,legit
txn_000069,0,,legit
txn_000070,0,,legit
txn_000071,0,,legit
txn_000072,0,,legit
txn_000073,0,,legit
txn_000074,0,,legit
txn_000075,0,,legit
txn_000076,0,,legit
txn_000077,0,,legit
txn_000078,0,,legit
txn_000079,0,,legit
txn_000080,0,,legit
txn_000081,0,,legit
txn_000082,0,,legit
txn_000083,0,,legit
txn_000084,0,,legit
txn_000085,0,,legit
txn_000086,0,,legit
txn_000087,0,,legit
txn_000088,0,,legit
txn_000089,0,,legit
txn_000090,0,,legit
txn_000091,0,,legit
txn_000092,0,,legit
txn_000093,0,,legit
txn_000094,0,,legit
txn_000095,0,,legit
txn_000096,0,,legit
txn_000097,0,,legit
txn_000098,0,,legit
txn_000099,0,,legit
txn_000100,0,,legit
txn_000101,0,,legit
txn_000102,0,,legit
txn_000103,0,,legit
txn_000104,0,,legit
txn_000105,0,,legit
txn_000106,0,,legit
txn_000107,0,,legit
txn_000108,0,,legit
txn_000109,0,,legit
txn_000110,0,,legit
txn_000111,0,,legit
txn_000112,0,,legit
txn_000113,0,,legit
txn_000114,0,,legit
txn_000115,0,,legit
txn_000116,0,,legit
txn_000117,0,,legit
txn_000118,0,,legit
txn_000119,0,,legit
txn_000120,0,,legit
txn_000121,0,,legit
txn_000122,0,,legit
txn_000123,0,,legit
txn_000124,0,,legit
txn_000125,0,,legit
txn_000126,0,,legit
txn_000127,0,,legit
txn_000128,0,,legit
txn_000129,0,,legit
txn_000130,0,,legit
txn_000131,0,,legit
txn_000132,0,,legit
txn_000133,0,,legit
txn_000134,0,,legit
txn_000135,0,,legit
txn_000136,0,,legit
txn_000137,0,,legit
txn_000138,0,,legit
txn_000139,0,,legit
txn_000140,0,,legit
txn_000141,0,,legit
txn_000142,0,,legit
txn_000143,0,,legit
txn_000144,0,,legit
txn_000145,0,,legit
txn_000146,0,,legit
txn_000147,0,,legit
txn_000148,0,,legit
txn_000149,0,,legit
txn_000150,0,,legit
txn_000151,0,,legit
txn_000152,0,,legit
txn_000153,0,,legit
txn_000154,0,,legit
txn_000155,0,,legit
txn_000156,0,,legit
txn_000157,0,,legit
txn_000158,0,,legit
txn_000159,0,,legit
txn_000160,0,,legit
txn_000161,0,,legit
txn_000162,0,,legit
txn_000163,0,,legit
txn_000164,0,,legit
txn_000165,0,,legit
txn_000166,0,,legit
txn_000167,0,,legit
txn_000168,0,,legit
txn_000169,0,,legit
txn_000170,0,,legit
txn_000171,0,,legit
txn_000172,0,,legit
txn_000173,0,,legit
txn_000174,0,,legit
txn_000175,0,,legit
txn_000176,0,,legit
txn_000177,0,,legit
txn_000178,0,,legit
txn_000179,0,,legit
txn_000180,0,,legit
txn_000181,0,,legit
txn_000182,0,,legit
txn_000183,0,,legit
txn_000184,0,,legit
txn_000185,0,,legit
txn_000186,0,,legit
txn_000187,0,,legit
txn_000188,0,,legit
txn_000189,0,,legit
txn_000190,0,,legit
txn_000191,0,,legit
txn_000192,0,,legit
txn_000193,0,,legit
txn_000194,0,,legit
txn_000195,0,,legit
txn_000196,0,,legit
txn_000197,0,,legit
txn_000198,0,,legit
txn_000199,0,,legit
txn_000200,0,,legit
txn_000201,0,,legit
txn_000202,0,,legit
txn_000203,0,,legit
txn_000204,0,,legit
txn_000205,0,,legit
txn_000206,0,,legit
txn_000207,0,,legit
txn_000208,0,,legit
txn_000209,0,,legit
txn_000210,0,,legit
txn_000211,0,,legit
txn_000212,0,,legit
txn_000213,0,,legit
txn_000214,0,,legit
txn_000215,0,,legit
txn_000216,0,,legit
txn_000217,0,,legit
txn_000218,0,,legit
txn_000219,0,,legit
txn_000220,0,,legit
txn_000221,0,,legit
txn_000222,0,,legit
txn_000223,0,,legit
txn_000224,0,,legit
txn_000225,0,,legit
txn_000226,0,,legit
txn_000227,0,,legit
txn_000228,0,,legit
txn_000229,0,,legit
txn_000230,0,,legit
txn_000231,0,,legit
txn_000232,0,,legit
txn_000233,0,,legit
txn_000234,0,,legit
txn_000235,0,,legit
txn_000236,0,,legit
txn_000237,0,,legit
txn_000238,0,,legit
txn_000239,0,,legit
txn_000240,0,,legit
txn_000241,0,,legit
txn_000242,0,,legit
txn_000243,0,,legit
txn_000244,0,,legit
txn_000245,0,,legit
txn_000246,0,,legit
txn_000247,0,,legit
txn_000248,0,,legit
txn_000249,0,,legit
txn_000250,0,,legit
txn_000251,0,,legit
txn_000252,0,,legit
txn_000253,0,,legit
txn_000254,0,,legit
txn_000255,0,,legit
txn_000256,0,,legit
txn_000257,0,,legit
txn_000258,0,,legit
txn_000259,0,,legit
txn_000260,0,,legit
txn_000261,0,,legit
txn_000262,0,,legit
txn_000263,0,,legit
txn_000264,0,,legit
txn_000265,0,,legit
txn_000266,0,,legit
txn_000267,0,,legit
txn_000268,0,,legit
txn_000269,0,,legit
txn_000270,0,,legit
txn_000271,0,,legit
txn_000272,0,,legit
txn_000273,0,,legit
txn_000274,0,,legit
txn_000275,0,,legit
txn_000276,0,,legit
txn_000277,0,,legit
txn_000278,0,,legit
txn_000279,0,,legit
txn_000280,0,,legit
txn_000281,0,,legit
txn_000282,0,,legit
txn_000283,0,,legit
txn_000284,0,,legit
txn_000285,0,,legit
txn_000286,0,,legit
txn_000287,0,,legit
txn_000288,0,,legit
txn_000289,0,,legit
txn_000290,0,,legit
txn_000291,0,,legit
txn_000292,0,,legit
txn_000293,0,,legit
txn_000294,0,,legit
txn_000295,0,,legit
txn_000296,0,,legit
txn_000297,0,,legit
txn_000298,0,,legit
txn_000299,0,,legit
txn_000300,0,,legit
txn_000301,0,,legit
txn_000302,0,,legit
txn_000303,0,,legit
txn_000304,0,,legit
txn_000305,0,,legit
txn_000306,0,,legit
txn_000307,0,,legit
txn_000308,0,,legit
txn_000309,0,,legit
txn_000310,0,,legit
txn_000311,0,,legit
txn_000312,0,,legit
txn_000313,0,,legit
txn_000314,0,,legit
txn_000315,0,,legit
txn_000316,0,,legit
txn_000317,0,,legit
txn_000318,0,,legit
txn_000319,0,,legit
txn_000320,0,,legit
txn_000321,0,,legit
txn_000322,0,,legit
txn_000323,0,,legit
txn_000324,0,,legit
txn_000325,0,,legit
txn_000326,0,,legit
txn_000327,0,,legit
txn_000328,0,,legit
txn_000329,0,,legit
txn_000330,0,,legit
txn_000331,0,,legit
txn_000332,0,,legit
txn_000333,0,,legit
txn_000334,0,,legit
txn_000335,0,,legit
txn_000336,0,,legit
txn_000337,0,,legit
txn_000338,0,,legit
txn_000339,0,,legit
txn_000340,0,,legit
txn_000341,0,,legit
txn_000342,0,,legit
txn_000343,0,,legit
txn_000344,0,,legit
txn_000345,0,,legit
txn_000346,0,,legit
txn_000347,0,,legit
txn_000348,0,,legit
txn_000349,0,,legit
txn_000350,0,,legit
txn_000351,0,,legit
txn_000352,0,,legit
txn_000353,0,,legit
txn_000354,0,,legit
txn_000355,0,,legit
txn_000356,0,,legit
txn_000357,0,,legit
txn_000358,0,,legit
txn_000359,0,,legit
txn_000360,0,,legit
txn_000361,0,,legit
txn_000362,0,,legit
txn_000363,0,,legit
txn_000364,0,,legit
txn_000365,0,,legit
txn_000366,0,,legit
txn_000367,0,,legit
txn_000368,0,,legit
txn_000369,0,,legit
txn_000370,0,,legit
txn_000371,0,,legit
txn_000372,0,,legit
txn_000373,0,,legit
txn_000374,0,,legit
txn_000375,0,,legit
txn_000376,0,,legit
txn_000377,0,,legit
txn_000378,0,,legit
txn_000379,0,,legit
txn_000380,0,,legit
txn_000381,0,,legit
txn_000382,0,,legit
txn_000383,0,,legit
txn_000384,0,,legit
txn_000385,0,,legit
txn_000386,0,,legit
txn_000387,0,,legit
txn_000388,0,,legit
txn_000389,0,,legit
txn_000390,0,,legit
txn_000391,0,,legit
txn_000392,0,,legit
txn_000393,0,,legit
txn_000394,0,,legit
txn_000395,0,,legit
txn_000396,0,,legit
txn_000397,0,,legit
txn_000398,0,,legit
txn_000399,0,,legit
txn_000400,0,,legit
txn_000401,0,,legit
txn_000402,0,,legit
txn_000403,0,,legit
txn_000404,0,,legit
txn_000405,0,,legit
txn_000406,0,,legit
txn_000407,0,,legit
txn_000408,0,,legit
txn_000409,0,,legit
txn_000410,0,,legit
txn_000411,0,,legit
txn_000412,0,,legit
txn_000413,0,,legit
txn_000414,0,,legit
txn_000415,0,,legit
txn_000416,0,,legit
txn_000417,0,,legit
txn_000418,0,,legit
txn_000419,0,,legit
txn_000420,0,,legit
txn_000421,0,,legit
txn_000422,0,,legit
txn_000423,0,,legit
txn_000424,0,,legit
txn_000425,0,,legit
txn_000426,0,,legit
txn_000427,0,,legit
txn_000428,0,,legit
txn_000429,0,,legit
txn_000430,0,,legit
txn_000431,0,,legit
txn_000432,0,,legit
txn_000433,0,,legit
txn_000434,0,,legit
txn_000435,0,,legit
txn_000436,0,,legit
txn_000437,0,,legit
txn_000438,0,,legit
txn_000439,0,,legit
txn_000440,0,,legit
txn_000441,0,,legit
txn_000442,0,,legit
txn_000443,0,,legit
txn_000444,0,,legit
txn_000445,0,,legit
txn_000446,0,,legit
txn_000447,0,,legit
txn_000448,0,,legit
txn_000449,0,,legit
txn_000450,0,,legit
txn_000451,0,,legit
txn_000452,0,,legit
txn_000453,0,,legit
txn_000454,0,,legit
txn_000455,0,,legit
txn_000456,0,,legit
txn_000457,0,,legit
txn_000458,0,,legit
txn_000459,0,,legit
txn_000460,0,,legit
txn_000461,0,,legit
txn_000462,0,,legit
txn_000463,0,,legit
txn_000464,0,,legit
txn_000465,0,,legit
txn_000466,0,,legit
txn_000467,0,,legit
txn_000468,0,,legit
txn_000469,0,,legit
txn_000470,0,,legit
txn_000471,0,,legit
txn_000472,0,,legit
txn_000473,0,,legit
txn_000474,0,,legit
txn_000475,0,,legit
txn_000476,0,,legit
txn_000477,0,,legit
txn_000478,0,,legit
txn_000479,0,,legit
txn_000480,0,,legit
txn_000481,0,,legit
txn_000482,0,,legit
txn_000483,0,,legit
txn_000484,0,,legit
txn_000485,0,,legit
txn_000486,0,,legit
txn_000487,0,,legit
txn_000488,0,,legit
txn_000489,0,,legit
txn_000490,0,,legit
txn_000491,0,,legit
txn_000492,0,,legit
txn_000493,0,,legit
txn_000494,0,,legit
txn_000495,0,,legit
txn_000496,0,,legit
txn_000497,0,,legit
txn_000498,0,,legit
txn_000499,0,,legit
txn_000500,0,,legit
txn_000501,0,,legit
txn_000502,0,,legit
txn_000503,0,,legit
txn_000504,0,,legit
txn_000505,0,,legit
txn_000506,0,,legit
txn_000507,0,,legit
txn_000508,0,,legit
txn_000509,0,,legit
txn_000510,0,,legit
txn_000511,0,,legit
txn_000512,0,,legit
txn_000513,0,,legit
txn_000514,0,,legit
txn_000515,0,,legit
txn_000516,0,,legit
txn_000517,0,,legit
txn_000518,0,,legit
txn_000519,0,,legit
txn_000520,0,,legit
txn_000521,0,,legit
txn_000522,0,,legit
txn_000523,0,,legit
txn_000524,0,,legit
txn_000525,0,,legit
txn_000526,0,,legit
txn_000527,0,,legit
txn_000528,0,,legit
txn_000529,0,,legit
txn_000530,0,,legit
txn_000531,0,,legit
txn_000532,0,,legit
txn_000533,0,,legit
txn_000534,0,,legit
txn_000535,0,,legit
txn_000536,0,,legit
txn_000537,0,,legit
txn_000538,0,,legit
txn_000539,0,,legit
txn_000540,0,,legit
txn_000541,0,,legit
txn_000542,0,,legit
txn_000543,0,,legit
txn_000544,0,,legit
txn_000545,0,,legit
txn_000546,0,,legit
txn_000547,0,,legit
txn_000548,0,,legit
txn_000549,0,,legit
txn_000550,0,,legit
txn_000551,0,,legit
txn_000552,0,,legit
txn_000553,0,,legit
txn_000554,0,,legit
txn_000555,0,,legit
txn_000556,0,,legit
txn_000557,0,,legit
txn_000558,0,,legit
txn_000559,0,,legit
txn_000560,0,,legit
txn_000561,0,,legit
txn_000562,0,,legit
txn_000563,0,,legit
txn_000564,0,,legit
txn_000565,0,,legit
txn_000566,0,,legit
txn_000567,0,,hard_neg_festival
txn_000568,0,,hard_neg_festival
txn_000569,0,,hard_neg_festival
txn_000570,0,,hard_neg_festival
txn_000571,0,,hard_neg_festival
txn_000572,0,,hard_neg_festival
txn_000573,0,,hard_neg_festival
txn_000574,0,,hard_neg_festival
txn_000575,0,,hard_neg_festival
txn_000576,0,,hard_neg_festival
txn_000577,0,,hard_neg_festival
txn_000578,0,,hard_neg_festival
txn_000579,0,,hard_neg_festival
txn_000580,0,,hard_neg_festival
txn_000581,0,,hard_neg_festival
txn_000582,0,,hard_neg_festival
txn_000583,0,,hard_neg_festival
txn_000584,0,,hard_neg_festival
txn_000585,0,,hard_neg_festival
txn_000586,0,,hard_neg_festival
txn_000587,0,,hard_neg_festival
txn_000588,0,,hard_neg_festival
txn_000589,0,,hard_neg_festival
txn_000590,0,,hard_neg_festival
txn_000591,0,,hard_neg_festival
txn_000592,0,,hard_neg_festival
txn_000593,0,,hard_neg_festival
txn_000594,0,,hard_neg_festival
txn_000595,0,,hard_neg_festival
txn_000596,0,,hard_neg_festival
txn_000597,0,,hard_neg_festival
txn_000598,0,,hard_neg_festival
txn_000599,0,,hard_neg_festival
txn_000600,0,,hard_neg_festival
txn_000601,0,,hard_neg_festival
txn_000602,0,,hard_neg_festival
txn_000603,0,,hard_neg_festival
txn_000604,0,,legit
txn_000605,0,,legit
txn_000606,0,,legit
txn_000607,0,,legit
txn_000608,0,,legit
txn_000609,0,,legit
txn_000610,0,,legit
txn_000611,0,,legit
txn_000612,0,,legit
txn_000613,0,,legit
txn_000614,0,,legit
txn_000615,0,,legit
txn_000616,0,,legit
txn_000617,0,,legit
txn_000618,0,,legit
txn_000619,0,,legit
txn_000620,0,,legit
txn_000621,0,,legit
txn_000622,0,,legit
txn_000623,0,,legit
txn_000624,0,,legit
txn_000625,0,,legit
txn_000626,0,,legit
txn_000627,0,,legit
txn_000628,0,,legit
txn_000629,0,,legit
txn_000630,0,,legit
txn_000631,0,,legit
txn_000632,0,,legit
txn_000633,0,,legit
txn_000634,0,,legit
txn_000635,0,,legit
txn_000636,0,,legit
txn_000637,0,,legit
txn_000638,0,,legit
txn_000639,0,,legit
txn_000640,0,,legit
txn_000641,0,,legit
txn_000642,0,,legit
txn_000643,0,,legit
txn_000644,0,,legit
txn_000645,0,,legit
txn_000646,0,,legit
txn_000647,0,,legit
txn_000648,0,,legit
txn_000649,0,,legit
txn_000650,0,,legit
txn_000651,0,,legit
txn_000652,0,,legit
txn_000653,0,,legit
txn_000654,0,,legit
txn_000655,0,,legit
txn_000656,0,,legit
txn_000657,0,,legit
txn_000658,0,,legit
txn_000659,0,,legit
txn_000660,0,,legit
txn_000661,0,,legit
txn_000662,0,,legit
txn_000663,0,,legit
txn_000664,0,,legit
txn_000665,0,,legit
txn_000666,0,,legit
txn_000667,0,,legit
txn_000668,0,,legit
txn_000669,0,,legit
txn_000670,0,,legit
txn_000671,0,,legit
txn_000672,0,,legit
txn_000673,0,,legit
txn_000674,0,,legit
txn_000675,0,,legit
txn_000676,0,,legit
txn_000677,0,,legit
txn_000678,0,,legit
txn_000679,0,,legit
txn_000680,0,,legit
txn_000681,0,,legit
txn_000682,0,,legit
txn_000683,0,,legit
txn_000684,0,,legit
txn_000685,0,,legit
txn_000686,0,,legit
txn_000687,0,,legit
txn_000688,0,,legit
txn_000689,0,,legit
txn_000690,0,,legit
txn_000691,0,,legit
txn_000692,0,,legit
txn_000693,0,,legit
txn_000694,0,,legit
txn_000695,0,,legit
txn_000696,0,,legit
txn_000697,0,,legit
txn_000698,0,,legit
txn_000699,0,,legit
txn_000700,0,,legit
txn_000701,0,,legit
txn_000702,0,,legit
txn_000703,0,,legit
txn_000704,0,,legit
txn_000705,0,,legit
txn_000706,0,,legit
txn_000707,0,,legit
txn_000708,0,,legit
txn_000709,0,,legit
txn_000710,0,,legit
txn_000711,0,,legit
txn_000712,0,,legit
txn_000713,0,,legit
txn_000714,0,,legit
txn_000715,0,,legit
txn_000716,0,,legit
txn_000717,0,,legit
txn_000718,0,,legit
txn_000719,0,,legit
txn_000720,0,,legit
txn_000721,0,,legit
txn_000722,0,,legit
txn_000723,0,,legit
txn_000724,0,,legit
txn_000725,0,,legit
txn_000726,0,,legit
txn_000727,0,,legit
txn_000728,0,,legit
txn_000729,0,,legit
txn_000730,0,,legit
txn_000731,0,,legit
txn_000732,0,,legit
txn_000733,0,,legit
txn_000734,0,,legit
txn_000735,0,,legit
txn_000736,0,,legit
txn_000737,0,,legit
txn_000738,0,,legit
txn_000739,0,,legit
txn_000740,0,,legit
txn_000741,0,,legit
txn_000742,0,,legit
txn_000743,0,,legit
txn_000744,0,,legit
txn_000745,0,,legit
txn_000746,0,,legit
txn_000747,0,,legit
txn_000748,0,,legit
txn_000749,0,,legit
txn_000750,0,,legit
txn_000751,0,,legit
txn_000752,0,,legit
txn_000753,0,,legit
txn_000754,0,,legit
txn_000755,0,,legit
txn_000756,0,,legit
txn_000757,0,,legit
txn_000758,0,,legit
txn_000759,0,,legit
txn_000760,0,,legit
txn_000761,0,,legit
txn_000762,0,,legit
txn_000763,0,,legit
txn_000764,0,,legit
txn_000765,0,,legit
txn_000766,0,,legit
txn_000767,0,,legit
txn_000768,0,,legit
txn_000769,0,,legit
txn_000770,0,,legit
txn_000771,0,,legit
txn_000772,0,,legit
txn_000773,0,,legit
txn_000774,0,,legit
txn_000775,0,,legit
txn_000776,0,,legit
txn_000777,0,,legit
txn_000778,0,,legit
txn_000779,0,,legit
txn_000780,0,,legit
txn_000781,0,,legit
txn_000782,0,,legit
txn_000783,0,,legit
txn_000784,0,,legit
txn_000785,0,,legit
txn_000786,0,,legit
txn_000787,0,,legit
txn_000788,0,,legit
txn_000789,0,,legit
txn_000790,0,,legit
txn_000791,0,,legit
txn_000792,0,,legit
txn_000793,0,,legit
txn_000794,0,,legit
txn_000795,0,,legit
txn_000796,0,,legit
txn_000797,0,,legit
txn_000798,0,,legit
txn_000799,0,,legit
txn_000800,0,,legit
txn_000801,0,,legit
txn_000802,0,,legit
txn_000803,0,,legit
txn_000804,0,,legit
txn_000805,0,,legit
txn_000806,0,,legit
txn_000807,0,,legit
txn_000808,0,,legit
txn_000809,0,,legit
txn_000810,0,,legit
txn_000811,0,,legit
txn_000812,0,,legit
txn_000813,0,,legit
txn_000814,0,,legit
txn_000815,0,,legit
txn_000816,0,,legit
txn_000817,0,,legit
txn_000818,0,,legit
txn_000819,0,,legit
txn_000820,0,,legit
txn_000821,0,,legit
txn_000822,0,,legit
txn_000823,0,,legit
txn_000824,0,,legit
txn_000825,0,,legit
txn_000826,0,,legit
txn_000827,0,,legit
txn_000828,0,,legit
txn_000829,0,,legit
txn_000830,0,,legit
txn_000831,0,,legit
txn_000832,0,,legit
txn_000833,0,,legit
txn_000834,0,,legit
txn_000835,0,,legit
txn_000836,0,,legit
txn_000837,0,,legit
txn_000838,0,,legit
txn_000839,0,,legit
txn_000840,0,,legit
txn_000841,0,,legit
txn_000842,0,,legit
txn_000843,0,,legit
txn_000844,0,,legit
txn_000845,0,,legit
txn_000846,0,,legit
txn_000847,0,,legit
txn_000848,0,,legit
txn_000849,0,,legit
txn_000850,0,,legit
txn_000851,0,,legit
txn_000852,0,,legit
txn_000853,0,,legit
txn_000854,0,,legit
txn_000855,0,,legit
txn_000856,0,,legit
txn_000857,0,,legit
txn_000858,0,,legit
txn_000859,0,,legit
txn_000860,0,,legit
txn_000861,0,,legit
txn_000862,0,,legit
txn_000863,0,,legit
txn_000864,0,,legit
txn_000865,0,,legit
txn_000866,0,,legit
txn_000867,0,,legit
txn_000868,0,,legit
txn_000869,0,,legit
txn_000870,0,,legit
txn_000871,0,,legit
txn_000872,0,,legit
txn_000873,0,,legit
txn_000874,0,,legit
txn_000875,0,,legit
txn_000876,0,,legit
txn_000877,0,,legit
txn_000878,0,,legit
txn_000879,0,,legit
txn_000880,0,,legit
txn_000881,0,,legit
txn_000882,0,,legit
txn_000883,0,,legit
txn_000884,0,,legit
txn_000885,0,,legit
txn_000886,0,,legit
txn_000887,0,,legit
txn_000888,0,,legit
txn_000889,0,,legit
txn_000890,0,,legit
txn_000891,0,,legit
txn_000892,0,,legit
txn_000893,0,,legit
txn_000894,0,,legit
txn_000895,0,,legit
txn_000896,0,,legit
txn_000897,0,,legit
txn_000898,0,,legit
txn_000899,0,,legit
txn_000900,0,,legit
txn_000901,0,,legit
txn_000902,0,,legit
txn_000903,0,,legit
txn_000904,0,,legit
txn_000905,0,,legit
txn_000906,0,,legit
txn_000907,0,,legit
txn_000908,0,,legit
txn_000909,0,,legit
txn_000910,0,,legit
txn_000911,0,,legit
txn_000912,0,,legit
txn_000913,0,,legit
txn_000914,0,,legit
txn_000915,0,,legit
txn_000916,0,,legit
txn_000917,0,,legit
txn_000918,0,,legit
txn_000919,0,,legit
txn_000920,0,,legit
txn_000921,0,,legit
txn_000922,0,,legit
txn_000923,0,,legit
txn_000924,0,,legit
txn_000925,0,,legit
txn_000926,0,,legit
txn_000927,0,,legit
txn_000928,0,,legit
txn_000929,0,,legit
txn_000930,0,,legit
txn_000931,0,,legit
txn_000932,0,,legit
txn_000933,0,,legit
txn_000934,0,,legit
txn_000935,0,,legit
txn_000936,0,,legit
txn_000937,0,,legit
txn_000938,0,,legit
txn_000939,0,,legit
txn_000940,0,,legit
txn_000941,0,,legit
txn_000942,0,,legit
txn_000943,0,,legit
txn_000944,0,,legit
txn_000945,0,,legit
txn_000946,0,,legit
txn_000947,0,,legit
txn_000948,0,,legit
txn_000949,0,,legit
txn_000950,0,,legit
txn_000951,0,,legit
txn_000952,0,,legit
txn_000953,0,,legit
txn_000954,0,,legit
txn_000955,0,,legit
txn_000956,0,,legit
txn_000957,0,,legit
txn_000958,0,,legit
txn_000959,0,,legit
txn_000960,0,,legit
txn_000961,0,,legit
txn_000962,0,,legit
txn_000963,0,,legit
txn_000964,0,,legit
txn_000965,0,,legit
txn_000966,0,,legit
txn_000967,0,,legit
txn_000968,0,,legit
txn_000969,0,,legit
txn_000970,0,,legit
txn_000971,0,,legit
txn_000972,0,,legit
txn_000973,0,,legit
txn_000974,0,,legit
txn_000975,0,,legit
txn_000976,0,,legit
txn_000977,0,,legit
txn_000978,0,,legit
txn_000979,0,,legit
txn_000980,0,,legit
txn_000981,0,,legit
txn_000982,0,,legit
txn_000983,0,,legit
txn_000984,0,,legit
txn_000985,0,,legit
txn_000986,0,,legit
txn_000987,0,,legit
txn_000988,0,,legit
txn_000989,0,,legit
txn_000990,0,,legit
txn_000991,0,,legit
txn_000992,0,,legit
txn_000993,0,,legit
txn_000994,0,,legit
txn_000995,0,,legit
txn_000996,0,,legit
txn_000997,0,,legit
txn_000998,0,,legit
txn_000999,0,,legit
txn_001000,0,,legit
txn_001001,0,,legit
txn_001002,0,,legit
txn_001003,0,,legit
txn_001004,0,,legit
txn_001005,0,,legit
txn_001006,0,,legit
txn_001007,0,,legit
txn_001008,0,,legit
txn_001009,0,,legit
txn_001010,0,,legit
txn_001011,0,,legit
txn_001012,0,,legit
txn_001013,0,,legit
txn_001014,0,,legit
txn_001015,0,,legit
txn_001016,0,,legit
txn_001017,0,,legit
txn_001018,0,,legit
txn_001019,0,,legit
txn_001020,0,,legit
txn_001021,0,,legit
txn_001022,0,,legit
txn_001023,0,,legit
txn_001024,0,,legit
txn_001025,0,,legit
txn_001026,0,,legit
txn_001027,0,,legit
txn_001028,0,,legit
txn_001029,0,,legit
txn_001030,0,,legit
txn_001031,0,,legit
txn_001032,0,,legit
txn_001033,0,,legit
txn_001034,0,,legit
txn_001035,0,,legit
txn_001036,0,,legit
txn_001037,0,,legit
txn_001038,0,,legit
txn_001039,0,,legit
txn_001040,0,,legit
txn_001041,0,,legit
txn_001042,0,,legit
txn_001043,0,,legit
txn_001044,0,,legit
txn_001045,0,,legit
txn_001046,0,,legit
txn_001047,0,,legit
txn_001048,0,,legit
txn_001049,0,,legit
txn_001050,0,,legit
txn_001051,0,,legit
txn_001052,0,,legit
txn_001053,0,,legit
txn_001054,0,,legit
txn_001055,0,,legit
txn_001056,0,,legit
txn_001057,0,,legit
txn_001058,0,,legit
txn_001059,0,,legit
txn_001060,0,,legit
txn_001061,0,,legit
txn_001062,0,,legit
txn_001063,0,,legit
txn_001064,0,,legit
txn_001065,0,,legit
txn_001066,0,,legit
txn_001067,0,,legit
txn_001068,0,,legit
txn_001069,0,,legit
txn_001070,0,,legit
txn_001071,0,,legit
txn_001072,0,,legit
txn_001073,0,,legit
txn_001074,0,,legit
txn_001075,0,,legit
txn_001076,0,,legit
txn_001077,0,,legit
txn_001078,0,,legit
txn_001079,0,,legit
txn_001080,0,,legit
txn_001081,0,,legit
txn_001082,0,,legit
txn_001083,0,,legit
txn_001084,0,,legit
txn_001085,0,,legit
txn_001086,0,,legit
txn_001087,0,,legit
txn_001088,0,,legit
txn_001089,0,,legit
txn_001090,0,,legit
txn_001091,0,,legit
txn_001092,0,,legit
txn_001093,0,,legit
txn_001094,0,,legit
txn_001095,0,,legit
txn_001096,0,,legit
txn_001097,0,,legit
txn_001098,0,,legit
txn_001099,0,,legit
txn_001100,0,,legit
txn_001101,0,,legit
txn_001102,0,,legit
txn_001103,0,,legit
txn_001104,0,,legit
txn_001105,0,,legit
txn_001106,0,,legit
txn_001107,0,,legit
txn_001108,0,,legit
txn_001109,0,,legit
txn_001110,0,,legit
txn_001111,0,,legit
txn_001112,0,,legit
txn_001113,0,,legit
txn_001114,0,,legit
txn_001115,0,,legit
txn_001116,0,,legit
txn_001117,0,,legit
txn_001118,0,,legit
txn_001119,0,,legit
txn_001120,0,,legit
txn_001121,0,,legit
txn_001122,0,,legit
txn_001123,0,,legit
txn_001124,0,,legit
txn_001125,0,,legit
txn_001126,0,,legit
txn_001127,0,,legit
txn_001128,0,,legit
txn_001129,0,,legit
txn_001130,0,,legit
txn_001131,0,,legit
txn_001132,0,,legit
txn_001133,0,,legit
txn_001134,0,,legit
txn_001135,0,,legit
txn_001136,0,,legit
txn_001137,0,,legit
txn_001138,0,,legit
txn_001139,0,,legit
txn_001140,0,,legit
txn_001141,0,,legit
txn_001142,0,,legit
txn_001143,0,,legit
txn_001144,0,,legit
txn_001145,0,,legit
txn_001146,0,,legit
txn_001147,0,,legit
txn_001148,0,,legit
txn_001149,0,,legit
txn_001150,0,,legit
txn_001151,0,,legit
txn_001152,0,,legit
txn_001153,0,,legit
txn_001154,0,,legit
txn_001155,0,,legit
txn_001156,0,,legit
txn_001157,0,,legit
txn_001158,0,,legit
txn_001159,0,,legit
txn_001160,0,,legit
txn_001161,0,,legit
txn_001162,0,,legit
txn_001163,0,,legit
txn_001164,0,,legit
txn_001165,0,,legit
txn_001166,0,,legit
txn_001167,0,,legit
txn_001168,0,,legit
txn_001169,0,,legit
txn_001170,0,,legit
txn_001171,0,,legit
txn_001172,0,,legit
txn_001173,0,,legit
txn_001174,0,,legit
txn_001175,0,,legit
txn_001176,0,,legit
txn_001177,0,,legit
txn_001178,0,,legit
txn_001179,0,,legit
txn_001180,0,,legit
txn_001181,0,,legit
txn_001182,0,,legit
txn_001183,0,,legit
txn_001184,0,,legit
txn_001185,0,,legit
txn_001186,0,,legit
txn_001187,0,,legit
txn_001188,0,,legit
txn_001189,0,,legit
txn_001190,0,,legit
txn_001191,0,,legit
txn_001192,0,,legit
txn_001193,0,,legit
txn_001194,0,,legit
txn_001195,0,,legit
txn_001196,0,,legit
txn_001197,0,,legit
txn_001198,0,,legit
txn_001199,0,,legit
txn_001200,0,,legit
txn_001201,0,,legit
txn_001202,0,,legit
txn_001203,0,,legit
txn_001204,0,,legit
txn_001205,0,,legit
txn_001206,0,,legit
txn_001207,0,,legit
txn_001208,0,,legit
txn_001209,0,,legit
txn_001210,0,,legit
txn_001211,0,,legit
txn_001212,0,,legit
txn_001213,0,,legit
txn_001214,0,,legit
txn_001215,0,,legit
txn_001216,0,,legit
txn_001217,0,,legit
txn_001218,0,,legit
txn_001219,0,,legit
txn_001220,0,,legit
txn_001221,0,,legit
txn_001222,0,,legit
txn_001223,0,,legit
txn_001224,0,,legit
txn_001225,0,,legit
txn_001226,0,,legit
txn_001227,0,,legit
txn_001228,0,,legit
txn_001229,0,,legit
txn_001230,0,,legit
txn_001231,0,,legit
txn_001232,0,,legit
txn_001233,0,,legit
txn_001234,0,,legit
txn_001235,0,,legit
txn_001236,0,,legit
txn_001237,0,,legit
txn_001238,0,,legit
txn_001239,0,,legit
txn_001240,0,,legit
txn_001241,0,,legit
txn_001242,0,,legit
txn_001243,0,,legit
txn_001244,0,,legit
txn_001245,0,,legit
txn_001246,0,,legit
txn_001247,0,,legit
txn_001248,0,,legit
txn_001249,0,,legit
txn_001250,0,,legit
txn_001251,0,,legit
txn_001252,0,,legit
txn_001253,0,,legit
txn_001254,0,,legit
txn_001255,0,,legit
txn_001256,0,,legit
txn_001257,0,,legit
txn_001258,0,,legit
txn_001259,0,,legit
txn_001260,0,,legit
txn_001261,0,,legit
txn_001262,0,,legit
txn_001263,0,,legit
txn_001264,0,,legit
txn_001265,0,,legit
txn_001266,0,,legit
txn_001267,0,,legit
txn_001268,0,,legit
txn_001269,0,,legit
txn_001270,0,,legit
txn_001271,0,,legit
txn_001272,0,,legit
txn_001273,0,,legit
txn_001274,0,,legit
txn_001275,0,,legit
txn_001276,0,,legit
txn_001277,0,,legit
txn_001278,0,,legit
txn_001279,0,,legit
txn_001280,0,,legit
txn_001281,0,,legit
txn_001282,0,,legit
txn_001283,0,,legit
txn_001284,0,,legit
txn_001285,0,,legit
txn_001286,0,,legit
txn_001287,0,,legit
txn_001288,0,,legit
txn_001289,0,,legit
txn_001290,0,,legit
txn_001291,0,,legit
txn_001292,0,,legit
txn_001293,0,,legit
txn_001294,0,,legit
txn_001295,0,,legit
txn_001296,0,,legit
txn_001297,0,,legit
txn_001298,0,,legit
txn_001299,0,,legit
txn_001300,0,,legit
txn_001301,0,,legit
txn_001302,0,,legit
txn_001303,0,,legit
txn_001304,0,,legit
txn_001305,0,,legit
txn_001306,0,,legit
txn_001307,0,,legit
txn_001308,0,,legit
txn_001309,0,,legit
txn_001310,0,,legit
txn_001311,0,,legit
txn_001312,0,,legit
txn_001313,0,,legit
txn_001314,0,,legit
txn_001315,0,,legit
txn_001316,0,,legit
txn_001317,0,,legit
txn_001318,0,,legit
txn_001319,0,,legit
txn_001320,0,,legit
txn_001321,0,,legit
txn_001322,0,,legit
txn_001323,0,,legit
txn_001324,0,,legit
txn_001325,0,,legit
txn_001326,0,,legit
txn_001327,0,,legit
txn_001328,0,,legit
txn_001329,0,,legit
txn_001330,0,,legit
txn_001331,0,,legit
txn_001332,0,,legit
txn_001333,0,,legit
txn_001334,0,,legit
txn_001335,0,,legit
txn_001336,0,,legit
txn_001337,0,,legit
txn_001338,0,,legit
txn_001339,0,,hard_neg_supplier
txn_001340,0,,hard_neg_supplier
txn_001341,0,,hard_neg_supplier
txn_001342,0,,hard_neg_supplier
txn_001343,0,,hard_neg_supplier
txn_001344,0,,hard_neg_supplier
txn_001345,0,,hard_neg_supplier
txn_001346,0,,hard_neg_supplier
txn_001347,0,,hard_neg_supplier
txn_001348,0,,hard_neg_supplier
txn_001349,0,,hard_neg_supplier
txn_001350,0,,hard_neg_supplier
txn_001351,0,,hard_neg_supplier
txn_001352,0,,hard_neg_supplier
txn_001353,0,,hard_neg_supplier
txn_001354,0,,hard_neg_supplier
txn_001355,0,,hard_neg_supplier
txn_001356,0,,hard_neg_supplier
txn_001357,0,,hard_neg_supplier
txn_001358,0,,hard_neg_supplier
txn_001359,0,,hard_neg_supplier
txn_001360,0,,hard_neg_supplier
txn_001361,0,,hard_neg_supplier
txn_001362,0,,hard_neg_supplier
txn_001363,0,,hard_neg_supplier
txn_001364,0,,hard_neg_supplier
txn_001365,0,,hard_neg_supplier
txn_001366,0,,hard_neg_supplier
txn_001367,0,,hard_neg_supplier
txn_001368,0,,hard_neg_supplier
txn_001369,0,,hard_neg_supplier
txn_001370,0,,hard_neg_supplier
txn_001371,0,,hard_neg_supplier
txn_001372,0,,hard_neg_supplier
txn_001373,0,,hard_neg_supplier
txn_001374,0,,hard_neg_supplier
txn_001375,0,,hard_neg_supplier
txn_001376,0,,hard_neg_supplier
txn_001377,0,,hard_neg_supplier
txn_001378,0,,legit
txn_001379,0,,legit
txn_001380,0,,legit
txn_001381,0,,legit
txn_001382,0,,legit
txn_001383,0,,legit
txn_001384,0,,legit
txn_001385,0,,legit
txn_001386,0,,legit
txn_001387,0,,legit
txn_001388,0,,legit
txn_001389,0,,legit
txn_001390,0,,legit
txn_001391,0,,legit
txn_001392,0,,legit
txn_001393,0,,legit
txn_001394,0,,legit
txn_001395,0,,legit
txn_001396,0,,legit
txn_001397,0,,legit
txn_001398,0,,legit
txn_001399,0,,legit
txn_001400,0,,legit
txn_001401,0,,legit
txn_001402,0,,legit
txn_001403,0,,legit
txn_001404,0,,legit
txn_001405,0,,legit
txn_001406,0,,legit
txn_001407,0,,legit
txn_001408,0,,legit
txn_001409,0,,legit
txn_001410,0,,legit
txn_001411,0,,legit
txn_001412,0,,legit
txn_001413,0,,legit
txn_001414,0,,legit
txn_001415,0,,legit
txn_001416,0,,legit
txn_001417,0,,legit
txn_001418,0,,legit
txn_001419,0,,legit
txn_001420,0,,legit
txn_001421,0,,legit
txn_001422,0,,legit
txn_001423,0,,legit
txn_001424,0,,legit
txn_001425,0,,legit
txn_001426,0,,legit
txn_001427,0,,legit
txn_001428,0,,legit
txn_001429,0,,legit
txn_001430,0,,legit
txn_001431,0,,legit
txn_001432,0,,legit
txn_001433,0,,legit
txn_001434,0,,legit
txn_001435,0,,legit
txn_001436,0,,legit
txn_001437,0,,legit
txn_001438,0,,legit
txn_001439,0,,legit
txn_001440,0,,legit
txn_001441,0,,legit
txn_001442,0,,legit
txn_001443,0,,legit
txn_001444,0,,legit
txn_001445,0,,legit
txn_001446,0,,legit
txn_001447,0,,legit
txn_001448,0,,legit
txn_001449,0,,legit
txn_001450,0,,legit
txn_001451,0,,legit
txn_001452,0,,legit
txn_001453,0,,legit
txn_001454,0,,legit
txn_001455,0,,legit
txn_001456,0,,legit
txn_001457,0,,legit
txn_001458,0,,legit
txn_001459,0,,legit
txn_001460,0,,legit
txn_001461,0,,legit
txn_001462,0,,legit
txn_001463,0,,legit
txn_001464,0,,legit
txn_001465,0,,legit
txn_001466,0,,legit
txn_001467,0,,legit
txn_001468,0,,legit
txn_001469,0,,legit
txn_001470,0,,legit
txn_001471,0,,legit
txn_001472,0,,legit
txn_001473,0,,legit
txn_001474,0,,legit
txn_001475,0,,legit
txn_001476,0,,legit
txn_001477,0,,legit
txn_001478,0,,legit
txn_001479,0,,legit
txn_001480,0,,legit
txn_001481,0,,legit
txn_001482,0,,legit
txn_001483,0,,legit
txn_001484,0,,legit
txn_001485,0,,legit
txn_001486,0,,legit
txn_001487,0,,legit
txn_001488,0,,legit
txn_001489,0,,legit
txn_001490,0,,legit
txn_001491,0,,legit
txn_001492,0,,legit
txn_001493,0,,legit
txn_001494,0,,legit
txn_001495,0,,legit
txn_001496,0,,legit
txn_001497,0,,legit
txn_001498,0,,legit
txn_001499,0,,legit
txn_001500,0,,legit
txn_001501,0,,legit
txn_001502,0,,legit
txn_001503,0,,legit
txn_001504,0,,legit
txn_001505,0,,legit
txn_001506,0,,legit
txn_001507,0,,legit
txn_001508,0,,legit
txn_001509,0,,legit
txn_001510,0,,legit
txn_001511,0,,legit
txn_001512,0,,legit
txn_001513,0,,legit
txn_001514,0,,legit
txn_001515,0,,legit
txn_001516,0,,legit
txn_001517,0,,legit
txn_001518,0,,legit
txn_001519,0,,legit
txn_001520,0,,legit
txn_001521,0,,legit
txn_001522,0,,legit
txn_001523,0,,legit
txn_001524,0,,legit
txn_001525,0,,legit
txn_001526,0,,legit
txn_001527,0,,legit
txn_001528,0,,legit
txn_001529,0,,legit
txn_001530,0,,legit
txn_001531,0,,legit
txn_001532,0,,legit
txn_001533,0,,legit
txn_001534,0,,legit
txn_001535,0,,legit
txn_001536,0,,legit
txn_001537,0,,legit
txn_001538,0,,legit
txn_001539,0,,legit
txn_001540,0,,legit
txn_001541,0,,legit
txn_001542,0,,legit
txn_001543,0,,legit
txn_001544,0,,legit
txn_001545,0,,legit
txn_001546,0,,legit
txn_001547,0,,legit
txn_001548,0,,legit
txn_001549,0,,legit
txn_001550,0,,legit
txn_001551,0,,legit
txn_001552,0,,legit
txn_001553,0,,legit
txn_001554,0,,legit
txn_001555,0,,legit
txn_001556,0,,legit
txn_001557,0,,hard_neg_festival
txn_001558,0,,hard_neg_festival
txn_001559,0,,hard_neg_festival
txn_001560,0,,hard_neg_festival
txn_001561,0,,hard_neg_festival
txn_001562,0,,hard_neg_festival
txn_001563,0,,hard_neg_festival
txn_001564,0,,hard_neg_festival
txn_001565,0,,hard_neg_festival
txn_001566,0,,hard_neg_festival
txn_001567,0,,hard_neg_festival
txn_001568,0,,hard_neg_festival
txn_001569,0,,hard_neg_festival
txn_001570,0,,hard_neg_festival
txn_001571,0,,hard_neg_festival
txn_001572,0,,hard_neg_festival
txn_001573,0,,hard_neg_festival
txn_001574,0,,hard_neg_festival
txn_001575,0,,hard_neg_festival
txn_001576,0,,hard_neg_festival
txn_001577,0,,hard_neg_festival
txn_001578,0,,hard_neg_festival
txn_001579,0,,hard_neg_festival
txn_001580,0,,hard_neg_festival
txn_001581,0,,hard_neg_festival
txn_001582,0,,hard_neg_festival
txn_001583,0,,hard_neg_festival
txn_001584,0,,hard_neg_festival
txn_001585,0,,hard_neg_festival
txn_001586,0,,hard_neg_festival
txn_001587,0,,hard_neg_festival
txn_001588,0,,hard_neg_festival
txn_001589,0,,hard_neg_festival
txn_001590,0,,hard_neg_festival
txn_001591,0,,hard_neg_festival
txn_001592,0,,legit
txn_001593,0,,legit
txn_001594,0,,legit
txn_001595,0,,legit
txn_001596,0,,legit
txn_001597,0,,legit
txn_001598,0,,legit
txn_001599,0,,legit
txn_001600,0,,legit
txn_001601,0,,legit
txn_001602,0,,legit
txn_001603,0,,legit
txn_001604,0,,legit
txn_001605,0,,legit
txn_001606,0,,legit
txn_001607,0,,legit
txn_001608,0,,legit
txn_001609,0,,legit
txn_001610,0,,legit
txn_001611,0,,legit
txn_001612,0,,legit
txn_001613,0,,legit
txn_001614,0,,legit
txn_001615,0,,legit
txn_001616,0,,legit
txn_001617,0,,legit
txn_001618,0,,legit
txn_001619,0,,legit
txn_001620,0,,legit
txn_001621,0,,legit
txn_001622,0,,legit
txn_001623,0,,legit
txn_001624,0,,legit
txn_001625,0,,legit
txn_001626,0,,legit
txn_001627,0,,legit
txn_001628,0,,legit
txn_001629,0,,legit
txn_001630,0,,legit
txn_001631,0,,legit
txn_001632,0,,legit
txn_001633,0,,legit
txn_001634,0,,legit
txn_001635,0,,legit
txn_001636,0,,legit
txn_001637,0,,legit
txn_001638,0,,legit
txn_001639,0,,legit
txn_001640,0,,legit
txn_001641,0,,legit
txn_001642,0,,legit
txn_001643,0,,legit
txn_001644,0,,legit
txn_001645,0,,legit
txn_001646,0,,legit
txn_001647,0,,legit
txn_001648,0,,legit
txn_001649,0,,legit
txn_001650,0,,legit
txn_001651,0,,legit
txn_001652,0,,legit
txn_001653,0,,legit
txn_001654,0,,legit
txn_001655,0,,legit
txn_001656,0,,legit
txn_001657,0,,legit
txn_001658,0,,legit
txn_001659,0,,legit
txn_001660,0,,legit
txn_001661,0,,legit
txn_001662,0,,legit
txn_001663,0,,legit
txn_001664,0,,legit
txn_001665,0,,legit
txn_001666,0,,legit
txn_001667,0,,legit
txn_001668,0,,legit
txn_001669,0,,legit
txn_001670,0,,legit
txn_001671,0,,legit
txn_001672,0,,legit
txn_001673,0,,legit
txn_001674,0,,legit
txn_001675,0,,legit
txn_001676,0,,legit
txn_001677,0,,legit
txn_001678,0,,legit
txn_001679,0,,legit
txn_001680,0,,legit
txn_001681,0,,legit
txn_001682,0,,legit
txn_001683,0,,legit
txn_001684,0,,legit
txn_001685,0,,legit
txn_001686,0,,legit
txn_001687,0,,legit
txn_001688,0,,legit
txn_001689,0,,legit
txn_001690,0,,legit
txn_001691,0,,legit
txn_001692,0,,legit
txn_001693,0,,legit
txn_001694,0,,legit
txn_001695,0,,legit
txn_001696,0,,legit
txn_001697,0,,legit
txn_001698,0,,legit
txn_001699,0,,legit
txn_001700,0,,legit
txn_001701,0,,legit
txn_001702,0,,legit
txn_001703,0,,legit
txn_001704,0,,legit
txn_001705,0,,legit
txn_001706,0,,legit
txn_001707,0,,legit
txn_001708,0,,legit
txn_001709,0,,legit
txn_001710,0,,legit
txn_001711,0,,legit
txn_001712,0,,legit
txn_001713,0,,legit
txn_001714,0,,legit
txn_001715,0,,legit
txn_001716,0,,legit
txn_001717,0,,legit
txn_001718,0,,legit
txn_001719,0,,legit
txn_001720,0,,legit
txn_001721,0,,legit
txn_001722,0,,legit
txn_001723,0,,legit
txn_001724,0,,legit
txn_001725,0,,legit
txn_001726,0,,legit
txn_001727,0,,legit
txn_001728,0,,legit
txn_001729,0,,legit
txn_001730,0,,legit
txn_001731,0,,legit
txn_001732,0,,legit
txn_001733,0,,legit
txn_001734,0,,legit
txn_001735,0,,legit
txn_001736,0,,legit
txn_001737,0,,legit
txn_001738,0,,legit
txn_001739,0,,legit
txn_001740,0,,legit
txn_001741,0,,legit
txn_001742,0,,legit
txn_001743,0,,legit
txn_001744,0,,legit
txn_001745,0,,legit
txn_001746,0,,legit
txn_001747,0,,legit
txn_001748,0,,legit
txn_001749,0,,legit
txn_001750,0,,legit
txn_001751,0,,legit
txn_001752,0,,legit
txn_001753,0,,legit
txn_001754,0,,legit
txn_001755,0,,legit
txn_001756,0,,legit
txn_001757,0,,legit
txn_001758,0,,legit
txn_001759,0,,legit
txn_001760,0,,legit
txn_001761,0,,legit
txn_001762,0,,legit
txn_001763,0,,legit
txn_001764,0,,legit
txn_001765,0,,legit
txn_001766,0,,legit
txn_001767,0,,legit
txn_001768,0,,legit
txn_001769,0,,legit
txn_001770,0,,legit
txn_001771,0,,legit
txn_001772,0,,legit
txn_001773,0,,legit
txn_001774,0,,legit
txn_001775,0,,legit
txn_001776,0,,legit
txn_001777,0,,legit
txn_001778,0,,legit
txn_001779,0,,legit
txn_001780,0,,legit
txn_001781,0,,legit
txn_001782,0,,legit
txn_001783,0,,legit
txn_001784,0,,legit
txn_001785,0,,legit
txn_001786,0,,legit
txn_001787,0,,legit
txn_001788,0,,legit
txn_001789,0,,legit
txn_001790,0,,legit
txn_001791,0,,legit
txn_001792,0,,legit
txn_001793,0,,legit
txn_001794,0,,legit
txn_001795,0,,legit
txn_001796,0,,legit
txn_001797,0,,legit
txn_001798,0,,legit
txn_001799,0,,legit
txn_001800,0,,legit
txn_001801,0,,legit
txn_001802,0,,legit
txn_001803,0,,legit
txn_001804,0,,legit
txn_001805,0,,legit
txn_001806,0,,legit
txn_001807,0,,legit
txn_001808,0,,legit
txn_001809,0,,legit
txn_001810,0,,legit
txn_001811,0,,legit
txn_001812,0,,legit
txn_001813,0,,legit
txn_001814,0,,legit
txn_001815,0,,legit
txn_001816,0,,legit
txn_001817,0,,legit
txn_001818,0,,legit
txn_001819,0,,legit
txn_001820,0,,legit
txn_001821,0,,legit
txn_001822,0,,legit
txn_001823,0,,legit
txn_001824,0,,legit
txn_001825,0,,legit
txn_001826,0,,legit
txn_001827,0,,legit
txn_001828,0,,legit
txn_001829,0,,legit
txn_001830,0,,legit
txn_001831,0,,legit
txn_001832,0,,legit
txn_001833,0,,legit
txn_001834,0,,legit
txn_001835,0,,legit
txn_001836,0,,legit
txn_001837,0,,legit
txn_001838,0,,legit
txn_001839,0,,legit
txn_001840,0,,legit
txn_001841,0,,legit
txn_001842,0,,legit
txn_001843,0,,legit
txn_001844,0,,legit
txn_001845,0,,legit
txn_001846,0,,legit
txn_001847,0,,legit
txn_001848,0,,legit
txn_001849,0,,legit
txn_001850,0,,legit
txn_001851,0,,legit
txn_001852,0,,legit
txn_001853,0,,legit
txn_001854,0,,legit
txn_001855,0,,legit
txn_001856,0,,legit
txn_001857,0,,legit
txn_001858,0,,legit
txn_001859,0,,legit
txn_001860,0,,legit
txn_001861,0,,legit
txn_001862,0,,legit
txn_001863,0,,legit
txn_001864,0,,legit
txn_001865,0,,legit
txn_001866,0,,legit
txn_001867,0,,legit
txn_001868,0,,legit
txn_001869,0,,legit
txn_001870,0,,legit
txn_001871,0,,legit
txn_001872,0,,legit
txn_001873,0,,legit
txn_001874,0,,legit
txn_001875,0,,legit
txn_001876,0,,legit
txn_001877,0,,legit
txn_001878,0,,legit
txn_001879,0,,legit
txn_001880,0,,legit
txn_001881,0,,legit
txn_001882,0,,legit
txn_001883,0,,legit
txn_001884,0,,legit
txn_001885,0,,legit
txn_001886,0,,legit
txn_001887,0,,legit
txn_001888,0,,legit
txn_001889,0,,legit
txn_001890,0,,legit
txn_001891,0,,legit
txn_001892,0,,legit
txn_001893,0,,legit
txn_001894,0,,legit
txn_001895,0,,legit
txn_001896,0,,legit
txn_001897,0,,legit
txn_001898,0,,legit
txn_001899,0,,legit
txn_001900,0,,legit
txn_001901,0,,legit
txn_001902,0,,legit
txn_001903,0,,legit
txn_001904,0,,legit
txn_001905,0,,legit
txn_001906,0,,legit
txn_001907,0,,legit
txn_001908,0,,legit
txn_001909,0,,legit
txn_001910,0,,legit
txn_001911,0,,legit
txn_001912,0,,legit
txn_001913,0,,legit
txn_001914,0,,legit
txn_001915,0,,legit
txn_001916,0,,legit
txn_001917,0,,legit
txn_001918,0,,legit
txn_001919,0,,legit
txn_001920,0,,legit
txn_001921,0,,legit
txn_001922,0,,legit
txn_001923,0,,legit
txn_001924,0,,legit
txn_001925,0,,legit
txn_001926,0,,legit
txn_001927,0,,legit
txn_001928,0,,legit
txn_001929,0,,legit
txn_001930,0,,legit
txn_001931,0,,legit
txn_001932,0,,legit
txn_001933,0,,legit
txn_001934,0,,legit
txn_001935,0,,legit
txn_001936,0,,legit
txn_001937,0,,legit
txn_001938,0,,legit
txn_001939,0,,legit
txn_001940,0,,legit
txn_001941,0,,legit
txn_001942,0,,legit
txn_001943,0,,legit
txn_001944,0,,legit
txn_001945,0,,legit
txn_001946,0,,legit
txn_001947,0,,legit
txn_001948,0,,legit
txn_001949,0,,legit
txn_001950,0,,legit
txn_001951,0,,legit
txn_001952,0,,legit
txn_001953,0,,legit
txn_001954,0,,legit
txn_001955,0,,legit
txn_001956,0,,legit
txn_001957,0,,legit
txn_001958,0,,legit
txn_001959,0,,legit
txn_001960,0,,legit
txn_001961,0,,legit
txn_001962,0,,legit
txn_001963,0,,legit
txn_001964,0,,legit
txn_001965,0,,legit
txn_001966,0,,legit
txn_001967,0,,legit
txn_001968,0,,legit
txn_001969,0,,legit
txn_001970,0,,legit
txn_001971,0,,legit
txn_001972,0,,legit
txn_001973,0,,legit
txn_001974,0,,legit
txn_001975,0,,legit
txn_001976,0,,legit
txn_001977,0,,legit
txn_001978,0,,legit
txn_001979,0,,legit
txn_001980,0,,legit
txn_001981,0,,legit
txn_001982,0,,legit
txn_001983,0,,legit
txn_001984,0,,legit
txn_001985,0,,legit
txn_001986,0,,legit
txn_001987,0,,legit
txn_001988,0,,legit
txn_001989,0,,legit
txn_001990,0,,legit
txn_001991,0,,legit
txn_001992,0,,legit
txn_001993,0,,legit
txn_001994,0,,legit
txn_001995,0,,legit
txn_001996,0,,legit
txn_001997,0,,legit
txn_001998,0,,legit
txn_001999,0,,legit
txn_002000,0,,legit
txn_002001,0,,legit
txn_002002,0,,legit
txn_002003,0,,legit
txn_002004,0,,legit
txn_002005,0,,legit
txn_002006,0,,legit
txn_002007,0,,legit
txn_002008,0,,legit
txn_002009,0,,legit
txn_002010,0,,legit
txn_002011,0,,legit
txn_002012,0,,legit
txn_002013,0,,legit
txn_002014,0,,legit
txn_002015,0,,legit
txn_002016,0,,legit
txn_002017,0,,legit
txn_002018,0,,legit
txn_002019,0,,legit
txn_002020,0,,legit
txn_002021,0,,legit
txn_002022,0,,legit
txn_002023,0,,legit
txn_002024,0,,legit
txn_002025,0,,legit
txn_002026,0,,legit
txn_002027,0,,legit
txn_002028,0,,legit
txn_002029,0,,legit
txn_002030,0,,legit
txn_002031,0,,legit
txn_002032,0,,legit
txn_002033,0,,legit
txn_002034,0,,legit
txn_002035,0,,legit
txn_002036,0,,legit
txn_002037,0,,legit
txn_002038,0,,legit
txn_002039,0,,legit
txn_002040,0,,legit
txn_002041,0,,legit
txn_002042,0,,legit
txn_002043,0,,legit
txn_002044,0,,legit
txn_002045,0,,legit
txn_002046,0,,legit
txn_002047,0,,legit
txn_002048,0,,legit
txn_002049,0,,legit
txn_002050,0,,legit
txn_002051,0,,legit
txn_002052,0,,legit
txn_002053,0,,legit
txn_002054,0,,legit
txn_002055,0,,legit
txn_002056,0,,legit
txn_002057,0,,legit
txn_002058,0,,legit
txn_002059,0,,legit
txn_002060,0,,legit
txn_002061,0,,legit
txn_002062,0,,legit
txn_002063,0,,legit
txn_002064,0,,legit
txn_002065,0,,legit
txn_002066,0,,legit
txn_002067,0,,legit
txn_002068,0,,legit
txn_002069,0,,legit
txn_002070,0,,legit
txn_002071,0,,legit
txn_002072,0,,legit
txn_002073,0,,legit
txn_002074,0,,legit
txn_002075,0,,legit
txn_002076,0,,legit
txn_002077,0,,legit
txn_002078,0,,legit
txn_002079,0,,legit
txn_002080,0,,legit
txn_002081,0,,legit
txn_002082,0,,legit
txn_002083,0,,legit
txn_002084,0,,legit
txn_002085,0,,legit
txn_002086,0,,legit
txn_002087,0,,legit
txn_002088,0,,legit
txn_002089,0,,legit
txn_002090,0,,legit
txn_002091,0,,legit
txn_002092,0,,legit
txn_002093,0,,legit
txn_002094,0,,legit
txn_002095,0,,legit
txn_002096,0,,legit
txn_002097,0,,legit
txn_002098,0,,legit
txn_002099,0,,legit
txn_002100,0,,legit
txn_002101,0,,legit
txn_002102,0,,legit
txn_002103,0,,legit
txn_002104,0,,legit
txn_002105,0,,legit
txn_002106,0,,legit
txn_002107,0,,legit
txn_002108,0,,legit
txn_002109,0,,legit
txn_002110,0,,legit
txn_002111,0,,legit
txn_002112,0,,legit
txn_002113,0,,legit
txn_002114,0,,legit
txn_002115,0,,legit
txn_002116,0,,legit
txn_002117,0,,legit
txn_002118,0,,legit
txn_002119,0,,legit
txn_002120,0,,legit
txn_002121,0,,legit
txn_002122,0,,legit
txn_002123,0,,legit
txn_002124,0,,legit
txn_002125,0,,legit
txn_002126,0,,legit
txn_002127,0,,legit
txn_002128,0,,legit
txn_002129,0,,legit
txn_002130,0,,legit
txn_002131,0,,legit
txn_002132,0,,legit
txn_002133,0,,legit
txn_002134,0,,legit
txn_002135,0,,legit
txn_002136,0,,legit
txn_002137,0,,legit
txn_002138,0,,legit
txn_002139,0,,legit
txn_002140,0,,legit
txn_002141,0,,legit
txn_002142,0,,legit
txn_002143,0,,legit
txn_002144,0,,legit
txn_002145,0,,legit
txn_002146,0,,legit
txn_002147,0,,legit
txn_002148,0,,legit
txn_002149,0,,legit
txn_002150,0,,legit
txn_002151,0,,legit
txn_002152,0,,legit
txn_002153,0,,legit
txn_002154,0,,legit
txn_002155,0,,legit
txn_002156,0,,legit
txn_002157,0,,legit
txn_002158,0,,legit
txn_002159,0,,legit
txn_002160,0,,legit
txn_002161,0,,legit
txn_002162,0,,legit
txn_002163,0,,legit
txn_002164,0,,legit
txn_002165,0,,legit
txn_002166,0,,legit
txn_002167,0,,legit
txn_002168,0,,legit
txn_002169,0,,legit
txn_002170,0,,legit
txn_002171,0,,legit
txn_002172,0,,legit
txn_002173,0,,legit
txn_002174,0,,legit
txn_002175,0,,legit
txn_002176,0,,legit
txn_002177,0,,legit
txn_002178,0,,legit
txn_002179,0,,legit
txn_002180,0,,legit
txn_002181,0,,legit
txn_002182,0,,legit
txn_002183,0,,legit
txn_002184,0,,legit
txn_002185,0,,legit
txn_002186,0,,legit
txn_002187,0,,legit
txn_002188,0,,legit
txn_002189,0,,legit
txn_002190,0,,legit
txn_002191,0,,legit
txn_002192,0,,legit
txn_002193,0,,legit
txn_002194,0,,legit
txn_002195,0,,legit
txn_002196,0,,legit
txn_002197,0,,legit
txn_002198,0,,legit
txn_002199,0,,legit
txn_002200,0,,legit
txn_002201,0,,legit
txn_002202,0,,legit
txn_002203,0,,legit
txn_002204,0,,legit
txn_002205,0,,legit
txn_002206,0,,legit
txn_002207,0,,legit
txn_002208,0,,legit
txn_002209,0,,legit
txn_002210,0,,legit
txn_002211,0,,legit
txn_002212,0,,legit
txn_002213,0,,legit
txn_002214,0,,legit
txn_002215,0,,legit
txn_002216,0,,legit
txn_002217,0,,legit
txn_002218,0,,legit
txn_002219,0,,legit
txn_002220,0,,legit
txn_002221,0,,legit
txn_002222,0,,legit
txn_002223,0,,legit
txn_002224,0,,legit
txn_002225,0,,legit
txn_002226,0,,legit
txn_002227,0,,legit
txn_002228,0,,legit
txn_002229,0,,legit
txn_002230,0,,legit
txn_002231,0,,legit
txn_002232,0,,legit
txn_002233,0,,legit
txn_002234,0,,legit
txn_002235,0,,legit
txn_002236,0,,legit
txn_002237,0,,legit
txn_002238,0,,legit
txn_002239,0,,legit
txn_002240,0,,legit
txn_002241,0,,legit
txn_002242,0,,legit
txn_002243,0,,legit
txn_002244,0,,legit
txn_002245,0,,legit
txn_002246,0,,legit
txn_002247,0,,legit
txn_002248,0,,legit
txn_002249,0,,legit
txn_002250,0,,legit
txn_002251,0,,legit
txn_002252,0,,legit
txn_002253,0,,legit
txn_002254,0,,legit
txn_002255,0,,legit
txn_002256,0,,legit
txn_002257,0,,legit
txn_002258,0,,legit
txn_002259,0,,legit
txn_002260,0,,legit
txn_002261,0,,legit
txn_002262,0,,legit
txn_002263,0,,legit
txn_002264,0,,legit
txn_002265,0,,legit
txn_002266,0,,legit
txn_002267,0,,legit
txn_002268,0,,legit
txn_002269,0,,legit
txn_002270,0,,legit
txn_002271,0,,legit
txn_002272,0,,legit
txn_002273,0,,legit
txn_002274,0,,legit
txn_002275,0,,legit
txn_002276,0,,legit
txn_002277,0,,legit
txn_002278,0,,legit
txn_002279,0,,legit
txn_002280,0,,legit
txn_002281,0,,legit
txn_002282,0,,legit
txn_002283,0,,legit
txn_002284,0,,legit
txn_002285,0,,legit
txn_002286,0,,legit
txn_002287,0,,legit
txn_002288,0,,legit
txn_002289,0,,legit
txn_002290,0,,legit
txn_002291,0,,legit
txn_002292,0,,legit
txn_002293,0,,legit
txn_002294,0,,legit
txn_002295,0,,legit
txn_002296,0,,legit
txn_002297,0,,legit
txn_002298,0,,legit
txn_002299,0,,legit
txn_002300,0,,legit
txn_002301,0,,legit
txn_002302,0,,legit
txn_002303,0,,legit
txn_002304,0,,legit
txn_002305,0,,legit
txn_002306,0,,legit
txn_002307,0,,legit
txn_002308,0,,legit
txn_002309,0,,legit
txn_002310,0,,legit
txn_002311,0,,legit
txn_002312,0,,legit
txn_002313,0,,legit
txn_002314,0,,legit
txn_002315,0,,legit
txn_002316,0,,legit
txn_002317,0,,legit
txn_002318,0,,legit
txn_002319,0,,legit
txn_002320,0,,legit
txn_002321,0,,legit
txn_002322,0,,legit
txn_002323,0,,legit
txn_002324,0,,legit
txn_002325,0,,legit
txn_002326,0,,legit
txn_002327,0,,legit
txn_002328,0,,legit
txn_002329,0,,legit
txn_002330,0,,legit
txn_002331,0,,legit
txn_002332,0,,legit
txn_002333,0,,legit
txn_002334,0,,legit
txn_002335,0,,legit
txn_002336,0,,legit
txn_002337,0,,legit
txn_002338,0,,legit
txn_002339,0,,legit
txn_002340,0,,legit
txn_002341,0,,legit
txn_002342,0,,legit
txn_002343,0,,legit
txn_002344,0,,legit
txn_002345,0,,legit
txn_002346,0,,legit
txn_002347,0,,legit
txn_002348,0,,legit
txn_002349,0,,legit
txn_002350,0,,legit
txn_002351,0,,legit
txn_002352,0,,legit
txn_002353,0,,legit
txn_002354,0,,legit
txn_002355,0,,legit
txn_002356,0,,legit
txn_002357,0,,legit
txn_002358,0,,legit
txn_002359,0,,legit
txn_002360,0,,legit
txn_002361,0,,legit
txn_002362,0,,legit
txn_002363,0,,legit
txn_002364,0,,legit
txn_002365,0,,legit
txn_002366,0,,legit
txn_002367,0,,legit
txn_002368,0,,legit
txn_002369,0,,legit
txn_002370,0,,legit
txn_002371,0,,legit
txn_002372,0,,legit
txn_002373,0,,legit
txn_002374,0,,legit
txn_002375,0,,legit
txn_002376,0,,legit
txn_002377,0,,legit
txn_002378,0,,legit
txn_002379,0,,legit
txn_002380,0,,legit
txn_002381,0,,legit
txn_002382,0,,legit
txn_002383,0,,legit
txn_002384,0,,legit
txn_002385,0,,legit
txn_002386,0,,legit
txn_002387,0,,legit
txn_002388,0,,legit
txn_002389,0,,legit
txn_002390,0,,legit
txn_002391,0,,legit
txn_002392,0,,legit
txn_002393,0,,legit
txn_002394,0,,legit
txn_002395,0,,legit
txn_002396,0,,legit
txn_002397,0,,legit
txn_002398,0,,legit
txn_002399,0,,legit
txn_002400,0,,legit
txn_002401,0,,legit
txn_002402,0,,legit
txn_002403,0,,legit
txn_002404,0,,legit
txn_002405,0,,legit
txn_002406,0,,legit
txn_002407,0,,legit
txn_002408,0,,legit
txn_002409,0,,legit
txn_002410,0,,legit
txn_002411,0,,legit
txn_002412,0,,legit
txn_002413,0,,legit
txn_002414,0,,legit
txn_002415,0,,legit
txn_002416,0,,legit
txn_002417,0,,legit
txn_002418,0,,legit
txn_002419,0,,legit
txn_002420,0,,legit
txn_002421,0,,legit
txn_002422,0,,legit
txn_002423,0,,legit
txn_002424,0,,legit
txn_002425,0,,legit
txn_002426,0,,legit
txn_002427,0,,legit
txn_002428,0,,legit
txn_002429,0,,legit
txn_002430,0,,legit
txn_002431,0,,legit
txn_002432,0,,legit
txn_002433,0,,legit
txn_002434,0,,legit
txn_002435,0,,legit
txn_002436,0,,legit
txn_002437,0,,legit
txn_002438,0,,legit
txn_002439,0,,legit
txn_002440,0,,legit
txn_002441,0,,legit
txn_002442,0,,legit
txn_002443,0,,legit
txn_002444,0,,legit
txn_002445,0,,legit
txn_002446,0,,legit
txn_002447,0,,legit
txn_002448,0,,legit
txn_002449,0,,legit
txn_002450,0,,legit
txn_002451,0,,legit
txn_002452,0,,legit
txn_002453,0,,legit
txn_002454,0,,legit
txn_002455,0,,legit
txn_002456,0,,legit
txn_002457,0,,legit
txn_002458,0,,legit
txn_002459,0,,legit
txn_002460,0,,legit
txn_002461,0,,legit
txn_002462,0,,legit
txn_002463,0,,legit
txn_002464,0,,legit
txn_002465,0,,legit
txn_002466,0,,legit
txn_002467,0,,legit
txn_002468,0,,legit
txn_002469,0,,legit
txn_002470,0,,legit
txn_002471,0,,legit
txn_002472,0,,legit
txn_002473,0,,legit
txn_002474,0,,legit
txn_002475,0,,legit
txn_002476,0,,legit
txn_002477,0,,legit
txn_002478,0,,legit
txn_002479,0,,legit
txn_002480,0,,legit
txn_002481,0,,legit
txn_002482,0,,legit
txn_002483,0,,legit
txn_002484,0,,legit
txn_002485,0,,legit
txn_002486,0,,legit
txn_002487,0,,legit
txn_002488,0,,legit
txn_002489,0,,legit
txn_002490,0,,legit
txn_002491,0,,legit
txn_002492,0,,legit
txn_002493,0,,legit
txn_002494,0,,legit
txn_002495,0,,legit
txn_002496,0,,legit
txn_002497,0,,legit
txn_002498,0,,legit
txn_002499,0,,legit
txn_002500,0,,legit
txn_002501,0,,legit
txn_002502,0,,legit
txn_002503,0,,legit
txn_002504,0,,legit
txn_002505,0,,legit
txn_002506,0,,legit
txn_002507,0,,legit
txn_002508,0,,legit
txn_002509,0,,legit
txn_002510,0,,legit
txn_002511,0,,legit
txn_002512,0,,legit
txn_002513,0,,legit
txn_002514,0,,legit
txn_002515,0,,legit
txn_002516,0,,legit
txn_002517,0,,legit
txn_002518,0,,legit
txn_002519,0,,legit
txn_002520,0,,legit
txn_002521,0,,legit
txn_002522,0,,legit
txn_002523,0,,legit
txn_002524,0,,legit
txn_002525,0,,legit
txn_002526,0,,legit
txn_002527,0,,legit
txn_002528,0,,legit
txn_002529,0,,legit
txn_002530,0,,legit
txn_002531,0,,legit
txn_002532,0,,legit
txn_002533,0,,legit
txn_002534,0,,legit
txn_002535,0,,legit
txn_002536,0,,legit
txn_002537,0,,legit
txn_002538,0,,legit
txn_002539,0,,legit
txn_002540,0,,legit
txn_002541,0,,legit
txn_002542,0,,legit
txn_002543,0,,legit
txn_002544,0,,legit
txn_002545,0,,legit
txn_002546,0,,legit
txn_002547,0,,legit
txn_002548,0,,legit
txn_002549,0,,legit
txn_002550,0,,legit
txn_002551,0,,legit
txn_002552,0,,legit
txn_002553,0,,legit
txn_002554,0,,legit
txn_002555,0,,legit
txn_002556,0,,legit
txn_002557,0,,legit
txn_002558,0,,legit
txn_002559,0,,legit
txn_002560,0,,legit
txn_002561,0,,legit
txn_002562,0,,legit
txn_002563,0,,legit
txn_002564,0,,legit
txn_002565,0,,legit
txn_002566,0,,legit
txn_002567,0,,legit
txn_002568,0,,legit
txn_002569,0,,legit
txn_002570,0,,legit
txn_002571,0,,legit
txn_002572,0,,legit
txn_002573,0,,legit
txn_002574,0,,legit
txn_002575,0,,legit
txn_002576,0,,legit
txn_002577,0,,legit
txn_002578,0,,legit
txn_002579,0,,legit
txn_002580,0,,legit
txn_002581,0,,legit
txn_002582,0,,legit
txn_002583,0,,legit
txn_002584,0,,legit
txn_002585,0,,legit
txn_002586,0,,legit
txn_002587,0,,legit
txn_002588,0,,legit
txn_002589,0,,legit
txn_002590,0,,legit
txn_002591,0,,legit
txn_002592,0,,legit
txn_002593,0,,legit
txn_002594,0,,legit
txn_002595,0,,legit
txn_002596,0,,legit
txn_002597,0,,legit
txn_002598,0,,legit
txn_002599,0,,legit
txn_002600,0,,legit
txn_002601,0,,legit
txn_002602,0,,legit
txn_002603,0,,legit
txn_002604,0,,legit
txn_002605,0,,legit
txn_002606,0,,legit
txn_002607,0,,legit
txn_002608,0,,legit
txn_002609,0,,legit
txn_002610,0,,legit
txn_002611,0,,legit
txn_002612,0,,legit
txn_002613,0,,legit
txn_002614,0,,legit
txn_002615,0,,legit
txn_002616,0,,legit
txn_002617,0,,legit
txn_002618,0,,legit
txn_002619,0,,legit
txn_002620,0,,legit
txn_002621,0,,legit
txn_002622,0,,legit
txn_002623,0,,legit
txn_002624,0,,legit
txn_002625,0,,legit
txn_002626,0,,legit
txn_002627,0,,legit
txn_002628,0,,legit
txn_002629,0,,legit
txn_002630,0,,legit
txn_002631,0,,legit
txn_002632,0,,legit
txn_002633,0,,legit
txn_002634,0,,legit
txn_002635,0,,legit
txn_002636,0,,legit
txn_002637,0,,legit
txn_002638,0,,legit
txn_002639,0,,legit
txn_002640,0,,legit
txn_002641,0,,legit
txn_002642,0,,legit
txn_002643,0,,legit
txn_002644,0,,legit
txn_002645,0,,legit
txn_002646,0,,legit
txn_002647,0,,legit
txn_002648,0,,legit
txn_002649,0,,legit
txn_002650,0,,legit
txn_002651,0,,legit
txn_002652,0,,legit
txn_002653,0,,legit
txn_002654,0,,legit
txn_002655,0,,legit
txn_002656,0,,legit
txn_002657,0,,legit
txn_002658,0,,legit
txn_002659,0,,legit
txn_002660,0,,legit
txn_002661,0,,legit
txn_002662,0,,legit
txn_002663,0,,legit
txn_002664,0,,legit
txn_002665,0,,legit
txn_002666,0,,legit
txn_002667,0,,legit
txn_002668,0,,legit
txn_002669,0,,legit
txn_002670,0,,legit
txn_002671,0,,legit
txn_002672,0,,legit
txn_002673,0,,legit
txn_002674,0,,legit
txn_002675,0,,legit
txn_002676,0,,legit
txn_002677,0,,legit
txn_002678,0,,legit
txn_002679,0,,legit
txn_002680,0,,legit
txn_002681,0,,legit
txn_002682,0,,legit
txn_002683,0,,legit
txn_002684,0,,legit
txn_002685,0,,legit
txn_002686,0,,legit
txn_002687,0,,legit
txn_002688,0,,legit
txn_002689,0,,legit
txn_002690,0,,legit
txn_002691,0,,legit
txn_002692,0,,legit
txn_002693,0,,legit
txn_002694,0,,legit
txn_002695,0,,legit
txn_002696,0,,legit
txn_002697,0,,legit
txn_002698,0,,legit
txn_002699,0,,legit
txn_002700,0,,legit
txn_002701,0,,legit
txn_002702,0,,legit
txn_002703,0,,legit
txn_002704,0,,legit
txn_002705,0,,legit
txn_002706,0,,legit
txn_002707,0,,legit
txn_002708,0,,legit
txn_002709,0,,legit
txn_002710,0,,legit
txn_002711,0,,legit
txn_002712,0,,legit
txn_002713,0,,legit
txn_002714,0,,legit
txn_002715,0,,legit
txn_002716,0,,legit
txn_002717,0,,legit
txn_002718,0,,legit
txn_002719,0,,legit
txn_002720,0,,legit
txn_002721,0,,legit
txn_002722,0,,legit
txn_002723,0,,legit
txn_002724,0,,legit
txn_002725,0,,legit
txn_002726,0,,legit
txn_002727,0,,legit
txn_002728,0,,legit
txn_002729,0,,legit
txn_002730,0,,legit
txn_002731,0,,legit
txn_002732,0,,legit
txn_002733,0,,legit
txn_002734,0,,legit
txn_002735,0,,legit
txn_002736,0,,legit
txn_002737,0,,legit
txn_002738,0,,legit
txn_002739,0,,legit
txn_002740,0,,legit
txn_002741,0,,legit
txn_002742,0,,legit
txn_002743,0,,legit
txn_002744,0,,legit
txn_002745,0,,legit
txn_002746,0,,legit
txn_002747,0,,legit
txn_002748,0,,legit
txn_002749,0,,legit
txn_002750,0,,legit
txn_002751,0,,legit
txn_002752,0,,legit
txn_002753,0,,legit
txn_002754,0,,legit
txn_002755,0,,legit
txn_002756,0,,legit
txn_002757,0,,legit
txn_002758,0,,legit
txn_002759,0,,legit
txn_002760,0,,legit
txn_002761,0,,legit
txn_002762,0,,legit
txn_002763,0,,legit
txn_002764,0,,legit
txn_002765,0,,legit
txn_002766,0,,legit
txn_002767,0,,legit
txn_002768,0,,legit
txn_002769,0,,legit
txn_002770,0,,legit
txn_002771,0,,legit
txn_002772,0,,legit
txn_002773,0,,legit
txn_002774,0,,legit
txn_002775,0,,legit
txn_002776,0,,legit
txn_002777,0,,legit
txn_002778,0,,legit
txn_002779,0,,legit
txn_002780,0,,legit
txn_002781,0,,legit
txn_002782,0,,legit
txn_002783,0,,legit
txn_002784,0,,legit
txn_002785,0,,legit
txn_002786,0,,legit
txn_002787,0,,legit
txn_002788,0,,legit
txn_002789,0,,legit
txn_002790,0,,legit
txn_002791,0,,legit
txn_002792,0,,legit
txn_002793,0,,legit
txn_002794,0,,legit
txn_002795,0,,legit
txn_002796,0,,legit
txn_002797,0,,legit
txn_002798,0,,legit
txn_002799,0,,legit
txn_002800,0,,legit
txn_002801,0,,legit
txn_002802,0,,legit
txn_002803,0,,legit
txn_002804,0,,legit
txn_002805,0,,legit
txn_002806,0,,legit
txn_002807,0,,legit
txn_002808,0,,legit
txn_002809,0,,legit
txn_002810,0,,legit
txn_002811,0,,legit
txn_002812,0,,legit
txn_002813,0,,legit
txn_002814,0,,legit
txn_002815,0,,legit
txn_002816,0,,legit
txn_002817,0,,legit
txn_002818,0,,legit
txn_002819,0,,legit
txn_002820,0,,legit
txn_002821,0,,legit
txn_002822,0,,legit
txn_002823,0,,legit
txn_002824,0,,legit
txn_002825,0,,legit
txn_002826,0,,legit
txn_002827,0,,legit
txn_002828,0,,legit
txn_002829,0,,legit
txn_002830,0,,legit
txn_002831,0,,legit
txn_002832,0,,legit
txn_002833,0,,legit
txn_002834,0,,legit
txn_002835,0,,legit
txn_002836,0,,legit
txn_002837,0,,legit
txn_002838,0,,legit
txn_002839,0,,legit
txn_002840,0,,legit
txn_002841,0,,legit
txn_002842,0,,legit
txn_002843,0,,legit
txn_002844,0,,legit
txn_002845,0,,legit
txn_002846,0,,legit
txn_002847,0,,legit
txn_002848,0,,legit
txn_002849,0,,legit
txn_002850,0,,legit
txn_002851,0,,legit
txn_002852,0,,legit
txn_002853,0,,legit
txn_002854,0,,legit
txn_002855,0,,legit
txn_002856,0,,legit
txn_002857,0,,legit
txn_002858,0,,legit
txn_002859,0,,legit
txn_002860,0,,legit
txn_002861,0,,legit
txn_002862,0,,legit
txn_002863,0,,legit
txn_002864,0,,legit
txn_002865,0,,legit
txn_002866,0,,legit
txn_002867,0,,legit
txn_002868,0,,legit
txn_002869,0,,legit
txn_002870,0,,legit
txn_002871,0,,legit
txn_002872,0,,legit
txn_002873,0,,legit
txn_002874,0,,legit
txn_002875,0,,legit
txn_002876,0,,legit
txn_002877,0,,legit
txn_002878,0,,legit
txn_002879,0,,legit
txn_002880,0,,legit
txn_002881,0,,legit
txn_002882,0,,legit
txn_002883,0,,legit
txn_002884,0,,legit
txn_002885,0,,legit
txn_002886,0,,legit
txn_002887,0,,legit
txn_002888,0,,legit
txn_002889,0,,legit
txn_002890,0,,legit
txn_002891,0,,legit
txn_002892,0,,legit
txn_002893,0,,legit
txn_002894,0,,legit
txn_002895,0,,legit
txn_002896,0,,legit
txn_002897,0,,legit
txn_002898,0,,legit
txn_002899,0,,legit
txn_002900,0,,legit
txn_002901,0,,legit
txn_002902,0,,legit
txn_002903,0,,legit
txn_002904,0,,legit
txn_002905,0,,legit
txn_002906,0,,legit
txn_002907,0,,legit
txn_002908,0,,legit
txn_002909,0,,legit
txn_002910,0,,legit
txn_002911,0,,legit
txn_002912,0,,legit
txn_002913,0,,legit
txn_002914,0,,legit
txn_002915,0,,legit
txn_002916,0,,legit
txn_002917,0,,legit
txn_002918,0,,legit
txn_002919,0,,legit
txn_002920,0,,legit
txn_002921,0,,legit
txn_002922,0,,legit
txn_002923,0,,legit
txn_002924,0,,legit
txn_002925,0,,legit
txn_002926,0,,legit
txn_002927,0,,legit
txn_002928,0,,legit
txn_002929,0,,legit
txn_002930,0,,legit
txn_002931,0,,legit
txn_002932,0,,legit
txn_002933,0,,legit
txn_002934,0,,legit
txn_002935,0,,legit
txn_002936,0,,legit
txn_002937,0,,legit
txn_002938,0,,legit
txn_002939,0,,legit
txn_002940,0,,legit
txn_002941,0,,legit
txn_002942,0,,legit
txn_002943,0,,legit
txn_002944,0,,legit
txn_002945,0,,legit
txn_002946,0,,legit
txn_002947,0,,legit
txn_002948,0,,legit
txn_002949,0,,legit
txn_002950,0,,legit
txn_002951,0,,legit
txn_002952,0,,legit
txn_002953,0,,legit
txn_002954,0,,legit
txn_002955,0,,legit
txn_002956,0,,legit
txn_002957,0,,legit
txn_002958,0,,legit
txn_002959,0,,legit
txn_002960,0,,legit
txn_002961,0,,legit
txn_002962,0,,legit
txn_002963,0,,legit
txn_002964,0,,legit
txn_002965,0,,legit
txn_002966,0,,legit
txn_002967,0,,legit
txn_002968,0,,legit
txn_002969,0,,legit
txn_002970,0,,legit
txn_002971,0,,legit
txn_002972,0,,legit
txn_002973,0,,legit
txn_002974,0,,legit
txn_002975,0,,legit
txn_002976,0,,legit
txn_002977,0,,legit
txn_002978,0,,legit
txn_002979,0,,legit
txn_002980,0,,legit
txn_002981,0,,legit
txn_002982,0,,legit
txn_002983,0,,legit
txn_002984,0,,legit
txn_002985,0,,legit
txn_002986,0,,legit
txn_002987,0,,legit
txn_002988,0,,legit
txn_002989,0,,legit
txn_002990,0,,legit
txn_002991,0,,legit
txn_002992,0,,legit
txn_002993,0,,legit
txn_002994,0,,legit
txn_002995,0,,legit
txn_002996,0,,legit
txn_002997,0,,legit
txn_002998,0,,legit
txn_002999,0,,legit
txn_003000,0,,legit
txn_003001,0,,legit
txn_003002,0,,legit
txn_003003,0,,legit
txn_003004,0,,legit
txn_003005,0,,legit
txn_003006,0,,legit
txn_003007,0,,legit
txn_003008,0,,legit
txn_003009,0,,legit
txn_003010,0,,legit
txn_003011,0,,legit
txn_003012,0,,legit
txn_003013,0,,legit
txn_003014,0,,legit
txn_003015,0,,legit
txn_003016,0,,legit
txn_003017,0,,legit
txn_003018,0,,legit
txn_003019,0,,legit
txn_003020,0,,legit
txn_003021,0,,legit
txn_003022,0,,legit
txn_003023,0,,legit
txn_003024,0,,legit
txn_003025,0,,legit
txn_003026,0,,legit
txn_003027,0,,legit
txn_003028,0,,legit
txn_003029,0,,legit
txn_003030,0,,legit
txn_003031,0,,legit
txn_003032,0,,legit
txn_003033,0,,legit
txn_003034,0,,legit
txn_003035,0,,legit
txn_003036,0,,legit
txn_003037,0,,legit
txn_003038,0,,legit
txn_003039,0,,legit
txn_003040,0,,legit
txn_003041,0,,legit
txn_003042,0,,legit
txn_003043,0,,legit
txn_003044,0,,legit
txn_003045,0,,legit
txn_003046,0,,legit
txn_003047,0,,legit
txn_003048,0,,legit
txn_003049,0,,legit
txn_003050,0,,legit
txn_003051,0,,legit
txn_003052,0,,legit
txn_003053,0,,legit
txn_003054,0,,legit
txn_003055,0,,legit
txn_003056,0,,legit
txn_003057,0,,legit
txn_003058,0,,legit
txn_003059,0,,legit
txn_003060,0,,legit
txn_003061,0,,legit
txn_003062,0,,legit
txn_003063,0,,legit
txn_003064,0,,legit
txn_003065,0,,legit
txn_003066,0,,legit
txn_003067,0,,legit
txn_003068,0,,legit
txn_003069,0,,legit
txn_003070,0,,legit
txn_003071,0,,legit
txn_003072,0,,legit
txn_003073,0,,legit
txn_003074,0,,legit
txn_003075,0,,legit
txn_003076,0,,legit
txn_003077,0,,legit
txn_003078,0,,legit
txn_003079,0,,legit
txn_003080,0,,legit
txn_003081,0,,legit
txn_003082,0,,legit
txn_003083,0,,legit
txn_003084,0,,legit
txn_003085,0,,legit
txn_003086,0,,legit
txn_003087,0,,legit
txn_003088,0,,legit
txn_003089,0,,legit
txn_003090,0,,legit
txn_003091,0,,legit
txn_003092,0,,legit
txn_003093,0,,legit
txn_003094,0,,legit
txn_003095,0,,legit
txn_003096,0,,legit
txn_003097,0,,legit
txn_003098,0,,legit
txn_003099,0,,legit
txn_003100,0,,legit
txn_003101,0,,legit
txn_003102,0,,legit
txn_003103,0,,legit
txn_003104,0,,legit
txn_003105,0,,legit
txn_003106,0,,legit
txn_003107,0,,legit
txn_003108,0,,legit
txn_003109,0,,legit
txn_003110,0,,legit
txn_003111,0,,legit
txn_003112,0,,legit
txn_003113,0,,legit
txn_003114,0,,legit
txn_003115,0,,legit
txn_003116,0,,legit
txn_003117,0,,legit
txn_003118,0,,legit
txn_003119,0,,legit
txn_003120,0,,legit
txn_003121,0,,legit
txn_003122,0,,legit
txn_003123,0,,legit
txn_003124,0,,legit
txn_003125,0,,legit
txn_003126,0,,legit
txn_003127,0,,legit
txn_003128,0,,legit
txn_003129,0,,legit
txn_003130,0,,legit
txn_003131,0,,legit
txn_003132,0,,legit
txn_003133,0,,legit
txn_003134,0,,legit
txn_003135,0,,legit
txn_003136,0,,legit
txn_003137,0,,legit
txn_003138,0,,legit
txn_003139,0,,legit
txn_003140,0,,legit
txn_003141,0,,legit
txn_003142,0,,legit
txn_003143,0,,legit
txn_003144,0,,legit
txn_003145,0,,legit
txn_003146,0,,legit
txn_003147,0,,legit
txn_003148,0,,legit
txn_003149,0,,legit
txn_003150,0,,legit
txn_003151,0,,legit
txn_003152,0,,legit
txn_003153,0,,legit
txn_003154,0,,legit
txn_003155,0,,legit
txn_003156,0,,legit
txn_003157,0,,legit
txn_003158,0,,legit
txn_003159,0,,legit
txn_003160,0,,legit
txn_003161,0,,legit
txn_003162,0,,legit
txn_003163,0,,legit
txn_003164,0,,legit
txn_003165,0,,legit
txn_003166,0,,legit
txn_003167,0,,legit
txn_003168,0,,legit
txn_003169,0,,legit
txn_003170,0,,legit
txn_003171,0,,legit
txn_003172,0,,legit
txn_003173,0,,legit
txn_003174,0,,legit
txn_003175,0,,legit
txn_003176,0,,legit
txn_003177,0,,legit
txn_003178,0,,legit
txn_003179,0,,legit
txn_003180,0,,legit
txn_003181,0,,legit
txn_003182,0,,legit
txn_003183,0,,legit
txn_003184,0,,legit
txn_003185,0,,legit
txn_003186,0,,legit
txn_003187,0,,legit
txn_003188,0,,legit
txn_003189,0,,legit
txn_003190,0,,legit
txn_003191,0,,legit
txn_003192,0,,legit
txn_003193,0,,legit
txn_003194,0,,legit
txn_003195,0,,legit
txn_003196,0,,legit
txn_003197,0,,legit
txn_003198,0,,legit
txn_003199,0,,legit
txn_003200,0,,legit
txn_003201,0,,legit
txn_003202,0,,legit
txn_003203,0,,legit
txn_003204,0,,legit
txn_003205,0,,legit
txn_003206,0,,legit
txn_003207,0,,legit
txn_003208,0,,legit
txn_003209,0,,legit
txn_003210,0,,legit
txn_003211,0,,legit
txn_003212,0,,legit
txn_003213,0,,legit
txn_003214,0,,legit
txn_003215,0,,legit
txn_003216,0,,legit
txn_003217,0,,legit
txn_003218,0,,legit
txn_003219,0,,legit
txn_003220,0,,legit
txn_003221,0,,legit
txn_003222,0,,legit
txn_003223,0,,legit
txn_003224,0,,legit
txn_003225,0,,legit
txn_003226,0,,legit
txn_003227,0,,legit
txn_003228,0,,legit
txn_003229,0,,legit
txn_003230,0,,legit
txn_003231,0,,legit
txn_003232,0,,legit
txn_003233,0,,legit
txn_003234,0,,legit
txn_003235,0,,legit
txn_003236,0,,legit
txn_003237,0,,legit
txn_003238,0,,legit
txn_003239,0,,legit
txn_003240,0,,legit
txn_003241,0,,legit
txn_003242,0,,legit
txn_003243,0,,legit
txn_003244,0,,legit
txn_003245,0,,legit
txn_003246,0,,legit
txn_003247,0,,legit
txn_003248,0,,legit
txn_003249,0,,legit
txn_003250,0,,legit
txn_003251,0,,legit
txn_003252,0,,legit
txn_003253,0,,legit
txn_003254,0,,legit
txn_003255,0,,legit
txn_003256,0,,legit
txn_003257,0,,legit
txn_003258,0,,legit
txn_003259,0,,legit
txn_003260,0,,legit
txn_003261,0,,legit
txn_003262,0,,legit
txn_003263,0,,legit
txn_003264,0,,legit
txn_003265,0,,legit
txn_003266,0,,legit
txn_003267,0,,legit
txn_003268,0,,legit
txn_003269,0,,legit
txn_003270,0,,legit
txn_003271,0,,legit
txn_003272,0,,legit
txn_003273,0,,legit
txn_003274,0,,legit
txn_003275,0,,legit
txn_003276,0,,legit
txn_003277,0,,legit
txn_003278,0,,legit
txn_003279,0,,legit
txn_003280,0,,legit
txn_003281,0,,legit
txn_003282,0,,legit
txn_003283,0,,legit
txn_003284,0,,legit
txn_003285,0,,legit
txn_003286,0,,legit
txn_003287,0,,legit
txn_003288,0,,legit
txn_003289,0,,legit
txn_003290,0,,legit
txn_003291,0,,legit
txn_003292,0,,legit
txn_003293,0,,legit
txn_003294,0,,legit
txn_003295,0,,legit
txn_003296,0,,legit
txn_003297,0,,legit
txn_003298,0,,legit
txn_003299,0,,legit
txn_003300,0,,legit
txn_003301,0,,legit
txn_003302,0,,legit
txn_003303,0,,legit
txn_003304,0,,legit
txn_003305,0,,legit
txn_003306,0,,legit
txn_003307,0,,legit
txn_003308,0,,legit
txn_003309,0,,legit
txn_003310,0,,legit
txn_003311,0,,legit
txn_003312,0,,legit
txn_003313,0,,legit
txn_003314,0,,legit
txn_003315,0,,legit
txn_003316,0,,legit
txn_003317,0,,legit
txn_003318,0,,legit
txn_003319,0,,legit
txn_003320,0,,legit
txn_003321,0,,legit
txn_003322,0,,legit
txn_003323,0,,legit
txn_003324,0,,legit
txn_003325,0,,legit
txn_003326,0,,legit
txn_003327,0,,legit
txn_003328,0,,legit
txn_003329,0,,legit
txn_003330,0,,legit
txn_003331,0,,legit
txn_003332,0,,legit
txn_003333,0,,legit
txn_003334,0,,legit
txn_003335,0,,legit
txn_003336,0,,legit
txn_003337,0,,legit
txn_003338,0,,legit
txn_003339,0,,legit
txn_003340,0,,legit
txn_003341,0,,legit
txn_003342,0,,legit
txn_003343,0,,legit
txn_003344,0,,legit
txn_003345,0,,legit
txn_003346,0,,legit
txn_003347,0,,legit
txn_003348,0,,legit
txn_003349,0,,legit
txn_003350,0,,legit
txn_003351,0,,legit
txn_003352,0,,legit
txn_003353,0,,legit
txn_003354,0,,legit
txn_003355,0,,legit
txn_003356,0,,legit
txn_003357,0,,legit
txn_003358,0,,legit
txn_003359,0,,legit
txn_003360,0,,legit
txn_003361,0,,legit
txn_003362,0,,legit
txn_003363,0,,legit
txn_003364,0,,legit
txn_003365,0,,legit
txn_003366,0,,legit
txn_003367,0,,legit
txn_003368,0,,legit
txn_003369,0,,legit
txn_003370,0,,legit
txn_003371,0,,legit
txn_003372,0,,legit
txn_003373,0,,legit
txn_003374,0,,legit
txn_003375,0,,legit
txn_003376,0,,legit
txn_003377,0,,legit
txn_003378,0,,legit
txn_003379,0,,legit
txn_003380,0,,legit
txn_003381,0,,legit
txn_003382,0,,legit
txn_003383,0,,legit
txn_003384,0,,legit
txn_003385,0,,legit
txn_003386,0,,legit
txn_003387,0,,legit
txn_003388,0,,legit
txn_003389,0,,legit
txn_003390,0,,legit
txn_003391,0,,legit
txn_003392,0,,legit
txn_003393,0,,legit
txn_003394,0,,legit
txn_003395,0,,legit
txn_003396,0,,legit
txn_003397,0,,legit
txn_003398,0,,legit
txn_003399,0,,legit
txn_003400,0,,legit
txn_003401,0,,legit
txn_003402,0,,legit
txn_003403,0,,legit
txn_003404,0,,legit
txn_003405,0,,legit
txn_003406,0,,legit
txn_003407,0,,legit
txn_003408,0,,legit
txn_003409,0,,legit
txn_003410,0,,legit
txn_003411,0,,legit
txn_003412,0,,legit
txn_003413,0,,legit
txn_003414,0,,legit
txn_003415,0,,legit
txn_003416,0,,legit
txn_003417,0,,legit
txn_003418,0,,legit
txn_003419,0,,legit
txn_003420,0,,legit
txn_003421,0,,legit
txn_003422,0,,legit
txn_003423,0,,legit
txn_003424,0,,legit
txn_003425,0,,legit
txn_003426,0,,legit
txn_003427,0,,legit
txn_003428,0,,legit
txn_003429,0,,legit
txn_003430,0,,legit
txn_003431,0,,legit
txn_003432,0,,legit
txn_003433,0,,legit
txn_003434,0,,legit
txn_003435,0,,legit
txn_003436,0,,legit
txn_003437,0,,legit
txn_003438,0,,legit
txn_003439,0,,legit
txn_003440,0,,legit
txn_003441,0,,legit
txn_003442,0,,legit
txn_003443,0,,legit
txn_003444,0,,legit
txn_003445,0,,legit
txn_003446,0,,legit
txn_003447,0,,legit
txn_003448,0,,legit
txn_003449,0,,legit
txn_003450,0,,legit
txn_003451,0,,legit
txn_003452,0,,legit
txn_003453,0,,legit
txn_003454,0,,legit
txn_003455,0,,legit
txn_003456,0,,legit
txn_003457,0,,legit
txn_003458,0,,legit
txn_003459,0,,legit
txn_003460,0,,legit
txn_003461,0,,legit
txn_003462,0,,legit
txn_003463,0,,legit
txn_003464,0,,legit
txn_003465,0,,legit
txn_003466,0,,legit
txn_003467,0,,legit
txn_003468,0,,legit
txn_003469,0,,legit
txn_003470,0,,legit
txn_003471,0,,legit
txn_003472,0,,legit
txn_003473,0,,legit
txn_003474,0,,legit
txn_003475,0,,legit
txn_003476,0,,legit
txn_003477,0,,legit
txn_003478,0,,legit
txn_003479,0,,legit
txn_003480,0,,legit
txn_003481,0,,legit
txn_003482,0,,legit
txn_003483,0,,legit
txn_003484,0,,legit
txn_003485,0,,legit
txn_003486,0,,legit
txn_003487,0,,legit
txn_003488,0,,legit
txn_003489,0,,legit
txn_003490,0,,legit
txn_003491,0,,legit
txn_003492,0,,legit
txn_003493,0,,legit
txn_003494,0,,legit
txn_003495,0,,legit
txn_003496,0,,legit
txn_003497,0,,legit
txn_003498,0,,legit
txn_003499,0,,legit
txn_003500,0,,legit
txn_003501,0,,legit
txn_003502,0,,legit
txn_003503,0,,legit
txn_003504,0,,legit
txn_003505,0,,legit
txn_003506,0,,legit
txn_003507,0,,legit
txn_003508,0,,legit
txn_003509,0,,legit
txn_003510,0,,legit
txn_003511,0,,legit
txn_003512,0,,legit
txn_003513,0,,legit
txn_003514,0,,legit
txn_003515,0,,legit
txn_003516,0,,legit
txn_003517,0,,legit
txn_003518,0,,legit
txn_003519,0,,legit
txn_003520,0,,legit
txn_003521,0,,legit
txn_003522,0,,legit
txn_003523,0,,legit
txn_003524,0,,legit
txn_003525,0,,legit
txn_003526,0,,legit
txn_003527,0,,legit
txn_003528,0,,legit
txn_003529,0,,legit
txn_003530,0,,legit
txn_003531,0,,legit
txn_003532,0,,legit
txn_003533,0,,legit
txn_003534,0,,legit
txn_003535,0,,legit
txn_003536,0,,legit
txn_003537,0,,legit
txn_003538,0,,legit
txn_003539,0,,legit
txn_003540,0,,legit
txn_003541,0,,legit
txn_003542,0,,legit
txn_003543,0,,legit
txn_003544,0,,legit
txn_003545,0,,legit
txn_003546,0,,legit
txn_003547,0,,legit
txn_003548,0,,legit
txn_003549,0,,legit
txn_003550,0,,legit
txn_003551,0,,legit
txn_003552,0,,legit
txn_003553,0,,legit
txn_003554,0,,legit
txn_003555,0,,legit
txn_003556,0,,legit
txn_003557,0,,legit
txn_003558,0,,legit
txn_003559,0,,legit
txn_003560,0,,legit
txn_003561,0,,legit
txn_003562,0,,legit
txn_003563,0,,legit
txn_003564,0,,legit
txn_003565,0,,legit
txn_003566,0,,legit
txn_003567,0,,legit
txn_003568,0,,legit
txn_003569,0,,legit
txn_003570,0,,legit
txn_003571,0,,legit
txn_003572,0,,legit
txn_003573,0,,legit
txn_003574,0,,legit
txn_003575,0,,legit
txn_003576,0,,legit
txn_003577,0,,legit
txn_003578,0,,legit
txn_003579,0,,legit
txn_003580,0,,legit
txn_003581,0,,legit
txn_003582,0,,legit
txn_003583,0,,legit
txn_003584,0,,legit
txn_003585,0,,legit
txn_003586,0,,legit
txn_003587,0,,legit
txn_003588,0,,legit
txn_003589,0,,legit
txn_003590,0,,legit
txn_003591,0,,legit
txn_003592,0,,legit
txn_003593,0,,legit
txn_003594,0,,legit
txn_003595,0,,legit
txn_003596,0,,legit
txn_003597,0,,legit
txn_003598,0,,legit
txn_003599,0,,legit
txn_003600,0,,legit
txn_003601,0,,legit
txn_003602,0,,legit
txn_003603,0,,legit
txn_003604,0,,legit
txn_003605,0,,legit
txn_003606,0,,legit
txn_003607,0,,legit
txn_003608,0,,legit
txn_003609,0,,legit
txn_003610,0,,legit
txn_003611,0,,legit
txn_003612,0,,legit
txn_003613,0,,legit
txn_003614,0,,legit
txn_003615,0,,legit
txn_003616,0,,legit
txn_003617,0,,legit
txn_003618,0,,legit
txn_003619,0,,legit
txn_003620,0,,legit
txn_003621,0,,legit
txn_003622,0,,legit
txn_003623,0,,legit
txn_003624,0,,legit
txn_003625,0,,legit
txn_003626,0,,legit
txn_003627,0,,legit
txn_003628,0,,legit
txn_003629,0,,legit
txn_003630,0,,legit
txn_003631,0,,legit
txn_003632,0,,legit
txn_003633,0,,legit
txn_003634,0,,legit
txn_003635,0,,legit
txn_003636,0,,legit
txn_003637,0,,legit
txn_003638,0,,legit
txn_003639,0,,legit
txn_003640,0,,legit
txn_003641,0,,legit
txn_003642,0,,legit
txn_003643,0,,legit
txn_003644,0,,legit
txn_003645,0,,legit
txn_003646,0,,legit
txn_003647,0,,legit
txn_003648,0,,legit
txn_003649,0,,legit
txn_003650,0,,legit
txn_003651,0,,legit
txn_003652,0,,legit
txn_003653,0,,legit
txn_003654,0,,legit
txn_003655,0,,legit
txn_003656,0,,legit
txn_003657,0,,legit
txn_003658,0,,legit
txn_003659,0,,legit
txn_003660,0,,legit
txn_003661,0,,legit
txn_003662,0,,legit
txn_003663,0,,legit
txn_003664,0,,legit
txn_003665,0,,legit
txn_003666,0,,legit
txn_003667,0,,legit
txn_003668,0,,legit
txn_003669,0,,legit
txn_003670,0,,legit
txn_003671,0,,legit
txn_003672,0,,hard_neg_laptop
txn_003673,0,,hard_neg_laptop
txn_003674,0,,hard_neg_laptop
txn_003675,0,,hard_neg_laptop
txn_003676,0,,hard_neg_laptop
txn_003677,0,,hard_neg_laptop
txn_003678,0,,hard_neg_laptop
txn_003679,0,,hard_neg_laptop
txn_003680,0,,hard_neg_laptop
txn_003681,0,,hard_neg_laptop
txn_003682,0,,hard_neg_laptop
txn_003683,0,,hard_neg_laptop
txn_003684,0,,hard_neg_laptop
txn_003685,0,,hard_neg_laptop
txn_003686,0,,hard_neg_laptop
txn_003687,0,,hard_neg_laptop
txn_003688,0,,hard_neg_laptop
txn_003689,0,,hard_neg_laptop
txn_003690,0,,hard_neg_laptop
txn_003691,0,,hard_neg_laptop
txn_003692,0,,hard_neg_laptop
txn_003693,0,,hard_neg_laptop
txn_003694,0,,hard_neg_laptop
txn_003695,0,,hard_neg_laptop
txn_003696,0,,hard_neg_laptop
txn_003697,0,,hard_neg_laptop
txn_003698,0,,hard_neg_laptop
txn_003699,0,,hard_neg_laptop
txn_003700,0,,legit
txn_003701,0,,legit
txn_003702,0,,legit
txn_003703,0,,legit
txn_003704,0,,legit
txn_003705,0,,legit
txn_003706,0,,legit
txn_003707,0,,legit
txn_003708,0,,legit
txn_003709,0,,legit
txn_003710,0,,legit
txn_003711,0,,legit
txn_003712,0,,legit
txn_003713,0,,legit
txn_003714,0,,legit
txn_003715,0,,legit
txn_003716,0,,legit
txn_003717,0,,legit
txn_003718,0,,legit
txn_003719,0,,legit
txn_003720,0,,legit
txn_003721,0,,legit
txn_003722,0,,legit
txn_003723,0,,legit
txn_003724,0,,legit
txn_003725,0,,legit
txn_003726,0,,legit
txn_003727,0,,legit
txn_003728,0,,legit
txn_003729,0,,legit
txn_003730,0,,legit
txn_003731,0,,legit
txn_003732,0,,legit
txn_003733,0,,legit
txn_003734,0,,legit
txn_003735,0,,legit
txn_003736,0,,legit
txn_003737,0,,legit
txn_003738,0,,legit
txn_003739,0,,legit
txn_003740,0,,legit
txn_003741,0,,legit
txn_003742,0,,legit
txn_003743,0,,legit
txn_003744,0,,legit
txn_003745,0,,legit
txn_003746,0,,legit
txn_003747,0,,legit
txn_003748,0,,legit
txn_003749,0,,legit
txn_003750,0,,legit
txn_003751,0,,legit
txn_003752,0,,legit
txn_003753,0,,legit
txn_003754,0,,legit
txn_003755,0,,legit
txn_003756,0,,legit
txn_003757,0,,legit
txn_003758,0,,legit
txn_003759,0,,legit
txn_003760,0,,legit
txn_003761,0,,legit
txn_003762,0,,legit
txn_003763,0,,legit
txn_003764,0,,legit
txn_003765,0,,legit
txn_003766,0,,legit
txn_003767,0,,legit
txn_003768,0,,legit
txn_003769,0,,legit
txn_003770,0,,legit
txn_003771,0,,legit
txn_003772,0,,legit
txn_003773,0,,legit
txn_003774,0,,legit
txn_003775,0,,legit
txn_003776,0,,legit
txn_003777,0,,legit
txn_003778,0,,legit
txn_003779,0,,legit
txn_003780,0,,legit
txn_003781,0,,legit
txn_003782,0,,legit
txn_003783,0,,legit
txn_003784,0,,legit
txn_003785,0,,legit
txn_003786,0,,legit
txn_003787,0,,legit
txn_003788,0,,legit
txn_003789,0,,legit
txn_003790,0,,legit
txn_003791,0,,legit
txn_003792,0,,legit
txn_003793,0,,legit
txn_003794,0,,legit
txn_003795,0,,legit
txn_003796,0,,legit
txn_003797,0,,legit
txn_003798,0,,legit
txn_003799,0,,legit
txn_003800,0,,legit
txn_003801,0,,legit
txn_003802,0,,legit
txn_003803,0,,legit
txn_003804,0,,legit
txn_003805,0,,legit
txn_003806,0,,legit
txn_003807,0,,legit
txn_003808,0,,legit
txn_003809,0,,legit
txn_003810,0,,legit
txn_003811,0,,legit
txn_003812,0,,legit
txn_003813,0,,legit
txn_003814,0,,legit
txn_003815,0,,legit
txn_003816,0,,legit
txn_003817,0,,legit
txn_003818,0,,legit
txn_003819,0,,legit
txn_003820,0,,legit
txn_003821,0,,legit
txn_003822,0,,legit
txn_003823,0,,legit
txn_003824,0,,legit
txn_003825,0,,legit
txn_003826,0,,legit
txn_003827,0,,legit
txn_003828,0,,legit
txn_003829,0,,legit
txn_003830,0,,legit
txn_003831,0,,legit
txn_003832,0,,legit
txn_003833,0,,legit
txn_003834,0,,legit
txn_003835,0,,legit
txn_003836,0,,legit
txn_003837,0,,legit
txn_003838,0,,legit
txn_003839,0,,legit
txn_003840,0,,legit
txn_003841,0,,legit
txn_003842,0,,legit
txn_003843,0,,legit
txn_003844,0,,legit
txn_003845,0,,legit
txn_003846,0,,legit
txn_003847,0,,legit
txn_003848,0,,legit
txn_003849,0,,legit
txn_003850,0,,legit
txn_003851,0,,legit
txn_003852,0,,legit
txn_003853,0,,legit
txn_003854,0,,legit
txn_003855,0,,legit
txn_003856,0,,legit
txn_003857,0,,legit
txn_003858,0,,legit
txn_003859,0,,legit
txn_003860,0,,legit
txn_003861,0,,legit
txn_003862,0,,legit
txn_003863,0,,legit
txn_003864,0,,legit
txn_003865,0,,legit
txn_003866,0,,legit
txn_003867,0,,legit
txn_003868,0,,legit
txn_003869,0,,legit
txn_003870,0,,legit
txn_003871,0,,legit
txn_003872,0,,legit
txn_003873,0,,legit
txn_003874,0,,legit
txn_003875,0,,legit
txn_003876,0,,legit
txn_003877,0,,legit
txn_003878,0,,legit
txn_003879,0,,legit
txn_003880,0,,legit
txn_003881,0,,legit
txn_003882,0,,legit
txn_003883,0,,legit
txn_003884,0,,legit
txn_003885,0,,legit
txn_003886,0,,legit
txn_003887,0,,legit
txn_003888,0,,legit
txn_003889,0,,legit
txn_003890,0,,legit
txn_003891,0,,legit
txn_003892,0,,legit
txn_003893,0,,legit
txn_003894,0,,legit
txn_003895,0,,legit
txn_003896,0,,legit
txn_003897,0,,legit
txn_003898,0,,legit
txn_003899,0,,legit
txn_003900,0,,legit
txn_003901,0,,legit
txn_003902,0,,legit
txn_003903,0,,legit
txn_003904,0,,legit
txn_003905,0,,legit
txn_003906,0,,legit
txn_003907,0,,legit
txn_003908,0,,legit
txn_003909,0,,legit
txn_003910,0,,legit
txn_003911,0,,legit
txn_003912,0,,legit
txn_003913,0,,legit
txn_003914,0,,legit
txn_003915,0,,legit
txn_003916,0,,legit
txn_003917,0,,legit
txn_003918,0,,legit
txn_003919,0,,legit
txn_003920,0,,legit
txn_003921,0,,legit
txn_003922,0,,legit
txn_003923,0,,legit
txn_003924,0,,legit
txn_003925,0,,legit
txn_003926,0,,legit
txn_003927,0,,legit
txn_003928,0,,legit
txn_003929,0,,legit
txn_003930,0,,legit
txn_003931,0,,legit
txn_003932,0,,legit
txn_003933,0,,legit
txn_003934,0,,legit
txn_003935,0,,legit
txn_003936,0,,legit
txn_003937,0,,legit
txn_003938,0,,legit
txn_003939,0,,legit
txn_003940,0,,legit
txn_003941,0,,legit
txn_003942,0,,legit
txn_003943,0,,legit
txn_003944,0,,legit
txn_003945,0,,legit
txn_003946,0,,legit
txn_003947,0,,legit
txn_003948,0,,legit
txn_003949,0,,legit
txn_003950,0,,legit
txn_003951,0,,legit
txn_003952,0,,legit
txn_003953,0,,legit
txn_003954,0,,legit
txn_003955,0,,legit
txn_003956,0,,legit
txn_003957,0,,legit
txn_003958,0,,legit
txn_003959,0,,legit
txn_003960,0,,legit
txn_003961,0,,legit
txn_003962,0,,legit
txn_003963,0,,legit
txn_003964,0,,legit
txn_003965,0,,legit
txn_003966,0,,legit
txn_003967,0,,legit
txn_003968,0,,legit
txn_003969,0,,legit
txn_003970,0,,legit
txn_003971,0,,legit
txn_003972,0,,legit
txn_003973,0,,legit
txn_003974,0,,legit
txn_003975,0,,legit
txn_003976,0,,legit
txn_003977,0,,legit
txn_003978,0,,legit
txn_003979,0,,legit
txn_003980,0,,legit
txn_003981,0,,legit
txn_003982,0,,legit
txn_003983,0,,legit
txn_003984,0,,legit
txn_003985,0,,legit
txn_003986,0,,legit
txn_003987,0,,legit
txn_003988,0,,legit
txn_003989,0,,legit
txn_003990,0,,legit
txn_003991,0,,legit
txn_003992,0,,legit
txn_003993,0,,legit
txn_003994,0,,legit
txn_003995,0,,legit
txn_003996,0,,legit
txn_003997,0,,legit
txn_003998,0,,legit
txn_003999,0,,legit
txn_004000,0,,legit
txn_004001,0,,legit
txn_004002,0,,legit
txn_004003,0,,legit
txn_004004,0,,legit
txn_004005,0,,legit
txn_004006,0,,legit
txn_004007,0,,legit
txn_004008,0,,legit
txn_004009,0,,legit
txn_004010,0,,legit
txn_004011,0,,legit
txn_004012,0,,legit
txn_004013,0,,legit
txn_004014,0,,legit
txn_004015,0,,legit
txn_004016,0,,legit
txn_004017,0,,legit
txn_004018,0,,legit
txn_004019,0,,legit
txn_004020,0,,legit
txn_004021,0,,legit
txn_004022,0,,legit
txn_004023,0,,legit
txn_004024,0,,legit
txn_004025,0,,legit
txn_004026,0,,legit
txn_004027,0,,legit
txn_004028,0,,legit
txn_004029,0,,legit
txn_004030,0,,legit
txn_004031,0,,legit
txn_004032,0,,legit
txn_004033,0,,legit
txn_004034,0,,legit
txn_004035,0,,legit
txn_004036,0,,legit
txn_004037,0,,legit
txn_004038,0,,legit
txn_004039,0,,legit
txn_004040,0,,legit
txn_004041,0,,legit
txn_004042,0,,legit
txn_004043,0,,legit
txn_004044,0,,legit
txn_004045,0,,legit
txn_004046,0,,legit
txn_004047,0,,legit
txn_004048,0,,legit
txn_004049,0,,legit
txn_004050,0,,legit
txn_004051,0,,legit
txn_004052,0,,legit
txn_004053,0,,legit
txn_004054,0,,legit
txn_004055,0,,legit
txn_004056,0,,legit
txn_004057,0,,legit
txn_004058,0,,legit
txn_004059,0,,legit
txn_004060,0,,legit
txn_004061,0,,legit
txn_004062,0,,legit
txn_004063,0,,legit
txn_004064,0,,legit
txn_004065,0,,legit
txn_004066,0,,legit
txn_004067,0,,legit
txn_004068,0,,legit
txn_004069,0,,legit
txn_004070,0,,legit
txn_004071,0,,legit
txn_004072,0,,legit
txn_004073,0,,legit
txn_004074,0,,legit
txn_004075,0,,legit
txn_004076,0,,legit
txn_004077,0,,legit
txn_004078,0,,legit
txn_004079,0,,legit
txn_004080,0,,legit
txn_004081,0,,legit
txn_004082,0,,legit
txn_004083,0,,legit
txn_004084,0,,legit
txn_004085,0,,legit
txn_004086,0,,legit
txn_004087,0,,legit
txn_004088,0,,legit
txn_004089,0,,legit
txn_004090,0,,legit
txn_004091,0,,legit
txn_004092,0,,legit
txn_004093,0,,legit
txn_004094,0,,legit
txn_004095,0,,legit
txn_004096,0,,legit
txn_004097,0,,legit
txn_004098,0,,legit
txn_004099,0,,legit
txn_004100,0,,legit
txn_004101,0,,legit
txn_004102,0,,legit
txn_004103,0,,legit
txn_004104,0,,legit
txn_004105,0,,legit
txn_004106,0,,legit
txn_004107,0,,legit
txn_004108,0,,legit
txn_004109,0,,legit
txn_004110,0,,legit
txn_004111,0,,legit
txn_004112,0,,legit
txn_004113,0,,legit
txn_004114,0,,legit
txn_004115,0,,legit
txn_004116,0,,legit
txn_004117,0,,legit
txn_004118,0,,legit
txn_004119,0,,legit
txn_004120,0,,legit
txn_004121,0,,legit
txn_004122,0,,legit
txn_004123,0,,legit
txn_004124,0,,legit
txn_004125,0,,legit
txn_004126,0,,legit
txn_004127,0,,legit
txn_004128,0,,legit
txn_004129,0,,legit
txn_004130,0,,legit
txn_004131,0,,legit
txn_004132,0,,legit
txn_004133,0,,legit
txn_004134,0,,legit
txn_004135,0,,legit
txn_004136,0,,legit
txn_004137,0,,legit
txn_004138,0,,legit
txn_004139,0,,legit
txn_004140,0,,legit
txn_004141,0,,legit
txn_004142,0,,legit
txn_004143,0,,legit
txn_004144,0,,legit
txn_004145,0,,legit
txn_004146,0,,legit
txn_004147,0,,legit
txn_004148,0,,legit
txn_004149,0,,legit
txn_004150,0,,legit
txn_004151,0,,legit
txn_004152,0,,legit
txn_004153,0,,legit
txn_004154,0,,legit
txn_004155,0,,legit
txn_004156,0,,legit
txn_004157,0,,legit
txn_004158,0,,legit
txn_004159,0,,legit
txn_004160,0,,legit
txn_004161,0,,legit
txn_004162,0,,legit
txn_004163,0,,legit
txn_004164,0,,legit
txn_004165,0,,legit
txn_004166,0,,legit
txn_004167,0,,legit
txn_004168,0,,legit
txn_004169,0,,legit
txn_004170,0,,hard_neg_travel
txn_004171,0,,hard_neg_travel
txn_004172,0,,hard_neg_travel
txn_004173,0,,hard_neg_travel
txn_004174,0,,hard_neg_travel
txn_004175,0,,hard_neg_travel
txn_004176,0,,hard_neg_travel
txn_004177,0,,hard_neg_travel
txn_004178,0,,hard_neg_travel
txn_004179,0,,hard_neg_travel
txn_004180,0,,hard_neg_travel
txn_004181,0,,hard_neg_travel
txn_004182,0,,hard_neg_travel
txn_004183,0,,hard_neg_travel
txn_004184,0,,hard_neg_travel
txn_004185,0,,hard_neg_travel
txn_004186,0,,hard_neg_travel
txn_004187,0,,hard_neg_travel
txn_004188,0,,hard_neg_travel
txn_004189,0,,hard_neg_travel
txn_004190,0,,hard_neg_travel
txn_004191,0,,hard_neg_travel
txn_004192,0,,hard_neg_travel
txn_004193,0,,hard_neg_travel
txn_004194,0,,hard_neg_travel
txn_004195,0,,hard_neg_travel
txn_004196,0,,hard_neg_travel
txn_004197,0,,hard_neg_travel
txn_004198,0,,hard_neg_travel
txn_004199,0,,hard_neg_travel
txn_004200,0,,hard_neg_travel
txn_004201,0,,hard_neg_travel
txn_004202,0,,hard_neg_travel
txn_004203,0,,legit
txn_004204,0,,legit
txn_004205,0,,legit
txn_004206,0,,legit
txn_004207,0,,legit
txn_004208,0,,legit
txn_004209,0,,legit
txn_004210,0,,legit
txn_004211,0,,legit
txn_004212,0,,legit
txn_004213,0,,legit
txn_004214,0,,legit
txn_004215,0,,legit
txn_004216,0,,legit
txn_004217,0,,legit
txn_004218,0,,legit
txn_004219,0,,legit
txn_004220,0,,legit
txn_004221,0,,legit
txn_004222,0,,legit
txn_004223,0,,legit
txn_004224,0,,legit
txn_004225,0,,legit
txn_004226,0,,legit
txn_004227,0,,legit
txn_004228,0,,legit
txn_004229,0,,legit
txn_004230,0,,legit
txn_004231,0,,legit
txn_004232,0,,legit
txn_004233,0,,legit
txn_004234,0,,legit
txn_004235,0,,legit
txn_004236,0,,legit
txn_004237,0,,legit
txn_004238,0,,legit
txn_004239,0,,legit
txn_004240,0,,legit
txn_004241,0,,legit
txn_004242,0,,legit
txn_004243,0,,legit
txn_004244,0,,legit
txn_004245,0,,legit
txn_004246,0,,legit
txn_004247,0,,legit
txn_004248,0,,legit
txn_004249,0,,legit
txn_004250,0,,legit
txn_004251,0,,legit
txn_004252,0,,legit
txn_004253,0,,legit
txn_004254,0,,legit
txn_004255,0,,legit
txn_004256,0,,legit
txn_004257,0,,legit
txn_004258,0,,legit
txn_004259,0,,legit
txn_004260,0,,legit
txn_004261,0,,legit
txn_004262,0,,legit
txn_004263,0,,legit
txn_004264,0,,legit
txn_004265,0,,legit
txn_004266,0,,legit
txn_004267,0,,legit
txn_004268,0,,legit
txn_004269,0,,legit
txn_004270,0,,legit
txn_004271,0,,legit
txn_004272,0,,legit
txn_004273,0,,legit
txn_004274,0,,legit
txn_004275,0,,legit
txn_004276,0,,legit
txn_004277,0,,legit
txn_004278,0,,legit
txn_004279,0,,legit
txn_004280,0,,legit
txn_004281,0,,legit
txn_004282,0,,legit
txn_004283,0,,legit
txn_004284,0,,legit
txn_004285,0,,legit
txn_004286,0,,legit
txn_004287,0,,legit
txn_004288,0,,legit
txn_004289,0,,legit
txn_004290,0,,legit
txn_004291,0,,legit
txn_004292,0,,legit
txn_004293,0,,legit
txn_004294,0,,legit
txn_004295,0,,legit
txn_004296,0,,legit
txn_004297,0,,legit
txn_004298,0,,legit
txn_004299,0,,legit
txn_004300,0,,legit
txn_004301,0,,legit
txn_004302,0,,legit
txn_004303,0,,legit
txn_004304,0,,legit
txn_004305,0,,legit
txn_004306,0,,legit
txn_004307,0,,legit
txn_004308,0,,legit
txn_004309,0,,legit
txn_004310,0,,legit
txn_004311,0,,legit
txn_004312,0,,legit
txn_004313,0,,legit
txn_004314,0,,legit
txn_004315,0,,legit
txn_004316,0,,legit
txn_004317,0,,legit
txn_004318,0,,legit
txn_004319,0,,legit
txn_004320,0,,legit
txn_004321,0,,legit
txn_004322,0,,legit
txn_004323,0,,legit
txn_004324,0,,legit
txn_004325,0,,legit
txn_004326,0,,legit
txn_004327,0,,legit
txn_004328,0,,legit
txn_004329,0,,legit
txn_004330,0,,legit
txn_004331,0,,legit
txn_004332,0,,legit
txn_004333,0,,legit
txn_004334,0,,legit
txn_004335,0,,legit
txn_004336,0,,legit
txn_004337,0,,legit
txn_004338,0,,legit
txn_004339,0,,legit
txn_004340,0,,legit
txn_004341,0,,legit
txn_004342,0,,legit
txn_004343,0,,legit
txn_004344,0,,legit
txn_004345,0,,legit
txn_004346,0,,legit
txn_004347,0,,legit
txn_004348,0,,legit
txn_004349,0,,legit
txn_004350,0,,legit
txn_004351,0,,legit
txn_004352,0,,legit
txn_004353,0,,legit
txn_004354,0,,legit
txn_004355,0,,legit
txn_004356,0,,legit
txn_004357,0,,legit
txn_004358,0,,legit
txn_004359,0,,legit
txn_004360,0,,legit
txn_004361,0,,legit
txn_004362,0,,legit
txn_004363,0,,legit
txn_004364,0,,legit
txn_004365,0,,legit
txn_004366,0,,legit
txn_004367,0,,legit
txn_004368,0,,legit
txn_004369,0,,legit
txn_004370,0,,legit
txn_004371,0,,legit
txn_004372,0,,legit
txn_004373,0,,legit
txn_004374,0,,legit
txn_004375,0,,legit
txn_004376,0,,legit
txn_004377,0,,legit
txn_004378,0,,legit
txn_004379,0,,legit
txn_004380,0,,legit
txn_004381,0,,legit
txn_004382,0,,legit
txn_004383,0,,legit
txn_004384,0,,legit
txn_004385,0,,legit
txn_004386,0,,legit
txn_004387,0,,legit
txn_004388,0,,legit
txn_004389,0,,legit
txn_004390,0,,legit
txn_004391,0,,legit
txn_004392,0,,legit
txn_004393,0,,legit
txn_004394,0,,legit
txn_004395,0,,legit
txn_004396,0,,legit
txn_004397,0,,legit
txn_004398,0,,legit
txn_004399,0,,legit
txn_004400,0,,legit
txn_004401,0,,legit
txn_004402,0,,legit
txn_004403,0,,legit
txn_004404,0,,legit
txn_004405,0,,legit
txn_004406,0,,legit
txn_004407,0,,legit
txn_004408,0,,legit
txn_004409,0,,legit
txn_004410,0,,legit
txn_004411,0,,legit
txn_004412,0,,legit
txn_004413,0,,legit
txn_004414,0,,legit
txn_004415,0,,legit
txn_004416,0,,legit
txn_004417,0,,legit
txn_004418,0,,legit
txn_004419,0,,legit
txn_004420,0,,legit
txn_004421,0,,legit
txn_004422,0,,legit
txn_004423,0,,legit
txn_004424,0,,legit
txn_004425,0,,legit
txn_004426,0,,legit
txn_004427,0,,legit
txn_004428,0,,legit
txn_004429,0,,legit
txn_004430,0,,legit
txn_004431,0,,legit
txn_004432,0,,legit
txn_004433,0,,legit
txn_004434,0,,legit
txn_004435,0,,legit
txn_004436,0,,legit
txn_004437,0,,legit
txn_004438,0,,legit
txn_004439,0,,legit
txn_004440,0,,legit
txn_004441,0,,legit
txn_004442,0,,legit
txn_004443,0,,legit
txn_004444,0,,legit
txn_004445,0,,legit
txn_004446,0,,legit
txn_004447,0,,legit
txn_004448,0,,legit
txn_004449,0,,legit
txn_004450,0,,legit
txn_004451,0,,legit
txn_004452,0,,legit
txn_004453,0,,legit
txn_004454,0,,legit
txn_004455,0,,legit
txn_004456,0,,legit
txn_004457,0,,legit
txn_004458,0,,legit
txn_004459,0,,legit
txn_004460,0,,legit
txn_004461,0,,legit
txn_004462,0,,legit
txn_004463,0,,legit
txn_004464,0,,legit
txn_004465,0,,legit
txn_004466,0,,legit
txn_004467,0,,legit
txn_004468,0,,legit
txn_004469,0,,legit
txn_004470,0,,legit
txn_004471,0,,legit
txn_004472,0,,legit
txn_004473,0,,legit
txn_004474,0,,legit
txn_004475,0,,legit
txn_004476,0,,legit
txn_004477,0,,legit
txn_004478,0,,legit
txn_004479,0,,legit
txn_004480,0,,legit
txn_004481,0,,legit
txn_004482,0,,legit
txn_004483,0,,legit
txn_004484,0,,legit
txn_004485,0,,legit
txn_004486,0,,legit
txn_004487,0,,legit
txn_004488,0,,legit
txn_004489,0,,legit
txn_004490,0,,legit
txn_004491,0,,legit
txn_004492,0,,legit
txn_004493,0,,legit
txn_004494,0,,legit
txn_004495,0,,legit
txn_004496,0,,legit
txn_004497,0,,legit
txn_004498,0,,legit
txn_004499,0,,legit
txn_004500,0,,legit
txn_004501,0,,legit
txn_004502,0,,legit
txn_004503,0,,legit
txn_004504,0,,legit
txn_004505,0,,legit
txn_004506,0,,legit
txn_004507,0,,legit
txn_004508,0,,legit
txn_004509,0,,legit
txn_004510,0,,legit
txn_004511,0,,legit
txn_004512,0,,legit
txn_004513,0,,legit
txn_004514,0,,legit
txn_004515,0,,legit
txn_004516,0,,legit
txn_004517,0,,legit
txn_004518,0,,legit
txn_004519,0,,legit
txn_004520,0,,legit
txn_004521,0,,legit
txn_004522,0,,legit
txn_004523,0,,legit
txn_004524,0,,legit
txn_004525,0,,legit
txn_004526,0,,legit
txn_004527,0,,legit
txn_004528,0,,legit
txn_004529,0,,legit
txn_004530,0,,legit
txn_004531,0,,legit
txn_004532,0,,legit
txn_004533,0,,legit
txn_004534,0,,legit
txn_004535,0,,legit
txn_004536,0,,legit
txn_004537,0,,legit
txn_004538,0,,legit
txn_004539,0,,legit
txn_004540,0,,legit
txn_004541,0,,legit
txn_004542,0,,legit
txn_004543,0,,legit
txn_004544,0,,legit
txn_004545,0,,legit
txn_004546,0,,legit
txn_004547,0,,legit
txn_004548,0,,legit
txn_004549,0,,legit
txn_004550,0,,legit
txn_004551,0,,legit
txn_004552,0,,legit
txn_004553,0,,legit
txn_004554,0,,legit
txn_004555,0,,legit
txn_004556,0,,legit
txn_004557,0,,legit
txn_004558,0,,legit
txn_004559,0,,legit
txn_004560,0,,legit
txn_004561,0,,legit
txn_004562,0,,legit
txn_004563,0,,legit
txn_004564,0,,legit
txn_004565,0,,legit
txn_004566,0,,legit
txn_004567,0,,legit
txn_004568,0,,legit
txn_004569,0,,legit
txn_004570,0,,legit
txn_004571,0,,legit
txn_004572,0,,legit
txn_004573,0,,legit
txn_004574,0,,legit
txn_004575,0,,legit
txn_004576,0,,legit
txn_004577,0,,legit
txn_004578,0,,legit
txn_004579,0,,legit
txn_004580,0,,legit
txn_004581,0,,legit
txn_004582,0,,legit
txn_004583,0,,legit
txn_004584,0,,legit
txn_004585,0,,legit
txn_004586,0,,legit
txn_004587,0,,legit
txn_004588,0,,legit
txn_004589,0,,legit
txn_004590,0,,legit
txn_004591,0,,legit
txn_004592,0,,legit
txn_004593,0,,legit
txn_004594,0,,legit
txn_004595,0,,legit
txn_004596,0,,legit
txn_004597,0,,legit
txn_004598,0,,legit
txn_004599,0,,legit
txn_004600,0,,legit
txn_004601,0,,legit
txn_004602,0,,legit
txn_004603,0,,legit
txn_004604,0,,legit
txn_004605,0,,legit
txn_004606,0,,legit
txn_004607,0,,legit
txn_004608,0,,legit
txn_004609,0,,legit
txn_004610,0,,legit
txn_004611,0,,legit
txn_004612,0,,legit
txn_004613,0,,legit
txn_004614,0,,legit
txn_004615,0,,legit
txn_004616,0,,legit
txn_004617,0,,legit
txn_004618,0,,legit
txn_004619,0,,legit
txn_004620,0,,legit
txn_004621,0,,legit
txn_004622,0,,legit
txn_004623,0,,legit
txn_004624,0,,legit
txn_004625,0,,legit
txn_004626,0,,legit
txn_004627,0,,legit
txn_004628,0,,legit
txn_004629,0,,legit
txn_004630,0,,legit
txn_004631,0,,legit
txn_004632,0,,legit
txn_004633,0,,legit
txn_004634,0,,legit
txn_004635,0,,legit
txn_004636,0,,legit
txn_004637,0,,legit
txn_004638,0,,legit
txn_004639,0,,legit
txn_004640,0,,legit
txn_004641,0,,legit
txn_004642,0,,legit
txn_004643,0,,legit
txn_004644,0,,legit
txn_004645,0,,legit
txn_004646,0,,legit
txn_004647,0,,legit
txn_004648,0,,legit
txn_004649,0,,legit
txn_004650,0,,legit
txn_004651,0,,legit
txn_004652,0,,legit
txn_004653,0,,legit
txn_004654,0,,legit
txn_004655,0,,legit
txn_004656,0,,legit
txn_004657,0,,legit
txn_004658,0,,legit
txn_004659,0,,legit
txn_004660,0,,legit
txn_004661,0,,legit
txn_004662,0,,legit
txn_004663,0,,legit
txn_004664,0,,legit
txn_004665,0,,legit
txn_004666,0,,legit
txn_004667,0,,legit
txn_004668,0,,legit
txn_004669,0,,legit
txn_004670,0,,legit
txn_004671,0,,legit
txn_004672,0,,legit
txn_004673,0,,legit
txn_004674,0,,legit
txn_004675,0,,legit
txn_004676,0,,legit
txn_004677,0,,legit
txn_004678,0,,legit
txn_004679,0,,legit
txn_004680,0,,legit
txn_004681,0,,legit
txn_004682,0,,legit
txn_004683,0,,legit
txn_004684,0,,legit
txn_004685,0,,legit
txn_004686,0,,legit
txn_004687,0,,legit
txn_004688,0,,legit
txn_004689,0,,legit
txn_004690,0,,legit
txn_004691,0,,legit
txn_004692,0,,legit
txn_004693,0,,legit
txn_004694,0,,legit
txn_004695,0,,legit
txn_004696,0,,legit
txn_004697,0,,legit
txn_004698,0,,legit
txn_004699,0,,legit
txn_004700,0,,legit
txn_004701,0,,legit
txn_004702,0,,legit
txn_004703,0,,legit
txn_004704,0,,legit
txn_004705,0,,legit
txn_004706,0,,legit
txn_004707,0,,legit
txn_004708,0,,legit
txn_004709,0,,legit
txn_004710,0,,legit
txn_004711,0,,legit
txn_004712,0,,legit
txn_004713,0,,legit
txn_004714,0,,legit
txn_004715,0,,legit
txn_004716,0,,legit
txn_004717,0,,legit
txn_004718,0,,legit
txn_004719,0,,legit
txn_004720,0,,legit
txn_004721,0,,legit
txn_004722,0,,legit
txn_004723,0,,legit
txn_004724,0,,legit
txn_004725,0,,legit
txn_004726,0,,legit
txn_004727,0,,legit
txn_004728,0,,legit
txn_004729,0,,legit
txn_004730,0,,legit
txn_004731,0,,legit
txn_004732,0,,legit
txn_004733,0,,legit
txn_004734,0,,legit
txn_004735,0,,legit
txn_004736,0,,legit
txn_004737,0,,legit
txn_004738,0,,legit
txn_004739,0,,legit
txn_004740,0,,legit
txn_004741,0,,legit
txn_004742,0,,legit
txn_004743,0,,legit
txn_004744,0,,legit
txn_004745,0,,legit
txn_004746,0,,legit
txn_004747,0,,legit
txn_004748,0,,legit
txn_004749,0,,legit
txn_004750,0,,legit
txn_004751,0,,legit
txn_004752,0,,legit
txn_004753,0,,legit
txn_004754,0,,legit
txn_004755,0,,legit
txn_004756,0,,legit
txn_004757,0,,legit
txn_004758,0,,legit
txn_004759,0,,legit
txn_004760,0,,legit
txn_004761,0,,legit
txn_004762,0,,legit
txn_004763,0,,legit
txn_004764,0,,legit
txn_004765,0,,legit
txn_004766,0,,legit
txn_004767,0,,legit
txn_004768,0,,legit
txn_004769,0,,legit
txn_004770,0,,legit
txn_004771,0,,legit
txn_004772,0,,legit
txn_004773,0,,legit
txn_004774,0,,legit
txn_004775,0,,legit
txn_004776,0,,legit
txn_004777,0,,legit
txn_004778,0,,legit
txn_004779,0,,legit
txn_004780,0,,legit
txn_004781,0,,legit
txn_004782,0,,legit
txn_004783,0,,legit
txn_004784,0,,legit
txn_004785,0,,legit
txn_004786,0,,legit
txn_004787,0,,legit
txn_004788,0,,legit
txn_004789,0,,legit
txn_004790,0,,legit
txn_004791,0,,legit
txn_004792,0,,legit
txn_004793,0,,legit
txn_004794,0,,legit
txn_004795,0,,legit
txn_004796,0,,legit
txn_004797,0,,legit
txn_004798,0,,legit
txn_004799,0,,legit
txn_004800,0,,legit
txn_004801,0,,legit
txn_004802,0,,legit
txn_004803,0,,legit
txn_004804,0,,legit
txn_004805,0,,legit
txn_004806,0,,legit
txn_004807,0,,legit
txn_004808,0,,legit
txn_004809,0,,legit
txn_004810,0,,legit
txn_004811,0,,legit
txn_004812,0,,legit
txn_004813,0,,legit
txn_004814,0,,legit
txn_004815,0,,legit
txn_004816,0,,legit
txn_004817,0,,legit
txn_004818,0,,legit
txn_004819,0,,legit
txn_004820,0,,legit
txn_004821,0,,legit
txn_004822,0,,legit
txn_004823,0,,legit
txn_004824,0,,legit
txn_004825,0,,legit
txn_004826,0,,legit
txn_004827,0,,legit
txn_004828,0,,legit
txn_004829,0,,legit
txn_004830,0,,legit
txn_004831,0,,legit
txn_004832,0,,legit
txn_004833,0,,legit
txn_004834,0,,legit
txn_004835,0,,legit
txn_004836,0,,legit
txn_004837,0,,legit
txn_004838,0,,legit
txn_004839,0,,legit
txn_004840,0,,legit
txn_004841,0,,legit
txn_004842,0,,legit
txn_004843,0,,legit
txn_004844,0,,legit
txn_004845,0,,legit
txn_004846,0,,legit
txn_004847,0,,legit
txn_004848,0,,legit
txn_004849,0,,legit
txn_004850,0,,legit
txn_004851,0,,legit
txn_004852,0,,legit
txn_004853,0,,legit
txn_004854,0,,legit
txn_004855,0,,legit
txn_004856,0,,legit
txn_004857,0,,legit
txn_004858,0,,legit
txn_004859,0,,legit
txn_004860,0,,legit
txn_004861,0,,legit
txn_004862,0,,legit
txn_004863,0,,legit
txn_004864,0,,legit
txn_004865,0,,legit
txn_004866,0,,legit
txn_004867,0,,legit
txn_004868,0,,legit
txn_004869,0,,legit
txn_004870,0,,legit
txn_004871,0,,legit
txn_004872,0,,legit
txn_004873,0,,legit
txn_004874,0,,legit
txn_004875,0,,legit
txn_004876,0,,legit
txn_004877,0,,legit
txn_004878,0,,legit
txn_004879,0,,legit
txn_004880,0,,legit
txn_004881,0,,legit
txn_004882,0,,legit
txn_004883,0,,legit
txn_004884,0,,legit
txn_004885,0,,legit
txn_004886,0,,legit
txn_004887,0,,legit
txn_004888,0,,legit
txn_004889,0,,legit
txn_004890,0,,legit
txn_004891,0,,legit
txn_004892,0,,legit
txn_004893,0,,legit
txn_004894,0,,legit
txn_004895,0,,legit
txn_004896,0,,legit
txn_004897,0,,legit
txn_004898,0,,legit
txn_004899,0,,legit
txn_004900,0,,legit
txn_004901,0,,legit
txn_004902,0,,legit
txn_004903,0,,legit
txn_004904,0,,legit
txn_004905,0,,legit
txn_004906,0,,legit
txn_004907,0,,legit
txn_004908,0,,legit
txn_004909,0,,legit
txn_004910,0,,legit
txn_004911,0,,legit
txn_004912,0,,legit
txn_004913,0,,legit
txn_004914,0,,legit
txn_004915,0,,legit
txn_004916,0,,legit
txn_004917,0,,legit
txn_004918,0,,legit
txn_004919,0,,legit
txn_004920,0,,legit
txn_004921,0,,legit
txn_004922,0,,legit
txn_004923,0,,legit
txn_004924,0,,legit
txn_004925,0,,legit
txn_004926,0,,legit
txn_004927,0,,legit
txn_004928,0,,legit
txn_004929,0,,legit
txn_004930,0,,legit
txn_004931,0,,legit
txn_004932,0,,legit
txn_004933,0,,legit
txn_004934,0,,legit
txn_004935,0,,legit
txn_004936,0,,legit
txn_004937,0,,legit
txn_004938,0,,legit
txn_004939,0,,legit
txn_004940,0,,legit
txn_004941,0,,legit
txn_004942,0,,legit
txn_004943,0,,legit
txn_004944,0,,legit
txn_004945,0,,legit
txn_004946,0,,legit
txn_004947,0,,legit
txn_004948,0,,legit
txn_004949,0,,legit
txn_004950,0,,legit
txn_004951,0,,legit
txn_004952,0,,legit
txn_004953,0,,legit
txn_004954,0,,legit
txn_004955,0,,legit
txn_004956,0,,legit
txn_004957,0,,legit
txn_004958,0,,legit
txn_004959,0,,legit
txn_004960,0,,legit
txn_004961,0,,legit
txn_004962,0,,legit
txn_004963,0,,legit
txn_004964,0,,legit
txn_004965,0,,legit
txn_004966,0,,legit
txn_004967,0,,legit
txn_004968,0,,legit
txn_004969,0,,legit
txn_004970,0,,legit
txn_004971,0,,legit
txn_004972,0,,legit
txn_004973,0,,legit
txn_004974,0,,legit
txn_004975,0,,legit
txn_004976,0,,legit
txn_004977,0,,legit
txn_004978,0,,legit
txn_004979,0,,legit
txn_004980,0,,legit
txn_004981,0,,legit
txn_004982,0,,legit
txn_004983,0,,legit
txn_004984,0,,legit
txn_004985,0,,legit
txn_004986,0,,legit
txn_004987,0,,legit
txn_004988,0,,legit
txn_004989,0,,legit
txn_004990,0,,legit
txn_004991,0,,legit
txn_004992,0,,legit
txn_004993,0,,legit
txn_004994,0,,legit
txn_004995,0,,legit
txn_004996,0,,legit
txn_004997,0,,legit
txn_004998,0,,legit
txn_004999,0,,legit
txn_005000,0,,legit
txn_005001,0,,legit
txn_005002,0,,legit
txn_005003,0,,legit
txn_005004,0,,legit
txn_005005,0,,legit
txn_005006,0,,legit
txn_005007,0,,legit
txn_005008,0,,legit
txn_005009,0,,legit
txn_005010,0,,legit
txn_005011,0,,legit
txn_005012,0,,legit
txn_005013,0,,legit
txn_005014,0,,legit
txn_005015,0,,legit
txn_005016,0,,legit
txn_005017,0,,legit
txn_005018,0,,legit
txn_005019,0,,legit
txn_005020,0,,legit
txn_005021,0,,legit
txn_005022,0,,legit
txn_005023,0,,legit
txn_005024,0,,legit
txn_005025,0,,legit
txn_005026,0,,legit
txn_005027,0,,legit
txn_005028,0,,legit
txn_005029,0,,legit
txn_005030,0,,legit
txn_005031,0,,legit
txn_005032,0,,legit
txn_005033,0,,legit
txn_005034,0,,legit
txn_005035,0,,legit
txn_005036,0,,legit
txn_005037,0,,legit
txn_005038,0,,legit
txn_005039,0,,legit
txn_005040,0,,legit
txn_005041,0,,legit
txn_005042,0,,legit
txn_005043,0,,legit
txn_005044,0,,legit
txn_005045,0,,legit
txn_005046,0,,legit
txn_005047,0,,legit
txn_005048,0,,legit
txn_005049,0,,legit
txn_005050,0,,legit
txn_005051,0,,legit
txn_005052,0,,legit
txn_005053,0,,legit
txn_005054,0,,legit
txn_005055,0,,legit
txn_005056,0,,legit
txn_005057,0,,legit
txn_005058,0,,legit
txn_005059,0,,legit
txn_005060,0,,legit
txn_005061,0,,legit
txn_005062,0,,legit
txn_005063,0,,legit
txn_005064,0,,legit
txn_005065,0,,legit
txn_005066,0,,legit
txn_005067,0,,legit
txn_005068,0,,legit
txn_005069,0,,legit
txn_005070,0,,legit
txn_005071,0,,legit
txn_005072,0,,legit
txn_005073,0,,legit
txn_005074,0,,legit
txn_005075,0,,legit
txn_005076,0,,legit
txn_005077,0,,legit
txn_005078,0,,legit
txn_005079,0,,legit
txn_005080,0,,legit
txn_005081,0,,legit
txn_005082,0,,legit
txn_005083,0,,legit
txn_005084,0,,legit
txn_005085,0,,legit
txn_005086,0,,legit
txn_005087,0,,legit
txn_005088,0,,legit
txn_005089,0,,legit
txn_005090,0,,legit
txn_005091,0,,legit
txn_005092,0,,legit
txn_005093,0,,legit
txn_005094,0,,legit
txn_005095,0,,legit
txn_005096,0,,legit
txn_005097,0,,legit
txn_005098,0,,legit
txn_005099,0,,legit
txn_005100,0,,legit
txn_005101,0,,legit
txn_005102,0,,legit
txn_005103,0,,legit
txn_005104,0,,legit
txn_005105,0,,legit
txn_005106,0,,legit
txn_005107,0,,legit
txn_005108,0,,legit
txn_005109,0,,legit
txn_005110,0,,legit
txn_005111,0,,legit
txn_005112,0,,legit
txn_005113,0,,legit
txn_005114,0,,legit
txn_005115,0,,legit
txn_005116,0,,legit
txn_005117,0,,legit
txn_005118,0,,legit
txn_005119,0,,legit
txn_005120,0,,legit
txn_005121,0,,legit
txn_005122,0,,legit
txn_005123,0,,legit
txn_005124,0,,legit
txn_005125,0,,legit
txn_005126,0,,legit
txn_005127,0,,legit
txn_005128,0,,legit
txn_005129,0,,legit
txn_005130,0,,legit
txn_005131,0,,legit
txn_005132,0,,legit
txn_005133,0,,legit
txn_005134,0,,legit
txn_005135,0,,legit
txn_005136,0,,legit
txn_005137,0,,legit
txn_005138,0,,legit
txn_005139,0,,legit
txn_005140,0,,legit
txn_005141,0,,legit
txn_005142,0,,legit
txn_005143,0,,legit
txn_005144,0,,legit
txn_005145,0,,legit
txn_005146,0,,legit
txn_005147,0,,legit
txn_005148,0,,legit
txn_005149,0,,legit
txn_005150,0,,legit
txn_005151,0,,legit
txn_005152,0,,legit
txn_005153,0,,legit
txn_005154,0,,legit
txn_005155,0,,legit
txn_005156,0,,legit
txn_005157,0,,legit
txn_005158,0,,legit
txn_005159,0,,legit
txn_005160,0,,legit
txn_005161,0,,legit
txn_005162,0,,legit
txn_005163,0,,legit
txn_005164,0,,legit
txn_005165,0,,legit
txn_005166,0,,legit
txn_005167,0,,legit
txn_005168,0,,legit
txn_005169,0,,legit
txn_005170,0,,legit
txn_005171,0,,legit
txn_005172,0,,legit
txn_005173,0,,legit
txn_005174,0,,legit
txn_005175,0,,legit
txn_005176,0,,legit
txn_005177,0,,legit
txn_005178,0,,legit
txn_005179,0,,legit
txn_005180,0,,legit
txn_005181,0,,legit
txn_005182,0,,legit
txn_005183,0,,legit
txn_005184,0,,legit
txn_005185,0,,legit
txn_005186,0,,legit
txn_005187,0,,legit
txn_005188,0,,legit
txn_005189,0,,legit
txn_005190,0,,legit
txn_005191,0,,legit
txn_005192,0,,legit
txn_005193,0,,legit
txn_005194,0,,legit
txn_005195,0,,legit
txn_005196,0,,legit
txn_005197,0,,legit
txn_005198,0,,legit
txn_005199,0,,legit
txn_005200,0,,legit
txn_005201,0,,legit
txn_005202,0,,legit
txn_005203,0,,legit
txn_005204,0,,legit
txn_005205,0,,legit
txn_005206,0,,legit
txn_005207,0,,legit
txn_005208,0,,legit
txn_005209,0,,legit
txn_005210,0,,legit
txn_005211,0,,legit
txn_005212,0,,legit
txn_005213,0,,legit
txn_005214,0,,legit
txn_005215,0,,legit
txn_005216,0,,legit
txn_005217,0,,legit
txn_005218,0,,legit
txn_005219,0,,legit
txn_005220,0,,legit
txn_005221,0,,legit
txn_005222,0,,legit
txn_005223,0,,legit
txn_005224,0,,legit
txn_005225,0,,legit
txn_005226,0,,legit
txn_005227,0,,legit
txn_005228,0,,legit
txn_005229,0,,legit
txn_005230,0,,legit
txn_005231,0,,legit
txn_005232,0,,legit
txn_005233,0,,legit
txn_005234,0,,legit
txn_005235,0,,legit
txn_005236,0,,legit
txn_005237,0,,legit
txn_005238,0,,legit
txn_005239,0,,legit
txn_005240,0,,legit
txn_005241,0,,legit
txn_005242,0,,legit
txn_005243,0,,legit
txn_005244,0,,legit
txn_005245,0,,legit
txn_005246,0,,legit
txn_005247,0,,legit
txn_005248,0,,legit
txn_005249,0,,legit
txn_005250,0,,legit
txn_005251,0,,legit
txn_005252,0,,legit
txn_005253,0,,legit
txn_005254,0,,legit
txn_005255,0,,legit
txn_005256,0,,legit
txn_005257,0,,legit
txn_005258,0,,legit
txn_005259,0,,legit
txn_005260,0,,legit
txn_005261,0,,legit
txn_005262,0,,legit
txn_005263,0,,legit
txn_005264,0,,legit
txn_005265,0,,legit
txn_005266,0,,legit
txn_005267,0,,legit
txn_005268,0,,legit
txn_005269,0,,legit
txn_005270,0,,legit
txn_005271,0,,legit
txn_005272,0,,legit
txn_005273,0,,legit
txn_005274,0,,legit
txn_005275,0,,legit
txn_005276,0,,legit
txn_005277,0,,legit
txn_005278,0,,legit
txn_005279,0,,legit
txn_005280,0,,legit
txn_005281,0,,legit
txn_005282,0,,legit
txn_005283,0,,legit
txn_005284,0,,legit
txn_005285,0,,legit
txn_005286,0,,legit
txn_005287,0,,legit
txn_005288,0,,legit
txn_005289,0,,legit
txn_005290,0,,legit
txn_005291,0,,legit
txn_005292,0,,legit
txn_005293,0,,legit
txn_005294,0,,legit
txn_005295,0,,legit
txn_005296,0,,legit
txn_005297,0,,legit
txn_005298,0,,legit
txn_005299,0,,legit
txn_005300,0,,legit
txn_005301,0,,legit
txn_005302,0,,legit
txn_005303,0,,legit
txn_005304,0,,legit
txn_005305,0,,legit
txn_005306,0,,legit
txn_005307,0,,legit
txn_005308,0,,legit
txn_005309,0,,legit
txn_005310,0,,legit
txn_005311,0,,legit
txn_005312,0,,legit
txn_005313,0,,legit
txn_005314,0,,legit
txn_005315,0,,legit
txn_005316,0,,legit
txn_005317,0,,legit
txn_005318,0,,legit
txn_005319,0,,legit
txn_005320,0,,legit
txn_005321,0,,legit
txn_005322,0,,legit
txn_005323,0,,legit
txn_005324,0,,legit
txn_005325,0,,legit
txn_005326,0,,legit
txn_005327,0,,legit
txn_005328,0,,legit
txn_005329,0,,legit
txn_005330,0,,legit
txn_005331,0,,legit
txn_005332,0,,legit
txn_005333,0,,legit
txn_005334,0,,legit
txn_005335,0,,legit
txn_005336,0,,legit
txn_005337,0,,legit
txn_005338,0,,legit
txn_005339,0,,legit
txn_005340,0,,legit
txn_005341,0,,legit
txn_005342,0,,legit
txn_005343,0,,legit
txn_005344,0,,legit
txn_005345,0,,legit
txn_005346,0,,legit
txn_005347,0,,legit
txn_005348,0,,legit
txn_005349,0,,legit
txn_005350,0,,legit
txn_005351,0,,legit
txn_005352,0,,legit
txn_005353,0,,legit
txn_005354,0,,legit
txn_005355,0,,legit
txn_005356,0,,legit
txn_005357,0,,legit
txn_005358,0,,legit
txn_005359,0,,legit
txn_005360,0,,legit
txn_005361,0,,legit
txn_005362,0,,legit
txn_005363,0,,legit
txn_005364,0,,legit
txn_005365,0,,legit
txn_005366,0,,legit
txn_005367,0,,legit
txn_005368,0,,legit
txn_005369,0,,legit
txn_005370,0,,legit
txn_005371,0,,legit
txn_005372,0,,legit
txn_005373,0,,legit
txn_005374,0,,legit
txn_005375,0,,legit
txn_005376,0,,legit
txn_005377,0,,legit
txn_005378,0,,legit
txn_005379,0,,legit
txn_005380,0,,legit
txn_005381,0,,legit
txn_005382,0,,legit
txn_005383,0,,legit
txn_005384,0,,legit
txn_005385,0,,legit
txn_005386,0,,legit
txn_005387,0,,legit
txn_005388,0,,legit
txn_005389,0,,legit
txn_005390,0,,legit
txn_005391,0,,legit
txn_005392,0,,legit
txn_005393,0,,legit
txn_005394,0,,legit
txn_005395,0,,legit
txn_005396,0,,legit
txn_005397,0,,legit
txn_005398,0,,legit
txn_005399,0,,legit
txn_005400,0,,legit
txn_005401,0,,legit
txn_005402,0,,legit
txn_005403,0,,legit
txn_005404,0,,legit
txn_005405,0,,legit
txn_005406,0,,legit
txn_005407,0,,legit
txn_005408,0,,legit
txn_005409,0,,legit
txn_005410,0,,legit
txn_005411,0,,legit
txn_005412,0,,legit
txn_005413,0,,legit
txn_005414,0,,legit
txn_005415,0,,legit
txn_005416,0,,legit
txn_005417,0,,legit
txn_005418,0,,legit
txn_005419,0,,legit
txn_005420,0,,legit
txn_005421,0,,legit
txn_005422,0,,legit
txn_005423,0,,legit
txn_005424,0,,legit
txn_005425,0,,legit
txn_005426,0,,legit
txn_005427,0,,legit
txn_005428,0,,legit
txn_005429,0,,legit
txn_005430,0,,legit
txn_005431,0,,legit
txn_005432,0,,legit
txn_005433,0,,legit
txn_005434,0,,legit
txn_005435,0,,legit
txn_005436,0,,legit
txn_005437,0,,legit
txn_005438,0,,legit
txn_005439,0,,legit
txn_005440,0,,legit
txn_005441,0,,legit
txn_005442,0,,legit
txn_005443,0,,legit
txn_005444,0,,legit
txn_005445,0,,legit
txn_005446,0,,legit
txn_005447,0,,legit
txn_005448,0,,legit
txn_005449,0,,legit
txn_005450,0,,legit
txn_005451,0,,legit
txn_005452,0,,legit
txn_005453,0,,legit
txn_005454,0,,legit
txn_005455,0,,legit
txn_005456,0,,legit
txn_005457,0,,legit
txn_005458,0,,legit
txn_005459,0,,legit
txn_005460,0,,legit
txn_005461,0,,legit
txn_005462,0,,legit
txn_005463,0,,legit
txn_005464,0,,legit
txn_005465,0,,legit
txn_005466,0,,legit
txn_005467,0,,legit
txn_005468,0,,legit
txn_005469,0,,legit
txn_005470,0,,legit
txn_005471,0,,legit
txn_005472,0,,legit
txn_005473,0,,legit
txn_005474,0,,legit
txn_005475,0,,legit
txn_005476,0,,legit
txn_005477,0,,legit
txn_005478,0,,legit
txn_005479,0,,legit
txn_005480,0,,legit
txn_005481,0,,legit
txn_005482,0,,legit
txn_005483,0,,legit
txn_005484,0,,legit
txn_005485,0,,legit
txn_005486,0,,legit
txn_005487,0,,legit
txn_005488,0,,legit
txn_005489,0,,legit
txn_005490,0,,legit
txn_005491,0,,legit
txn_005492,0,,legit
txn_005493,0,,legit
txn_005494,0,,legit
txn_005495,0,,legit
txn_005496,0,,legit
txn_005497,0,,legit
txn_005498,0,,legit
txn_005499,0,,legit
txn_005500,0,,legit
txn_005501,0,,legit
txn_005502,0,,legit
txn_005503,0,,legit
txn_005504,0,,legit
txn_005505,0,,legit
txn_005506,0,,legit
txn_005507,0,,legit
txn_005508,0,,legit
txn_005509,0,,legit
txn_005510,0,,legit
txn_005511,0,,legit
txn_005512,0,,legit
txn_005513,0,,legit
txn_005514,0,,legit
txn_005515,0,,legit
txn_005516,0,,legit
txn_005517,0,,legit
txn_005518,0,,legit
txn_005519,0,,legit
txn_005520,0,,legit
txn_005521,0,,legit
txn_005522,0,,legit
txn_005523,0,,legit
txn_005524,0,,legit
txn_005525,0,,legit
txn_005526,0,,legit
txn_005527,0,,legit
txn_005528,0,,legit
txn_005529,0,,legit
txn_005530,0,,legit
txn_005531,0,,legit
txn_005532,0,,legit
txn_005533,0,,legit
txn_005534,0,,legit
txn_005535,0,,legit
txn_005536,0,,legit
txn_005537,0,,legit
txn_005538,0,,legit
txn_005539,0,,legit
txn_005540,0,,legit
txn_005541,0,,legit
txn_005542,0,,legit
txn_005543,0,,legit
txn_005544,0,,legit
txn_005545,0,,legit
txn_005546,0,,legit
txn_005547,0,,legit
txn_005548,0,,legit
txn_005549,0,,legit
txn_005550,0,,legit
txn_005551,0,,legit
txn_005552,0,,legit
txn_005553,0,,legit
txn_005554,0,,legit
txn_005555,0,,legit
txn_005556,0,,legit
txn_005557,0,,legit
txn_005558,0,,legit
txn_005559,0,,legit
txn_005560,0,,legit
txn_005561,0,,legit
txn_005562,0,,legit
txn_005563,0,,legit
txn_005564,0,,legit
txn_005565,0,,legit
txn_005566,0,,legit
txn_005567,0,,legit
txn_005568,0,,legit
txn_005569,0,,legit
txn_005570,0,,legit
txn_005571,0,,legit
txn_005572,0,,legit
txn_005573,0,,legit
txn_005574,0,,legit
txn_005575,0,,legit
txn_005576,0,,legit
txn_005577,0,,legit
txn_005578,0,,legit
txn_005579,0,,legit
txn_005580,0,,legit
txn_005581,0,,legit
txn_005582,0,,legit
txn_005583,0,,legit
txn_005584,0,,legit
txn_005585,0,,legit
txn_005586,0,,legit
txn_005587,0,,legit
txn_005588,0,,legit
txn_005589,0,,legit
txn_005590,0,,legit
txn_005591,0,,legit
txn_005592,0,,legit
txn_005593,0,,legit
txn_005594,0,,legit
txn_005595,0,,legit
txn_005596,0,,legit
txn_005597,0,,legit
txn_005598,0,,legit
txn_005599,0,,legit
txn_005600,0,,legit
txn_005601,0,,legit
txn_005602,0,,legit
txn_005603,0,,legit
txn_005604,0,,legit
txn_005605,0,,legit
txn_005606,0,,legit
txn_005607,0,,legit
txn_005608,0,,legit
txn_005609,0,,legit
txn_005610,0,,legit
txn_005611,0,,legit
txn_005612,0,,legit
txn_005613,0,,legit
txn_005614,0,,legit
txn_005615,0,,legit
txn_005616,0,,legit
txn_005617,0,,legit
txn_005618,0,,legit
txn_005619,0,,legit
txn_005620,0,,legit
txn_005621,0,,legit
txn_005622,0,,legit
txn_005623,0,,legit
txn_005624,0,,legit
txn_005625,0,,legit
txn_005626,0,,legit
txn_005627,0,,legit
txn_005628,0,,legit
txn_005629,0,,legit
txn_005630,0,,legit
txn_005631,0,,legit
txn_005632,0,,legit
txn_005633,0,,legit
txn_005634,0,,legit
txn_005635,0,,legit
txn_005636,0,,legit
txn_005637,0,,legit
txn_005638,0,,legit
txn_005639,0,,legit
txn_005640,0,,legit
txn_005641,0,,legit
txn_005642,0,,legit
txn_005643,0,,legit
txn_005644,0,,legit
txn_005645,0,,legit
txn_005646,0,,legit
txn_005647,0,,legit
txn_005648,0,,legit
txn_005649,0,,legit
txn_005650,0,,legit
txn_005651,0,,legit
txn_005652,0,,legit
txn_005653,0,,legit
txn_005654,0,,legit
txn_005655,0,,legit
txn_005656,0,,legit
txn_005657,0,,legit
txn_005658,0,,legit
txn_005659,0,,legit
txn_005660,0,,legit
txn_005661,0,,legit
txn_005662,0,,legit
txn_005663,0,,legit
txn_005664,0,,legit
txn_005665,0,,legit
txn_005666,0,,legit
txn_005667,0,,legit
txn_005668,0,,legit
txn_005669,0,,legit
txn_005670,0,,legit
txn_005671,0,,legit
txn_005672,0,,legit
txn_005673,0,,legit
txn_005674,0,,legit
txn_005675,0,,legit
txn_005676,0,,legit
txn_005677,0,,legit
txn_005678,0,,legit
txn_005679,0,,legit
txn_005680,0,,legit
txn_005681,0,,legit
txn_005682,0,,legit
txn_005683,0,,legit
txn_005684,0,,legit
txn_005685,0,,legit
txn_005686,0,,legit
txn_005687,0,,legit
txn_005688,0,,legit
txn_005689,0,,legit
txn_005690,0,,legit
txn_005691,0,,legit
txn_005692,0,,legit
txn_005693,0,,legit
txn_005694,0,,legit
txn_005695,0,,legit
txn_005696,0,,legit
txn_005697,0,,legit
txn_005698,0,,legit
txn_005699,0,,legit
txn_005700,0,,legit
txn_005701,0,,legit
txn_005702,0,,legit
txn_005703,0,,legit
txn_005704,0,,legit
txn_005705,0,,legit
txn_005706,0,,legit
txn_005707,0,,legit
txn_005708,0,,legit
txn_005709,0,,legit
txn_005710,0,,legit
txn_005711,0,,legit
txn_005712,0,,legit
txn_005713,0,,legit
txn_005714,0,,legit
txn_005715,0,,legit
txn_005716,0,,legit
txn_005717,0,,legit
txn_005718,0,,legit
txn_005719,0,,legit
txn_005720,0,,legit
txn_005721,0,,legit
txn_005722,0,,legit
txn_005723,0,,legit
txn_005724,0,,legit
txn_005725,0,,legit
txn_005726,0,,legit
txn_005727,0,,legit
txn_005728,0,,legit
txn_005729,0,,legit
txn_005730,0,,legit
txn_005731,0,,legit
txn_005732,0,,legit
txn_005733,0,,legit
txn_005734,0,,legit
txn_005735,0,,legit
txn_005736,0,,legit
txn_005737,0,,legit
txn_005738,0,,legit
txn_005739,0,,legit
txn_005740,0,,legit
txn_005741,0,,legit
txn_005742,0,,legit
txn_005743,0,,legit
txn_005744,0,,legit
txn_005745,0,,legit
txn_005746,0,,legit
txn_005747,0,,legit
txn_005748,0,,legit
txn_005749,0,,legit
txn_005750,0,,legit
txn_005751,0,,legit
txn_005752,0,,legit
txn_005753,0,,legit
txn_005754,0,,legit
txn_005755,0,,legit
txn_005756,0,,legit
txn_005757,0,,legit
txn_005758,0,,legit
txn_005759,0,,legit
txn_005760,0,,legit
txn_005761,0,,legit
txn_005762,0,,legit
txn_005763,0,,legit
txn_005764,0,,legit
txn_005765,0,,legit
txn_005766,0,,legit
txn_005767,0,,legit
txn_005768,0,,legit
txn_005769,0,,legit
txn_005770,0,,legit
txn_005771,0,,legit
txn_005772,0,,legit
txn_005773,0,,legit
txn_005774,0,,legit
txn_005775,0,,legit
txn_005776,0,,legit
txn_005777,0,,legit
txn_005778,0,,legit
txn_005779,0,,legit
txn_005780,0,,legit
txn_005781,0,,legit
txn_005782,0,,legit
txn_005783,0,,legit
txn_005784,0,,legit
txn_005785,0,,legit
txn_005786,0,,legit
txn_005787,0,,legit
txn_005788,0,,legit
txn_005789,0,,legit
txn_005790,0,,legit
txn_005791,0,,legit
txn_005792,0,,legit
txn_005793,0,,legit
txn_005794,0,,legit
txn_005795,0,,legit
txn_005796,0,,legit
txn_005797,0,,legit
txn_005798,0,,legit
txn_005799,0,,legit
txn_005800,0,,legit
txn_005801,0,,legit
txn_005802,0,,legit
txn_005803,0,,legit
txn_005804,0,,legit
txn_005805,0,,legit
txn_005806,0,,legit
txn_005807,0,,legit
txn_005808,0,,legit
txn_005809,0,,legit
txn_005810,0,,legit
txn_005811,0,,legit
txn_005812,0,,legit
txn_005813,0,,legit
txn_005814,0,,legit
txn_005815,0,,legit
txn_005816,0,,legit
txn_005817,0,,legit
txn_005818,0,,legit
txn_005819,0,,legit
txn_005820,0,,legit
txn_005821,0,,legit
txn_005822,0,,legit
txn_005823,0,,legit
txn_005824,0,,legit
txn_005825,0,,legit
txn_005826,0,,legit
txn_005827,0,,legit
txn_005828,0,,legit
txn_005829,0,,legit
txn_005830,0,,legit
txn_005831,0,,legit
txn_005832,0,,legit
txn_005833,0,,legit
txn_005834,0,,legit
txn_005835,0,,legit
txn_005836,0,,legit
txn_005837,0,,legit
txn_005838,0,,legit
txn_005839,0,,legit
txn_005840,0,,legit
txn_005841,0,,legit
txn_005842,0,,legit
txn_005843,0,,legit
txn_005844,0,,legit
txn_005845,0,,legit
txn_005846,0,,legit
txn_005847,0,,legit
txn_005848,0,,legit
txn_005849,0,,legit
txn_005850,0,,legit
txn_005851,0,,legit
txn_005852,0,,legit
txn_005853,0,,legit
txn_005854,0,,legit
txn_005855,0,,legit
txn_005856,0,,legit
txn_005857,0,,legit
txn_005858,0,,legit
txn_005859,0,,legit
txn_005860,0,,legit
txn_005861,0,,legit
txn_005862,0,,legit
txn_005863,0,,legit
txn_005864,0,,legit
txn_005865,0,,legit
txn_005866,0,,legit
txn_005867,0,,legit
txn_005868,0,,legit
txn_005869,0,,legit
txn_005870,0,,legit
txn_005871,0,,legit
txn_005872,0,,legit
txn_005873,0,,legit
txn_005874,0,,legit
txn_005875,0,,legit
txn_005876,0,,legit
txn_005877,0,,legit
txn_005878,0,,legit
txn_005879,0,,legit
txn_005880,0,,legit
txn_005881,0,,legit
txn_005882,0,,legit
txn_005883,0,,legit
txn_005884,0,,legit
txn_005885,0,,legit
txn_005886,0,,legit
txn_005887,0,,legit
txn_005888,0,,legit
txn_005889,0,,legit
txn_005890,0,,legit
txn_005891,0,,legit
txn_005892,0,,legit
txn_005893,0,,legit
txn_005894,0,,legit
txn_005895,0,,legit
txn_005896,0,,legit
txn_005897,0,,legit
txn_005898,0,,legit
txn_005899,0,,legit
txn_005900,0,,legit
txn_005901,0,,legit
txn_005902,0,,legit
txn_005903,0,,legit
txn_005904,0,,legit
txn_005905,0,,legit
txn_005906,0,,legit
txn_005907,0,,legit
txn_005908,0,,legit
txn_005909,0,,legit
txn_005910,0,,legit
txn_005911,0,,legit
txn_005912,0,,legit
txn_005913,0,,legit
txn_005914,0,,legit
txn_005915,0,,legit
txn_005916,0,,legit
txn_005917,0,,legit
txn_005918,0,,legit
txn_005919,0,,legit
txn_005920,0,,legit
txn_005921,0,,legit
txn_005922,0,,legit
txn_005923,0,,legit
txn_005924,0,,legit
txn_005925,0,,legit
txn_005926,0,,legit
txn_005927,0,,legit
txn_005928,0,,legit
txn_005929,0,,legit
txn_005930,0,,legit
txn_005931,0,,legit
txn_005932,0,,legit
txn_005933,0,,legit
txn_005934,0,,legit
txn_005935,0,,legit
txn_005936,0,,legit
txn_005937,0,,legit
txn_005938,0,,legit
txn_005939,0,,legit
txn_005940,0,,legit
txn_005941,0,,legit
txn_005942,0,,legit
txn_005943,0,,legit
txn_005944,0,,legit
txn_005945,0,,legit
txn_005946,0,,legit
txn_005947,0,,legit
txn_005948,0,,legit
txn_005949,0,,legit
txn_005950,0,,legit
txn_005951,0,,legit
txn_005952,0,,legit
txn_005953,0,,legit
txn_005954,0,,legit
txn_005955,0,,legit
txn_005956,0,,legit
txn_005957,0,,legit
txn_005958,0,,legit
txn_005959,0,,legit
txn_005960,0,,legit
txn_005961,0,,legit
txn_005962,0,,legit
txn_005963,0,,legit
txn_005964,0,,legit
txn_005965,0,,legit
txn_005966,0,,legit
txn_005967,0,,legit
txn_005968,0,,legit
txn_005969,0,,legit
txn_005970,0,,legit
txn_005971,0,,legit
txn_005972,0,,legit
txn_005973,0,,legit
txn_005974,0,,legit
txn_005975,0,,legit
txn_005976,0,,legit
txn_005977,0,,legit
txn_005978,0,,legit
txn_005979,0,,legit
txn_005980,0,,legit
txn_005981,0,,legit
txn_005982,0,,legit
txn_005983,0,,legit
txn_005984,0,,legit
txn_005985,0,,legit
txn_005986,0,,legit
txn_005987,0,,legit
txn_005988,0,,legit
txn_005989,0,,legit
txn_005990,0,,legit
txn_005991,0,,legit
txn_005992,0,,legit
txn_005993,0,,legit
txn_005994,0,,legit
txn_005995,0,,legit
txn_005996,0,,legit
txn_005997,0,,legit
txn_005998,0,,legit
txn_005999,0,,legit
txn_006000,0,,legit
txn_006001,0,,legit
txn_006002,0,,legit
txn_006003,0,,legit
txn_006004,0,,legit
txn_006005,0,,legit
txn_006006,0,,legit
txn_006007,0,,legit
txn_006008,0,,legit
txn_006009,0,,legit
txn_006010,0,,legit
txn_006011,0,,legit
txn_006012,0,,legit
txn_006013,0,,legit
txn_006014,0,,legit
txn_006015,0,,legit
txn_006016,0,,legit
txn_006017,0,,legit
txn_006018,0,,legit
txn_006019,0,,legit
txn_006020,0,,legit
txn_006021,0,,legit
txn_006022,0,,legit
txn_006023,0,,legit
txn_006024,0,,legit
txn_006025,0,,legit
txn_006026,0,,legit
txn_006027,0,,legit
txn_006028,0,,legit
txn_006029,0,,legit
txn_006030,0,,legit
txn_006031,0,,legit
txn_006032,0,,legit
txn_006033,0,,legit
txn_006034,0,,legit
txn_006035,0,,legit
txn_006036,0,,legit
txn_006037,0,,legit
txn_006038,0,,legit
txn_006039,0,,legit
txn_006040,0,,legit
txn_006041,0,,legit
txn_006042,0,,legit
txn_006043,0,,legit
txn_006044,0,,legit
txn_006045,0,,legit
txn_006046,0,,legit
txn_006047,0,,legit
txn_006048,0,,legit
txn_006049,0,,legit
txn_006050,0,,legit
txn_006051,0,,legit
txn_006052,0,,legit
txn_006053,0,,legit
txn_006054,0,,legit
txn_006055,0,,legit
txn_006056,0,,legit
txn_006057,0,,legit
txn_006058,0,,legit
txn_006059,0,,legit
txn_006060,0,,legit
txn_006061,0,,legit
txn_006062,0,,legit
txn_006063,0,,legit
txn_006064,0,,legit
txn_006065,0,,legit
txn_006066,0,,legit
txn_006067,0,,legit
txn_006068,0,,legit
txn_006069,0,,legit
txn_006070,0,,legit
txn_006071,0,,legit
txn_006072,0,,legit
txn_006073,0,,legit
txn_006074,0,,legit
txn_006075,0,,legit
txn_006076,0,,legit
txn_006077,0,,legit
txn_006078,0,,legit
txn_006079,0,,legit
txn_006080,0,,legit
txn_006081,0,,legit
txn_006082,0,,legit
txn_006083,0,,legit
txn_006084,0,,legit
txn_006085,0,,legit
txn_006086,0,,legit
txn_006087,0,,legit
txn_006088,0,,legit
txn_006089,0,,legit
txn_006090,0,,legit
txn_006091,0,,legit
txn_006092,0,,legit
txn_006093,0,,legit
txn_006094,0,,legit
txn_006095,0,,legit
txn_006096,0,,legit
txn_006097,0,,legit
txn_006098,0,,legit
txn_006099,0,,legit
txn_006100,0,,legit
txn_006101,0,,legit
txn_006102,0,,legit
txn_006103,0,,legit
txn_006104,0,,legit
txn_006105,0,,legit
txn_006106,0,,legit
txn_006107,0,,legit
txn_006108,0,,legit
txn_006109,0,,legit
txn_006110,0,,legit
txn_006111,0,,legit
txn_006112,0,,legit
txn_006113,0,,legit
txn_006114,0,,legit
txn_006115,0,,legit
txn_006116,0,,legit
txn_006117,0,,legit
txn_006118,0,,legit
txn_006119,0,,legit
txn_006120,0,,legit
txn_006121,0,,legit
txn_006122,0,,legit
txn_006123,0,,legit
txn_006124,0,,legit
txn_006125,0,,legit
txn_006126,0,,legit
txn_006127,0,,legit
txn_006128,0,,legit
txn_006129,0,,legit
txn_006130,0,,legit
txn_006131,0,,legit
txn_006132,0,,legit
txn_006133,0,,legit
txn_006134,0,,legit
txn_006135,0,,legit
txn_006136,0,,legit
txn_006137,0,,legit
txn_006138,0,,legit
txn_006139,0,,legit
txn_006140,0,,legit
txn_006141,0,,legit
txn_006142,0,,legit
txn_006143,0,,legit
txn_006144,0,,legit
txn_006145,0,,legit
txn_006146,0,,legit
txn_006147,0,,legit
txn_006148,0,,legit
txn_006149,0,,legit
txn_006150,0,,legit
txn_006151,0,,legit
txn_006152,0,,legit
txn_006153,0,,legit
txn_006154,0,,legit
txn_006155,0,,legit
txn_006156,0,,legit
txn_006157,0,,legit
txn_006158,0,,legit
txn_006159,0,,legit
txn_006160,0,,legit
txn_006161,0,,legit
txn_006162,0,,legit
txn_006163,0,,legit
txn_006164,0,,legit
txn_006165,0,,legit
txn_006166,0,,legit
txn_006167,0,,legit
txn_006168,0,,legit
txn_006169,0,,legit
txn_006170,0,,legit
txn_006171,0,,legit
txn_006172,0,,legit
txn_006173,0,,legit
txn_006174,0,,legit
txn_006175,0,,legit
txn_006176,0,,legit
txn_006177,0,,legit
txn_006178,0,,legit
txn_006179,0,,legit
txn_006180,0,,legit
txn_006181,0,,legit
txn_006182,0,,legit
txn_006183,0,,legit
txn_006184,0,,legit
txn_006185,0,,legit
txn_006186,0,,legit
txn_006187,0,,legit
txn_006188,0,,legit
txn_006189,0,,legit
txn_006190,0,,legit
txn_006191,0,,legit
txn_006192,0,,legit
txn_006193,0,,legit
txn_006194,0,,legit
txn_006195,0,,legit
txn_006196,0,,legit
txn_006197,0,,legit
txn_006198,0,,legit
txn_006199,0,,legit
txn_006200,0,,legit
txn_006201,0,,legit
txn_006202,0,,legit
txn_006203,0,,legit
txn_006204,0,,legit
txn_006205,0,,legit
txn_006206,0,,legit
txn_006207,0,,legit
txn_006208,0,,legit
txn_006209,0,,legit
txn_006210,0,,legit
txn_006211,0,,legit
txn_006212,0,,legit
txn_006213,0,,legit
txn_006214,0,,legit
txn_006215,0,,legit
txn_006216,0,,legit
txn_006217,0,,legit
txn_006218,0,,legit
txn_006219,0,,legit
txn_006220,0,,legit
txn_006221,0,,legit
txn_006222,0,,legit
txn_006223,0,,legit
txn_006224,0,,legit
txn_006225,0,,legit
txn_006226,0,,legit
txn_006227,0,,legit
txn_006228,0,,legit
txn_006229,0,,legit
txn_006230,0,,legit
txn_006231,0,,legit
txn_006232,0,,legit
txn_006233,0,,legit
txn_006234,0,,legit
txn_006235,0,,legit
txn_006236,0,,legit
txn_006237,0,,legit
txn_006238,0,,legit
txn_006239,0,,legit
txn_006240,0,,legit
txn_006241,0,,legit
txn_006242,0,,legit
txn_006243,0,,legit
txn_006244,0,,legit
txn_006245,0,,legit
txn_006246,0,,legit
txn_006247,0,,legit
txn_006248,0,,legit
txn_006249,0,,legit
txn_006250,0,,legit
txn_006251,0,,legit
txn_006252,0,,legit
txn_006253,0,,legit
txn_006254,0,,legit
txn_006255,0,,legit
txn_006256,0,,legit
txn_006257,0,,legit
txn_006258,0,,legit
txn_006259,0,,legit
txn_006260,0,,legit
txn_006261,0,,legit
txn_006262,0,,legit
txn_006263,0,,legit
txn_006264,0,,legit
txn_006265,0,,legit
txn_006266,0,,legit
txn_006267,0,,legit
txn_006268,0,,legit
txn_006269,0,,legit
txn_006270,0,,legit
txn_006271,0,,legit
txn_006272,0,,legit
txn_006273,0,,legit
txn_006274,0,,legit
txn_006275,0,,legit
txn_006276,0,,legit
txn_006277,0,,legit
txn_006278,0,,legit
txn_006279,0,,legit
txn_006280,0,,legit
txn_006281,0,,legit
txn_006282,0,,legit
txn_006283,0,,legit
txn_006284,0,,legit
txn_006285,0,,legit
txn_006286,0,,legit
txn_006287,0,,legit
txn_006288,0,,legit
txn_006289,0,,legit
txn_006290,0,,legit
txn_006291,0,,legit
txn_006292,0,,legit
txn_006293,0,,legit
txn_006294,0,,legit
txn_006295,0,,legit
txn_006296,0,,legit
txn_006297,0,,legit
txn_006298,0,,legit
txn_006299,0,,legit
txn_006300,0,,legit
txn_006301,0,,legit
txn_006302,0,,legit
txn_006303,0,,legit
txn_006304,0,,legit
txn_006305,0,,legit
txn_006306,0,,legit
txn_006307,0,,legit
txn_006308,0,,legit
txn_006309,0,,legit
txn_006310,0,,legit
txn_006311,0,,legit
txn_006312,0,,legit
txn_006313,0,,legit
txn_006314,0,,legit
txn_006315,0,,legit
txn_006316,0,,legit
txn_006317,0,,legit
txn_006318,0,,legit
txn_006319,0,,legit
txn_006320,0,,legit
txn_006321,0,,legit
txn_006322,0,,legit
txn_006323,0,,legit
txn_006324,0,,legit
txn_006325,0,,legit
txn_006326,0,,legit
txn_006327,0,,legit
txn_006328,0,,legit
txn_006329,0,,legit
txn_006330,0,,legit
txn_006331,0,,legit
txn_006332,0,,legit
txn_006333,0,,legit
txn_006334,0,,legit
txn_006335,0,,legit
txn_006336,0,,legit
txn_006337,0,,legit
txn_006338,0,,legit
txn_006339,0,,legit
txn_006340,0,,legit
txn_006341,0,,legit
txn_006342,0,,legit
txn_006343,0,,legit
txn_006344,0,,legit
txn_006345,0,,legit
txn_006346,0,,legit
txn_006347,0,,legit
txn_006348,0,,legit
txn_006349,0,,legit
txn_006350,0,,legit
txn_006351,0,,legit
txn_006352,0,,legit
txn_006353,0,,legit
txn_006354,0,,legit
txn_006355,0,,legit
txn_006356,0,,legit
txn_006357,0,,legit
txn_006358,0,,legit
txn_006359,0,,legit
txn_006360,0,,legit
txn_006361,0,,legit
txn_006362,0,,legit
txn_006363,0,,legit
txn_006364,0,,legit
txn_006365,0,,legit
txn_006366,0,,legit
txn_006367,0,,legit
txn_006368,0,,legit
txn_006369,0,,legit
txn_006370,0,,legit
txn_006371,0,,legit
txn_006372,0,,legit
txn_006373,0,,legit
txn_006374,0,,legit
txn_006375,0,,legit
txn_006376,0,,legit
txn_006377,0,,legit
txn_006378,0,,legit
txn_006379,0,,legit
txn_006380,0,,legit
txn_006381,0,,legit
txn_006382,0,,legit
txn_006383,0,,legit
txn_006384,0,,legit
txn_006385,0,,legit
txn_006386,0,,legit
txn_006387,0,,legit
txn_006388,0,,legit
txn_006389,0,,legit
txn_006390,0,,legit
txn_006391,0,,legit
txn_006392,0,,legit
txn_006393,0,,legit
txn_006394,0,,legit
txn_006395,0,,legit
txn_006396,0,,legit
txn_006397,0,,legit
txn_006398,0,,legit
txn_006399,0,,legit
txn_006400,0,,legit
txn_006401,0,,legit
txn_006402,0,,legit
txn_006403,0,,legit
txn_006404,0,,legit
txn_006405,0,,legit
txn_006406,0,,legit
txn_006407,0,,legit
txn_006408,0,,legit
txn_006409,0,,legit
txn_006410,0,,legit
txn_006411,0,,legit
txn_006412,0,,legit
txn_006413,0,,legit
txn_006414,0,,legit
txn_006415,0,,legit
txn_006416,0,,legit
txn_006417,0,,legit
txn_006418,0,,legit
txn_006419,0,,legit
txn_006420,0,,legit
txn_006421,0,,legit
txn_006422,0,,legit
txn_006423,0,,legit
txn_006424,0,,legit
txn_006425,0,,legit
txn_006426,0,,legit
txn_006427,0,,legit
txn_006428,0,,legit
txn_006429,0,,legit
txn_006430,0,,legit
txn_006431,0,,legit
txn_006432,0,,legit
txn_006433,0,,legit
txn_006434,0,,legit
txn_006435,0,,legit
txn_006436,0,,legit
txn_006437,0,,legit
txn_006438,0,,legit
txn_006439,0,,legit
txn_006440,0,,legit
txn_006441,0,,legit
txn_006442,0,,legit
txn_006443,0,,legit
txn_006444,0,,legit
txn_006445,0,,legit
txn_006446,0,,legit
txn_006447,0,,legit
txn_006448,0,,legit
txn_006449,0,,legit
txn_006450,0,,legit
txn_006451,0,,legit
txn_006452,0,,legit
txn_006453,0,,legit
txn_006454,0,,legit
txn_006455,0,,legit
txn_006456,0,,legit
txn_006457,0,,legit
txn_006458,0,,legit
txn_006459,0,,legit
txn_006460,0,,legit
txn_006461,0,,legit
txn_006462,0,,legit
txn_006463,0,,legit
txn_006464,0,,legit
txn_006465,0,,legit
txn_006466,0,,legit
txn_006467,0,,legit
txn_006468,0,,legit
txn_006469,0,,legit
txn_006470,0,,legit
txn_006471,0,,legit
txn_006472,0,,legit
txn_006473,0,,legit
txn_006474,0,,legit
txn_006475,0,,legit
txn_006476,0,,legit
txn_006477,0,,legit
txn_006478,0,,legit
txn_006479,0,,legit
txn_006480,0,,legit
txn_006481,0,,legit
txn_006482,0,,legit
txn_006483,0,,legit
txn_006484,0,,legit
txn_006485,0,,legit
txn_006486,0,,legit
txn_006487,0,,legit
txn_006488,0,,legit
txn_006489,0,,legit
txn_006490,0,,legit
txn_006491,0,,legit
txn_006492,0,,legit
txn_006493,0,,legit
txn_006494,0,,legit
txn_006495,0,,legit
txn_006496,0,,legit
txn_006497,0,,legit
txn_006498,0,,legit
txn_006499,0,,legit
txn_006500,0,,legit
txn_006501,0,,legit
txn_006502,0,,legit
txn_006503,0,,legit
txn_006504,0,,legit
txn_006505,0,,legit
txn_006506,0,,legit
txn_006507,0,,legit
txn_006508,0,,legit
txn_006509,0,,legit
txn_006510,0,,legit
txn_006511,0,,legit
txn_006512,0,,legit
txn_006513,0,,legit
txn_006514,0,,legit
txn_006515,0,,legit
txn_006516,0,,legit
txn_006517,0,,legit
txn_006518,0,,legit
txn_006519,0,,legit
txn_006520,0,,legit
txn_006521,0,,legit
txn_006522,0,,legit
txn_006523,0,,legit
txn_006524,0,,legit
txn_006525,0,,legit
txn_006526,0,,legit
txn_006527,0,,legit
txn_006528,0,,legit
txn_006529,0,,legit
txn_006530,0,,legit
txn_006531,0,,legit
txn_006532,0,,legit
txn_006533,0,,legit
txn_006534,0,,legit
txn_006535,0,,legit
txn_006536,0,,legit
txn_006537,0,,legit
txn_006538,0,,legit
txn_006539,0,,legit
txn_006540,0,,legit
txn_006541,0,,legit
txn_006542,0,,legit
txn_006543,0,,legit
txn_006544,0,,legit
txn_006545,0,,legit
txn_006546,0,,legit
txn_006547,0,,legit
txn_006548,0,,legit
txn_006549,0,,legit
txn_006550,0,,legit
txn_006551,0,,legit
txn_006552,0,,legit
txn_006553,0,,legit
txn_006554,0,,legit
txn_006555,0,,legit
txn_006556,0,,legit
txn_006557,0,,legit
txn_006558,0,,legit
txn_006559,0,,legit
txn_006560,0,,legit
txn_006561,0,,legit
txn_006562,0,,legit
txn_006563,0,,legit
txn_006564,0,,legit
txn_006565,0,,legit
txn_006566,0,,legit
txn_006567,0,,legit
txn_006568,0,,legit
txn_006569,0,,legit
txn_006570,0,,legit
txn_006571,0,,legit
txn_006572,0,,legit
txn_006573,0,,legit
txn_006574,0,,legit
txn_006575,0,,legit
txn_006576,0,,legit
txn_006577,0,,legit
txn_006578,0,,legit
txn_006579,0,,legit
txn_006580,0,,legit
txn_006581,0,,legit
txn_006582,0,,legit
txn_006583,0,,legit
txn_006584,0,,legit
txn_006585,0,,legit
txn_006586,0,,legit
txn_006587,0,,legit
txn_006588,0,,legit
txn_006589,0,,legit
txn_006590,0,,legit
txn_006591,0,,legit
txn_006592,0,,legit
txn_006593,0,,legit
txn_006594,0,,legit
txn_006595,0,,legit
txn_006596,0,,legit
txn_006597,0,,legit
txn_006598,0,,legit
txn_006599,0,,legit
txn_006600,0,,legit
txn_006601,0,,legit
txn_006602,0,,legit
txn_006603,0,,legit
txn_006604,0,,legit
txn_006605,0,,legit
txn_006606,0,,legit
txn_006607,0,,legit
txn_006608,0,,legit
txn_006609,0,,legit
txn_006610,0,,legit
txn_006611,0,,legit
txn_006612,0,,legit
txn_006613,0,,legit
txn_006614,0,,legit
txn_006615,0,,legit
txn_006616,0,,legit
txn_006617,0,,legit
txn_006618,0,,legit
txn_006619,0,,legit
txn_006620,0,,legit
txn_006621,0,,legit
txn_006622,0,,legit
txn_006623,0,,legit
txn_006624,0,,legit
txn_006625,0,,legit
txn_006626,0,,legit
txn_006627,0,,legit
txn_006628,0,,legit
txn_006629,0,,legit
txn_006630,0,,legit
txn_006631,0,,legit
txn_006632,0,,legit
txn_006633,0,,legit
txn_006634,0,,legit
txn_006635,0,,legit
txn_006636,0,,legit
txn_006637,0,,legit
txn_006638,0,,legit
txn_006639,0,,legit
txn_006640,0,,legit
txn_006641,0,,legit
txn_006642,0,,legit
txn_006643,0,,legit
txn_006644,0,,legit
txn_006645,0,,legit
txn_006646,0,,legit
txn_006647,0,,legit
txn_006648,0,,legit
txn_006649,0,,legit
txn_006650,0,,legit
txn_006651,0,,legit
txn_006652,0,,legit
txn_006653,0,,legit
txn_006654,0,,legit
txn_006655,0,,legit
txn_006656,0,,legit
txn_006657,0,,legit
txn_006658,0,,legit
txn_006659,0,,legit
txn_006660,0,,legit
txn_006661,0,,legit
txn_006662,0,,legit
txn_006663,0,,legit
txn_006664,0,,legit
txn_006665,0,,legit
txn_006666,0,,legit
txn_006667,0,,legit
txn_006668,0,,legit
txn_006669,0,,legit
txn_006670,0,,legit
txn_006671,0,,legit
txn_006672,0,,legit
txn_006673,0,,legit
txn_006674,0,,legit
txn_006675,0,,legit
txn_006676,0,,legit
txn_006677,0,,legit
txn_006678,0,,legit
txn_006679,0,,legit
txn_006680,0,,legit
txn_006681,0,,legit
txn_006682,0,,legit
txn_006683,0,,legit
txn_006684,0,,legit
txn_006685,0,,legit
txn_006686,0,,legit
txn_006687,0,,legit
txn_006688,0,,legit
txn_006689,0,,legit
txn_006690,0,,legit
txn_006691,0,,legit
txn_006692,0,,legit
txn_006693,0,,legit
txn_006694,0,,legit
txn_006695,0,,legit
txn_006696,0,,legit
txn_006697,0,,legit
txn_006698,0,,legit
txn_006699,0,,legit
txn_006700,0,,legit
txn_006701,0,,legit
txn_006702,0,,legit
txn_006703,0,,legit
txn_006704,0,,legit
txn_006705,0,,legit
txn_006706,0,,legit
txn_006707,0,,legit
txn_006708,0,,legit
txn_006709,0,,legit
txn_006710,0,,legit
txn_006711,0,,legit
txn_006712,0,,legit
txn_006713,0,,legit
txn_006714,0,,legit
txn_006715,0,,legit
txn_006716,0,,legit
txn_006717,0,,legit
txn_006718,0,,legit
txn_006719,0,,legit
txn_006720,0,,legit
txn_006721,0,,legit
txn_006722,0,,legit
txn_006723,0,,legit
txn_006724,0,,legit
txn_006725,0,,legit
txn_006726,0,,legit
txn_006727,0,,legit
txn_006728,0,,legit
txn_006729,0,,legit
txn_006730,0,,legit
txn_006731,0,,legit
txn_006732,0,,legit
txn_006733,0,,legit
txn_006734,0,,legit
txn_006735,0,,legit
txn_006736,0,,legit
txn_006737,0,,legit
txn_006738,0,,legit
txn_006739,0,,legit
txn_006740,0,,legit
txn_006741,0,,legit
txn_006742,0,,legit
txn_006743,0,,legit
txn_006744,0,,legit
txn_006745,0,,legit
txn_006746,0,,legit
txn_006747,0,,legit
txn_006748,0,,legit
txn_006749,0,,legit
txn_006750,0,,legit
txn_006751,0,,legit
txn_006752,0,,legit
txn_006753,0,,legit
txn_006754,0,,legit
txn_006755,0,,legit
txn_006756,0,,legit
txn_006757,0,,legit
txn_006758,0,,legit
txn_006759,0,,legit
txn_006760,0,,legit
txn_006761,0,,legit
txn_006762,0,,legit
txn_006763,0,,legit
txn_006764,0,,legit
txn_006765,0,,legit
txn_006766,0,,legit
txn_006767,0,,legit
txn_006768,0,,legit
txn_006769,0,,legit
txn_006770,0,,legit
txn_006771,0,,legit
txn_006772,0,,legit
txn_006773,0,,legit
txn_006774,0,,legit
txn_006775,0,,legit
txn_006776,0,,legit
txn_006777,0,,legit
txn_006778,0,,legit
txn_006779,0,,legit
txn_006780,0,,legit
txn_006781,0,,legit
txn_006782,0,,legit
txn_006783,0,,legit
txn_006784,0,,legit
txn_006785,0,,legit
txn_006786,0,,legit
txn_006787,0,,legit
txn_006788,0,,legit
txn_006789,0,,legit
txn_006790,0,,legit
txn_006791,0,,legit
txn_006792,0,,legit
txn_006793,0,,legit
txn_006794,0,,legit
txn_006795,0,,legit
txn_006796,0,,legit
txn_006797,0,,legit
txn_006798,0,,legit
txn_006799,0,,legit
txn_006800,0,,legit
txn_006801,0,,legit
txn_006802,0,,legit
txn_006803,0,,legit
txn_006804,0,,legit
txn_006805,0,,legit
txn_006806,0,,legit
txn_006807,0,,legit
txn_006808,0,,legit
txn_006809,0,,legit
txn_006810,0,,legit
txn_006811,0,,legit
txn_006812,0,,legit
txn_006813,0,,legit
txn_006814,0,,legit
txn_006815,0,,legit
txn_006816,0,,legit
txn_006817,0,,legit
txn_006818,0,,legit
txn_006819,0,,legit
txn_006820,0,,legit
txn_006821,0,,legit
txn_006822,0,,legit
txn_006823,0,,legit
txn_006824,0,,legit
txn_006825,0,,legit
txn_006826,0,,legit
txn_006827,0,,legit
txn_006828,0,,legit
txn_006829,0,,legit
txn_006830,0,,legit
txn_006831,0,,legit
txn_006832,0,,legit
txn_006833,0,,legit
txn_006834,0,,legit
txn_006835,0,,legit
txn_006836,0,,legit
txn_006837,0,,legit
txn_006838,0,,legit
txn_006839,0,,legit
txn_006840,0,,legit
txn_006841,0,,legit
txn_006842,0,,legit
txn_006843,0,,legit
txn_006844,0,,legit
txn_006845,0,,legit
txn_006846,0,,legit
txn_006847,0,,legit
txn_006848,0,,legit
txn_006849,0,,legit
txn_006850,0,,legit
txn_006851,0,,legit
txn_006852,0,,legit
txn_006853,0,,legit
txn_006854,0,,legit
txn_006855,0,,legit
txn_006856,0,,legit
txn_006857,0,,legit
txn_006858,0,,legit
txn_006859,0,,legit
txn_006860,0,,legit
txn_006861,0,,legit
txn_006862,0,,legit
txn_006863,0,,legit
txn_006864,0,,legit
txn_006865,0,,legit
txn_006866,0,,legit
txn_006867,0,,legit
txn_006868,0,,legit
txn_006869,0,,legit
txn_006870,0,,legit
txn_006871,0,,legit
txn_006872,0,,legit
txn_006873,0,,legit
txn_006874,0,,legit
txn_006875,0,,legit
txn_006876,0,,legit
txn_006877,0,,legit
txn_006878,0,,legit
txn_006879,0,,legit
txn_006880,0,,legit
txn_006881,0,,legit
txn_006882,0,,legit
txn_006883,0,,legit
txn_006884,0,,legit
txn_006885,0,,legit
txn_006886,0,,legit
txn_006887,0,,legit
txn_006888,0,,legit
txn_006889,0,,legit
txn_006890,0,,legit
txn_006891,0,,legit
txn_006892,0,,legit
txn_006893,0,,legit
txn_006894,0,,legit
txn_006895,0,,legit
txn_006896,0,,legit
txn_006897,0,,legit
txn_006898,0,,legit
txn_006899,0,,legit
txn_006900,0,,legit
txn_006901,0,,legit
txn_006902,0,,legit
txn_006903,0,,legit
txn_006904,0,,legit
txn_006905,0,,legit
txn_006906,0,,legit
txn_006907,0,,legit
txn_006908,0,,legit
txn_006909,0,,legit
txn_006910,0,,legit
txn_006911,0,,legit
txn_006912,0,,legit
txn_006913,0,,legit
txn_006914,0,,legit
txn_006915,0,,legit
txn_006916,0,,legit
txn_006917,0,,legit
txn_006918,0,,legit
txn_006919,0,,legit
txn_006920,0,,legit
txn_006921,0,,legit
txn_006922,0,,legit
txn_006923,0,,legit
txn_006924,0,,legit
txn_006925,0,,legit
txn_006926,0,,legit
txn_006927,0,,legit
txn_006928,0,,legit
txn_006929,0,,legit
txn_006930,0,,legit
txn_006931,0,,legit
txn_006932,0,,legit
txn_006933,0,,legit
txn_006934,0,,legit
txn_006935,0,,legit
txn_006936,0,,legit
txn_006937,0,,legit
txn_006938,0,,legit
txn_006939,0,,legit
txn_006940,0,,legit
txn_006941,0,,legit
txn_006942,0,,legit
txn_006943,0,,legit
txn_006944,0,,legit
txn_006945,0,,legit
txn_006946,0,,legit
txn_006947,0,,legit
txn_006948,0,,legit
txn_006949,0,,legit
txn_006950,0,,legit
txn_006951,0,,legit
txn_006952,0,,legit
txn_006953,0,,legit
txn_006954,0,,legit
txn_006955,0,,legit
txn_006956,0,,legit
txn_006957,0,,legit
txn_006958,0,,legit
txn_006959,0,,legit
txn_006960,0,,legit
txn_006961,0,,legit
txn_006962,0,,legit
txn_006963,0,,legit
txn_006964,0,,legit
txn_006965,0,,legit
txn_006966,0,,legit
txn_006967,0,,legit
txn_006968,0,,legit
txn_006969,0,,legit
txn_006970,0,,legit
txn_006971,0,,legit
txn_006972,0,,legit
txn_006973,0,,legit
txn_006974,0,,legit
txn_006975,0,,legit
txn_006976,0,,legit
txn_006977,0,,legit
txn_006978,0,,legit
txn_006979,0,,legit
txn_006980,0,,legit
txn_006981,0,,legit
txn_006982,0,,legit
txn_006983,0,,legit
txn_006984,0,,legit
txn_006985,0,,legit
txn_006986,0,,legit
txn_006987,0,,legit
txn_006988,0,,legit
txn_006989,0,,legit
txn_006990,0,,legit
txn_006991,0,,legit
txn_006992,0,,legit
txn_006993,0,,legit
txn_006994,0,,legit
txn_006995,0,,legit
txn_006996,0,,legit
txn_006997,0,,legit
txn_006998,0,,legit
txn_006999,0,,legit
txn_007000,0,,legit
txn_007001,0,,legit
txn_007002,0,,legit
txn_007003,0,,legit
txn_007004,0,,legit
txn_007005,0,,legit
txn_007006,0,,legit
txn_007007,0,,legit
txn_007008,0,,legit
txn_007009,0,,legit
txn_007010,0,,legit
txn_007011,0,,legit
txn_007012,0,,legit
txn_007013,0,,legit
txn_007014,0,,legit
txn_007015,0,,legit
txn_007016,0,,legit
txn_007017,0,,legit
txn_007018,0,,legit
txn_007019,0,,legit
txn_007020,0,,legit
txn_007021,0,,legit
txn_007022,0,,legit
txn_007023,0,,legit
txn_007024,0,,legit
txn_007025,0,,legit
txn_007026,0,,legit
txn_007027,0,,legit
txn_007028,0,,legit
txn_007029,0,,legit
txn_007030,0,,legit
txn_007031,0,,legit
txn_007032,0,,legit
txn_007033,0,,legit
txn_007034,0,,legit
txn_007035,0,,legit
txn_007036,0,,legit
txn_007037,0,,legit
txn_007038,0,,legit
txn_007039,0,,legit
txn_007040,0,,legit
txn_007041,0,,legit
txn_007042,0,,legit
txn_007043,0,,legit
txn_007044,0,,legit
txn_007045,0,,legit
txn_007046,0,,legit
txn_007047,0,,legit
txn_007048,0,,legit
txn_007049,0,,legit
txn_007050,0,,legit
txn_007051,0,,legit
txn_007052,0,,legit
txn_007053,0,,legit
txn_007054,0,,legit
txn_007055,0,,legit
txn_007056,0,,legit
txn_007057,0,,legit
txn_007058,0,,legit
txn_007059,0,,legit
txn_007060,0,,legit
txn_007061,0,,legit
txn_007062,0,,legit
txn_007063,0,,legit
txn_007064,0,,legit
txn_007065,0,,legit
txn_007066,0,,legit
txn_007067,0,,legit
txn_007068,0,,legit
txn_007069,0,,legit
txn_007070,0,,legit
txn_007071,0,,legit
txn_007072,0,,legit
txn_007073,0,,legit
txn_007074,0,,legit
txn_007075,0,,legit
txn_007076,0,,legit
txn_007077,0,,legit
txn_007078,0,,legit
txn_007079,0,,legit
txn_007080,0,,legit
txn_007081,0,,legit
txn_007082,0,,legit
txn_007083,0,,legit
txn_007084,0,,legit
txn_007085,0,,legit
txn_007086,0,,legit
txn_007087,0,,legit
txn_007088,0,,legit
txn_007089,0,,legit
txn_007090,0,,legit
txn_007091,0,,legit
txn_007092,0,,legit
txn_007093,0,,legit
txn_007094,0,,legit
txn_007095,0,,legit
txn_007096,0,,legit
txn_007097,0,,legit
txn_007098,0,,legit
txn_007099,0,,legit
txn_007100,0,,legit
txn_007101,0,,legit
txn_007102,0,,legit
txn_007103,0,,legit
txn_007104,0,,legit
txn_007105,0,,legit
txn_007106,0,,legit
txn_007107,0,,legit
txn_007108,0,,legit
txn_007109,0,,legit
txn_007110,0,,legit
txn_007111,0,,legit
txn_007112,0,,legit
txn_007113,0,,legit
txn_007114,0,,legit
txn_007115,0,,legit
txn_007116,0,,legit
txn_007117,0,,legit
txn_007118,0,,legit
txn_007119,0,,legit
txn_007120,0,,legit
txn_007121,0,,legit
txn_007122,0,,legit
txn_007123,0,,legit
txn_007124,0,,legit
txn_007125,0,,legit
txn_007126,0,,legit
txn_007127,0,,legit
txn_007128,0,,legit
txn_007129,0,,legit
txn_007130,0,,legit
txn_007131,0,,legit
txn_007132,0,,legit
txn_007133,0,,legit
txn_007134,0,,hard_neg_laptop
txn_007135,0,,hard_neg_laptop
txn_007136,0,,hard_neg_laptop
txn_007137,0,,hard_neg_laptop
txn_007138,0,,hard_neg_laptop
txn_007139,0,,hard_neg_laptop
txn_007140,0,,hard_neg_laptop
txn_007141,0,,hard_neg_laptop
txn_007142,0,,hard_neg_laptop
txn_007143,0,,hard_neg_laptop
txn_007144,0,,hard_neg_laptop
txn_007145,0,,hard_neg_laptop
txn_007146,0,,hard_neg_laptop
txn_007147,0,,hard_neg_laptop
txn_007148,0,,hard_neg_laptop
txn_007149,0,,hard_neg_laptop
txn_007150,0,,hard_neg_laptop
txn_007151,0,,hard_neg_laptop
txn_007152,0,,hard_neg_laptop
txn_007153,0,,hard_neg_laptop
txn_007154,0,,hard_neg_laptop
txn_007155,0,,hard_neg_laptop
txn_007156,0,,hard_neg_laptop
txn_007157,0,,hard_neg_laptop
txn_007158,0,,hard_neg_laptop
txn_007159,0,,legit
txn_007160,0,,legit
txn_007161,0,,legit
txn_007162,0,,legit
txn_007163,0,,legit
txn_007164,0,,legit
txn_007165,0,,legit
txn_007166,0,,legit
txn_007167,0,,legit
txn_007168,0,,legit
txn_007169,0,,legit
txn_007170,0,,legit
txn_007171,0,,legit
txn_007172,0,,legit
txn_007173,0,,legit
txn_007174,0,,legit
txn_007175,0,,legit
txn_007176,0,,legit
txn_007177,0,,legit
txn_007178,0,,legit
txn_007179,0,,legit
txn_007180,0,,legit
txn_007181,0,,legit
txn_007182,0,,legit
txn_007183,0,,legit
txn_007184,0,,legit
txn_007185,0,,legit
txn_007186,0,,legit
txn_007187,0,,legit
txn_007188,0,,legit
txn_007189,0,,legit
txn_007190,0,,legit
txn_007191,0,,legit
txn_007192,0,,legit
txn_007193,0,,legit
txn_007194,0,,legit
txn_007195,0,,legit
txn_007196,0,,legit
txn_007197,0,,legit
txn_007198,0,,legit
txn_007199,0,,legit
txn_007200,0,,legit
txn_007201,0,,legit
txn_007202,0,,legit
txn_007203,0,,legit
txn_007204,0,,legit
txn_007205,0,,legit
txn_007206,0,,legit
txn_007207,0,,legit
txn_007208,0,,legit
txn_007209,0,,legit
txn_007210,0,,legit
txn_007211,0,,legit
txn_007212,0,,legit
txn_007213,0,,legit
txn_007214,0,,legit
txn_007215,0,,legit
txn_007216,0,,legit
txn_007217,0,,legit
txn_007218,0,,legit
txn_007219,0,,legit
txn_007220,0,,legit
txn_007221,0,,legit
txn_007222,0,,legit
txn_007223,0,,legit
txn_007224,0,,legit
txn_007225,0,,legit
txn_007226,0,,legit
txn_007227,0,,legit
txn_007228,0,,legit
txn_007229,0,,legit
txn_007230,0,,legit
txn_007231,0,,legit
txn_007232,0,,legit
txn_007233,0,,legit
txn_007234,0,,legit
txn_007235,0,,legit
txn_007236,0,,legit
txn_007237,0,,legit
txn_007238,0,,legit
txn_007239,0,,legit
txn_007240,0,,legit
txn_007241,0,,legit
txn_007242,0,,legit
txn_007243,0,,legit
txn_007244,0,,legit
txn_007245,0,,legit
txn_007246,0,,legit
txn_007247,0,,legit
txn_007248,0,,legit
txn_007249,0,,legit
txn_007250,0,,legit
txn_007251,0,,legit
txn_007252,0,,legit
txn_007253,0,,legit
txn_007254,0,,legit
txn_007255,0,,legit
txn_007256,0,,legit
txn_007257,0,,legit
txn_007258,0,,legit
txn_007259,0,,legit
txn_007260,0,,legit
txn_007261,0,,legit
txn_007262,0,,legit
txn_007263,0,,legit
txn_007264,0,,legit
txn_007265,0,,legit
txn_007266,0,,legit
txn_007267,0,,legit
txn_007268,0,,legit
txn_007269,0,,legit
txn_007270,0,,legit
txn_007271,0,,legit
txn_007272,0,,legit
txn_007273,0,,legit
txn_007274,0,,legit
txn_007275,0,,legit
txn_007276,0,,legit
txn_007277,0,,legit
txn_007278,0,,legit
txn_007279,0,,legit
txn_007280,0,,legit
txn_007281,0,,legit
txn_007282,0,,legit
txn_007283,0,,legit
txn_007284,0,,legit
txn_007285,0,,legit
txn_007286,0,,legit
txn_007287,0,,legit
txn_007288,0,,legit
txn_007289,0,,legit
txn_007290,0,,legit
txn_007291,0,,legit
txn_007292,0,,legit
txn_007293,0,,legit
txn_007294,0,,legit
txn_007295,0,,legit
txn_007296,0,,legit
txn_007297,0,,legit
txn_007298,0,,legit
txn_007299,0,,legit
txn_007300,0,,legit
txn_007301,0,,legit
txn_007302,0,,legit
txn_007303,0,,legit
txn_007304,0,,legit
txn_007305,0,,legit
txn_007306,0,,legit
txn_007307,0,,legit
txn_007308,0,,legit
txn_007309,0,,legit
txn_007310,0,,legit
txn_007311,0,,legit
txn_007312,0,,legit
txn_007313,0,,legit
txn_007314,0,,legit
txn_007315,0,,legit
txn_007316,0,,legit
txn_007317,0,,legit
txn_007318,0,,legit
txn_007319,0,,legit
txn_007320,0,,legit
txn_007321,0,,legit
txn_007322,0,,legit
txn_007323,0,,legit
txn_007324,0,,legit
txn_007325,0,,legit
txn_007326,0,,legit
txn_007327,0,,legit
txn_007328,0,,legit
txn_007329,0,,legit
txn_007330,0,,legit
txn_007331,0,,legit
txn_007332,0,,legit
txn_007333,0,,legit
txn_007334,0,,legit
txn_007335,0,,legit
txn_007336,0,,legit
txn_007337,0,,legit
txn_007338,0,,legit
txn_007339,0,,legit
txn_007340,0,,legit
txn_007341,0,,legit
txn_007342,0,,legit
txn_007343,0,,legit
txn_007344,0,,legit
txn_007345,0,,legit
txn_007346,0,,legit
txn_007347,0,,legit
txn_007348,0,,legit
txn_007349,0,,legit
txn_007350,0,,legit
txn_007351,0,,legit
txn_007352,0,,legit
txn_007353,0,,legit
txn_007354,0,,legit
txn_007355,0,,legit
txn_007356,0,,legit
txn_007357,0,,legit
txn_007358,0,,legit
txn_007359,0,,legit
txn_007360,0,,legit
txn_007361,0,,legit
txn_007362,0,,legit
txn_007363,0,,legit
txn_007364,0,,legit
txn_007365,0,,legit
txn_007366,0,,legit
txn_007367,0,,legit
txn_007368,0,,legit
txn_007369,0,,legit
txn_007370,0,,legit
txn_007371,0,,legit
txn_007372,0,,legit
txn_007373,0,,legit
txn_007374,0,,legit
txn_007375,0,,legit
txn_007376,0,,legit
txn_007377,0,,legit
txn_007378,0,,legit
txn_007379,0,,legit
txn_007380,0,,legit
txn_007381,0,,legit
txn_007382,0,,legit
txn_007383,0,,legit
txn_007384,0,,legit
txn_007385,0,,legit
txn_007386,0,,legit
txn_007387,0,,legit
txn_007388,0,,legit
txn_007389,0,,legit
txn_007390,0,,legit
txn_007391,0,,legit
txn_007392,0,,legit
txn_007393,0,,legit
txn_007394,0,,hard_neg_supplier
txn_007395,0,,hard_neg_supplier
txn_007396,0,,hard_neg_supplier
txn_007397,0,,hard_neg_supplier
txn_007398,0,,hard_neg_supplier
txn_007399,0,,hard_neg_supplier
txn_007400,0,,hard_neg_supplier
txn_007401,0,,hard_neg_supplier
txn_007402,0,,hard_neg_supplier
txn_007403,0,,hard_neg_supplier
txn_007404,0,,hard_neg_supplier
txn_007405,0,,hard_neg_supplier
txn_007406,0,,hard_neg_supplier
txn_007407,0,,hard_neg_supplier
txn_007408,0,,hard_neg_supplier
txn_007409,0,,hard_neg_supplier
txn_007410,0,,hard_neg_supplier
txn_007411,0,,hard_neg_supplier
txn_007412,0,,hard_neg_supplier
txn_007413,0,,hard_neg_supplier
txn_007414,0,,hard_neg_supplier
txn_007415,0,,hard_neg_supplier
txn_007416,0,,hard_neg_supplier
txn_007417,0,,hard_neg_supplier
txn_007418,0,,hard_neg_supplier
txn_007419,0,,hard_neg_supplier
txn_007420,0,,hard_neg_supplier
txn_007421,0,,hard_neg_supplier
txn_007422,0,,hard_neg_supplier
txn_007423,0,,hard_neg_supplier
txn_007424,0,,hard_neg_supplier
txn_007425,0,,hard_neg_supplier
txn_007426,0,,hard_neg_supplier
txn_007427,0,,hard_neg_supplier
txn_007428,0,,hard_neg_supplier
txn_007429,0,,hard_neg_supplier
txn_007430,0,,hard_neg_supplier
txn_007431,0,,hard_neg_supplier
txn_007432,0,,hard_neg_supplier
txn_007433,0,,hard_neg_supplier
txn_007434,0,,hard_neg_supplier
txn_007435,0,,hard_neg_supplier
txn_007436,0,,hard_neg_supplier
txn_007437,0,,hard_neg_supplier
txn_007438,0,,hard_neg_supplier
txn_007439,0,,hard_neg_supplier
txn_007440,0,,hard_neg_supplier
txn_007441,0,,legit
txn_007442,0,,legit
txn_007443,0,,legit
txn_007444,0,,legit
txn_007445,0,,legit
txn_007446,0,,legit
txn_007447,0,,legit
txn_007448,0,,legit
txn_007449,0,,legit
txn_007450,0,,legit
txn_007451,0,,legit
txn_007452,0,,legit
txn_007453,0,,legit
txn_007454,0,,legit
txn_007455,0,,legit
txn_007456,0,,legit
txn_007457,0,,legit
txn_007458,0,,legit
txn_007459,0,,legit
txn_007460,0,,legit
txn_007461,0,,legit
txn_007462,0,,legit
txn_007463,0,,legit
txn_007464,0,,legit
txn_007465,0,,legit
txn_007466,0,,legit
txn_007467,0,,legit
txn_007468,0,,legit
txn_007469,0,,legit
txn_007470,0,,legit
txn_007471,0,,legit
txn_007472,0,,legit
txn_007473,0,,legit
txn_007474,0,,legit
txn_007475,0,,legit
txn_007476,0,,legit
txn_007477,0,,legit
txn_007478,0,,legit
txn_007479,0,,legit
txn_007480,0,,legit
txn_007481,0,,legit
txn_007482,0,,legit
txn_007483,0,,legit
txn_007484,0,,legit
txn_007485,0,,legit
txn_007486,0,,legit
txn_007487,0,,legit
txn_007488,0,,legit
txn_007489,0,,legit
txn_007490,0,,legit
txn_007491,0,,legit
txn_007492,0,,legit
txn_007493,0,,legit
txn_007494,0,,legit
txn_007495,0,,legit
txn_007496,0,,legit
txn_007497,0,,legit
txn_007498,0,,legit
txn_007499,0,,legit
txn_007500,0,,legit
txn_007501,0,,legit
txn_007502,0,,legit
txn_007503,0,,legit
txn_007504,0,,legit
txn_007505,0,,legit
txn_007506,0,,legit
txn_007507,0,,legit
txn_007508,0,,legit
txn_007509,0,,legit
txn_007510,0,,legit
txn_007511,0,,legit
txn_007512,0,,legit
txn_007513,0,,legit
txn_007514,0,,legit
txn_007515,0,,legit
txn_007516,0,,legit
txn_007517,0,,legit
txn_007518,0,,legit
txn_007519,0,,legit
txn_007520,0,,legit
txn_007521,0,,legit
txn_007522,0,,legit
txn_007523,0,,legit
txn_007524,0,,legit
txn_007525,0,,legit
txn_007526,0,,legit
txn_007527,0,,legit
txn_007528,0,,legit
txn_007529,0,,legit
txn_007530,0,,legit
txn_007531,0,,legit
txn_007532,0,,legit
txn_007533,0,,legit
txn_007534,0,,legit
txn_007535,0,,legit
txn_007536,0,,legit
txn_007537,0,,legit
txn_007538,0,,legit
txn_007539,0,,legit
txn_007540,0,,legit
txn_007541,0,,legit
txn_007542,0,,legit
txn_007543,0,,legit
txn_007544,0,,legit
txn_007545,0,,legit
txn_007546,0,,legit
txn_007547,0,,legit
txn_007548,0,,legit
txn_007549,0,,legit
txn_007550,0,,legit
txn_007551,0,,legit
txn_007552,0,,legit
txn_007553,0,,legit
txn_007554,0,,legit
txn_007555,0,,legit
txn_007556,0,,legit
txn_007557,0,,legit
txn_007558,0,,legit
txn_007559,0,,legit
txn_007560,0,,legit
txn_007561,0,,legit
txn_007562,0,,legit
txn_007563,0,,legit
txn_007564,0,,legit
txn_007565,0,,legit
txn_007566,0,,legit
txn_007567,0,,legit
txn_007568,0,,legit
txn_007569,0,,legit
txn_007570,0,,legit
txn_007571,0,,legit
txn_007572,0,,legit
txn_007573,0,,legit
txn_007574,0,,legit
txn_007575,0,,legit
txn_007576,0,,legit
txn_007577,0,,legit
txn_007578,0,,legit
txn_007579,0,,legit
txn_007580,0,,legit
txn_007581,0,,legit
txn_007582,0,,legit
txn_007583,0,,legit
txn_007584,0,,legit
txn_007585,0,,legit
txn_007586,0,,legit
txn_007587,0,,legit
txn_007588,0,,legit
txn_007589,0,,legit
txn_007590,0,,legit
txn_007591,0,,legit
txn_007592,0,,legit
txn_007593,0,,legit
txn_007594,0,,legit
txn_007595,0,,legit
txn_007596,0,,legit
txn_007597,0,,legit
txn_007598,0,,legit
txn_007599,0,,legit
txn_007600,0,,legit
txn_007601,0,,legit
txn_007602,0,,legit
txn_007603,0,,legit
txn_007604,0,,legit
txn_007605,0,,legit
txn_007606,0,,legit
txn_007607,0,,legit
txn_007608,0,,legit
txn_007609,0,,legit
txn_007610,0,,legit
txn_007611,0,,legit
txn_007612,0,,legit
txn_007613,0,,legit
txn_007614,0,,legit
txn_007615,0,,legit
txn_007616,0,,legit
txn_007617,0,,legit
txn_007618,0,,legit
txn_007619,0,,legit
txn_007620,0,,legit
txn_007621,0,,legit
txn_007622,0,,legit
txn_007623,0,,legit
txn_007624,0,,legit
txn_007625,0,,legit
txn_007626,0,,legit
txn_007627,0,,legit
txn_007628,0,,legit
txn_007629,0,,legit
txn_007630,0,,legit
txn_007631,0,,legit
txn_007632,0,,legit
txn_007633,0,,legit
txn_007634,0,,legit
txn_007635,0,,legit
txn_007636,0,,legit
txn_007637,0,,legit
txn_007638,0,,legit
txn_007639,0,,legit
txn_007640,0,,legit
txn_007641,0,,legit
txn_007642,0,,legit
txn_007643,0,,legit
txn_007644,0,,legit
txn_007645,0,,legit
txn_007646,0,,legit
txn_007647,0,,legit
txn_007648,0,,legit
txn_007649,0,,legit
txn_007650,0,,legit
txn_007651,0,,legit
txn_007652,0,,legit
txn_007653,0,,legit
txn_007654,0,,legit
txn_007655,0,,legit
txn_007656,0,,legit
txn_007657,0,,legit
txn_007658,0,,legit
txn_007659,0,,legit
txn_007660,0,,legit
txn_007661,0,,legit
txn_007662,0,,legit
txn_007663,0,,legit
txn_007664,0,,legit
txn_007665,0,,legit
txn_007666,0,,legit
txn_007667,0,,legit
txn_007668,0,,legit
txn_007669,0,,legit
txn_007670,0,,legit
txn_007671,0,,legit
txn_007672,0,,legit
txn_007673,0,,legit
txn_007674,0,,legit
txn_007675,0,,legit
txn_007676,0,,legit
txn_007677,0,,legit
txn_007678,0,,legit
txn_007679,0,,legit
txn_007680,0,,legit
txn_007681,0,,legit
txn_007682,0,,legit
txn_007683,0,,legit
txn_007684,0,,legit
txn_007685,0,,legit
txn_007686,0,,legit
txn_007687,0,,legit
txn_007688,0,,legit
txn_007689,0,,legit
txn_007690,0,,legit
txn_007691,0,,legit
txn_007692,0,,legit
txn_007693,0,,legit
txn_007694,0,,legit
txn_007695,0,,legit
txn_007696,0,,legit
txn_007697,0,,legit
txn_007698,0,,legit
txn_007699,0,,legit
txn_007700,0,,legit
txn_007701,0,,legit
txn_007702,0,,legit
txn_007703,0,,legit
txn_007704,0,,legit
txn_007705,0,,legit
txn_007706,0,,legit
txn_007707,0,,legit
txn_007708,0,,legit
txn_007709,0,,legit
txn_007710,0,,legit
txn_007711,0,,legit
txn_007712,0,,legit
txn_007713,0,,legit
txn_007714,0,,legit
txn_007715,0,,legit
txn_007716,0,,legit
txn_007717,0,,legit
txn_007718,0,,legit
txn_007719,0,,legit
txn_007720,0,,legit
txn_007721,0,,legit
txn_007722,0,,legit
txn_007723,0,,legit
txn_007724,0,,legit
txn_007725,0,,legit
txn_007726,0,,legit
txn_007727,0,,legit
txn_007728,0,,legit
txn_007729,0,,legit
txn_007730,0,,legit
txn_007731,0,,legit
txn_007732,0,,legit
txn_007733,0,,legit
txn_007734,0,,legit
txn_007735,0,,legit
txn_007736,0,,legit
txn_007737,0,,legit
txn_007738,0,,legit
txn_007739,0,,legit
txn_007740,0,,legit
txn_007741,0,,legit
txn_007742,0,,legit
txn_007743,0,,legit
txn_007744,0,,legit
txn_007745,0,,legit
txn_007746,0,,legit
txn_007747,0,,legit
txn_007748,0,,legit
txn_007749,0,,legit
txn_007750,0,,legit
txn_007751,0,,legit
txn_007752,0,,legit
txn_007753,0,,legit
txn_007754,0,,legit
txn_007755,0,,legit
txn_007756,0,,legit
txn_007757,0,,legit
txn_007758,0,,legit
txn_007759,0,,legit
txn_007760,0,,legit
txn_007761,0,,legit
txn_007762,0,,legit
txn_007763,0,,legit
txn_007764,0,,legit
txn_007765,0,,legit
txn_007766,0,,legit
txn_007767,0,,legit
txn_007768,0,,legit
txn_007769,0,,legit
txn_007770,0,,legit
txn_007771,0,,legit
txn_007772,0,,legit
txn_007773,0,,legit
txn_007774,0,,legit
txn_007775,0,,legit
txn_007776,0,,legit
txn_007777,0,,legit
txn_007778,0,,legit
txn_007779,0,,legit
txn_007780,0,,legit
txn_007781,0,,legit
txn_007782,0,,legit
txn_007783,0,,legit
txn_007784,0,,legit
txn_007785,0,,legit
txn_007786,0,,legit
txn_007787,0,,legit
txn_007788,0,,legit
txn_007789,0,,legit
txn_007790,0,,legit
txn_007791,0,,legit
txn_007792,0,,legit
txn_007793,0,,legit
txn_007794,0,,legit
txn_007795,0,,legit
txn_007796,0,,legit
txn_007797,0,,legit
txn_007798,0,,legit
txn_007799,0,,legit
txn_007800,0,,legit
txn_007801,0,,legit
txn_007802,0,,legit
txn_007803,0,,legit
txn_007804,0,,legit
txn_007805,0,,legit
txn_007806,0,,legit
txn_007807,0,,legit
txn_007808,0,,legit
txn_007809,0,,legit
txn_007810,0,,legit
txn_007811,0,,legit
txn_007812,0,,legit
txn_007813,0,,legit
txn_007814,0,,legit
txn_007815,0,,legit
txn_007816,0,,legit
txn_007817,0,,legit
txn_007818,0,,legit
txn_007819,0,,legit
txn_007820,0,,legit
txn_007821,0,,legit
txn_007822,0,,legit
txn_007823,0,,legit
txn_007824,0,,legit
txn_007825,0,,legit
txn_007826,0,,legit
txn_007827,0,,legit
txn_007828,0,,legit
txn_007829,0,,legit
txn_007830,0,,legit
txn_007831,0,,legit
txn_007832,0,,legit
txn_007833,0,,legit
txn_007834,0,,legit
txn_007835,0,,legit
txn_007836,0,,legit
txn_007837,0,,legit
txn_007838,0,,legit
txn_007839,0,,legit
txn_007840,0,,legit
txn_007841,0,,legit
txn_007842,0,,legit
txn_007843,0,,legit
txn_007844,0,,legit
txn_007845,0,,legit
txn_007846,0,,legit
txn_007847,0,,legit
txn_007848,0,,legit
txn_007849,0,,legit
txn_007850,0,,legit
txn_007851,0,,legit
txn_007852,0,,legit
txn_007853,0,,legit
txn_007854,0,,legit
txn_007855,0,,legit
txn_007856,0,,legit
txn_007857,0,,legit
txn_007858,0,,legit
txn_007859,0,,legit
txn_007860,0,,legit
txn_007861,0,,legit
txn_007862,0,,legit
txn_007863,0,,legit
txn_007864,0,,legit
txn_007865,0,,legit
txn_007866,0,,legit
txn_007867,0,,legit
txn_007868,0,,legit
txn_007869,0,,legit
txn_007870,0,,legit
txn_007871,0,,legit
txn_007872,0,,legit
txn_007873,0,,legit
txn_007874,0,,legit
txn_007875,0,,legit
txn_007876,0,,legit
txn_007877,0,,legit
txn_007878,0,,legit
txn_007879,0,,legit
txn_007880,0,,legit
txn_007881,0,,legit
txn_007882,0,,legit
txn_007883,0,,legit
txn_007884,0,,legit
txn_007885,0,,legit
txn_007886,0,,legit
txn_007887,0,,legit
txn_007888,0,,legit
txn_007889,0,,legit
txn_007890,0,,legit
txn_007891,0,,legit
txn_007892,0,,legit
txn_007893,0,,legit
txn_007894,0,,legit
txn_007895,0,,legit
txn_007896,0,,legit
txn_007897,0,,legit
txn_007898,0,,legit
txn_007899,0,,legit
txn_007900,0,,legit
txn_007901,0,,legit
txn_007902,0,,legit
txn_007903,0,,legit
txn_007904,0,,legit
txn_007905,0,,legit
txn_007906,0,,legit
txn_007907,0,,legit
txn_007908,0,,legit
txn_007909,0,,legit
txn_007910,0,,legit
txn_007911,0,,legit
txn_007912,0,,legit
txn_007913,0,,legit
txn_007914,0,,legit
txn_007915,0,,legit
txn_007916,0,,legit
txn_007917,0,,legit
txn_007918,0,,legit
txn_007919,0,,legit
txn_007920,0,,legit
txn_007921,0,,legit
txn_007922,0,,legit
txn_007923,0,,legit
txn_007924,0,,legit
txn_007925,0,,legit
txn_007926,0,,legit
txn_007927,0,,legit
txn_007928,0,,legit
txn_007929,0,,legit
txn_007930,0,,legit
txn_007931,0,,legit
txn_007932,0,,legit
txn_007933,0,,legit
txn_007934,0,,legit
txn_007935,0,,legit
txn_007936,0,,legit
txn_007937,0,,legit
txn_007938,0,,legit
txn_007939,0,,legit
txn_007940,0,,legit
txn_007941,0,,legit
txn_007942,0,,legit
txn_007943,0,,legit
txn_007944,0,,legit
txn_007945,0,,legit
txn_007946,0,,legit
txn_007947,0,,legit
txn_007948,0,,legit
txn_007949,0,,legit
txn_007950,0,,legit
txn_007951,0,,legit
txn_007952,0,,legit
txn_007953,0,,legit
txn_007954,0,,legit
txn_007955,0,,legit
txn_007956,0,,legit
txn_007957,0,,legit
txn_007958,0,,legit
txn_007959,0,,legit
txn_007960,0,,legit
txn_007961,0,,legit
txn_007962,0,,legit
txn_007963,0,,legit
txn_007964,0,,legit
txn_007965,0,,legit
txn_007966,0,,legit
txn_007967,0,,legit
txn_007968,0,,legit
txn_007969,0,,legit
txn_007970,0,,legit
txn_007971,0,,legit
txn_007972,0,,legit
txn_007973,0,,legit
txn_007974,0,,legit
txn_007975,0,,legit
txn_007976,0,,legit
txn_007977,0,,legit
txn_007978,0,,legit
txn_007979,0,,legit
txn_007980,0,,legit
txn_007981,0,,legit
txn_007982,0,,legit
txn_007983,0,,legit
txn_007984,0,,legit
txn_007985,0,,legit
txn_007986,0,,legit
txn_007987,0,,legit
txn_007988,0,,legit
txn_007989,0,,legit
txn_007990,0,,legit
txn_007991,0,,legit
txn_007992,0,,legit
txn_007993,0,,legit
txn_007994,0,,legit
txn_007995,0,,legit
txn_007996,0,,legit
txn_007997,0,,legit
txn_007998,0,,legit
txn_007999,0,,legit
txn_008000,0,,legit
txn_008001,0,,legit
txn_008002,0,,legit
txn_008003,0,,legit
txn_008004,0,,legit
txn_008005,0,,legit
txn_008006,0,,legit
txn_008007,0,,legit
txn_008008,0,,legit
txn_008009,0,,legit
txn_008010,0,,legit
txn_008011,0,,legit
txn_008012,0,,legit
txn_008013,0,,legit
txn_008014,0,,legit
txn_008015,0,,legit
txn_008016,0,,legit
txn_008017,0,,legit
txn_008018,0,,legit
txn_008019,0,,legit
txn_008020,0,,legit
txn_008021,0,,legit
txn_008022,0,,legit
txn_008023,0,,legit
txn_008024,0,,legit
txn_008025,0,,legit
txn_008026,0,,legit
txn_008027,0,,legit
txn_008028,0,,legit
txn_008029,0,,legit
txn_008030,0,,legit
txn_008031,0,,legit
txn_008032,0,,legit
txn_008033,0,,legit
txn_008034,0,,legit
txn_008035,0,,legit
txn_008036,0,,legit
txn_008037,0,,legit
txn_008038,0,,legit
txn_008039,0,,legit
txn_008040,0,,legit
txn_008041,0,,legit
txn_008042,0,,legit
txn_008043,0,,legit
txn_008044,0,,legit
txn_008045,0,,legit
txn_008046,0,,legit
txn_008047,0,,legit
txn_008048,0,,legit
txn_008049,0,,legit
txn_008050,0,,legit
txn_008051,0,,legit
txn_008052,0,,legit
txn_008053,0,,legit
txn_008054,0,,legit
txn_008055,0,,legit
txn_008056,0,,legit
txn_008057,0,,legit
txn_008058,0,,legit
txn_008059,0,,legit
txn_008060,0,,legit
txn_008061,0,,legit
txn_008062,0,,legit
txn_008063,0,,legit
txn_008064,0,,legit
txn_008065,0,,legit
txn_008066,0,,legit
txn_008067,0,,legit
txn_008068,0,,legit
txn_008069,0,,legit
txn_008070,0,,legit
txn_008071,0,,legit
txn_008072,0,,legit
txn_008073,0,,legit
txn_008074,0,,legit
txn_008075,0,,legit
txn_008076,0,,legit
txn_008077,0,,legit
txn_008078,0,,legit
txn_008079,0,,legit
txn_008080,0,,legit
txn_008081,0,,legit
txn_008082,0,,legit
txn_008083,0,,legit
txn_008084,0,,legit
txn_008085,0,,legit
txn_008086,0,,legit
txn_008087,0,,legit
txn_008088,0,,legit
txn_008089,0,,legit
txn_008090,0,,legit
txn_008091,0,,legit
txn_008092,0,,legit
txn_008093,0,,legit
txn_008094,0,,legit
txn_008095,0,,legit
txn_008096,0,,legit
txn_008097,0,,legit
txn_008098,0,,legit
txn_008099,0,,legit
txn_008100,0,,legit
txn_008101,0,,legit
txn_008102,0,,legit
txn_008103,0,,legit
txn_008104,0,,legit
txn_008105,0,,legit
txn_008106,0,,legit
txn_008107,0,,legit
txn_008108,0,,legit
txn_008109,0,,legit
txn_008110,0,,legit
txn_008111,0,,legit
txn_008112,0,,legit
txn_008113,0,,legit
txn_008114,0,,legit
txn_008115,0,,legit
txn_008116,0,,legit
txn_008117,0,,legit
txn_008118,0,,legit
txn_008119,0,,legit
txn_008120,0,,legit
txn_008121,0,,legit
txn_008122,0,,legit
txn_008123,0,,legit
txn_008124,0,,legit
txn_008125,0,,legit
txn_008126,0,,legit
txn_008127,0,,legit
txn_008128,0,,legit
txn_008129,0,,legit
txn_008130,0,,legit
txn_008131,0,,legit
txn_008132,0,,legit
txn_008133,0,,legit
txn_008134,0,,legit
txn_008135,0,,legit
txn_008136,0,,legit
txn_008137,0,,legit
txn_008138,0,,legit
txn_008139,0,,legit
txn_008140,0,,legit
txn_008141,0,,legit
txn_008142,0,,legit
txn_008143,0,,legit
txn_008144,0,,legit
txn_008145,0,,legit
txn_008146,0,,legit
txn_008147,0,,legit
txn_008148,0,,legit
txn_008149,0,,legit
txn_008150,0,,legit
txn_008151,0,,legit
txn_008152,0,,legit
txn_008153,0,,legit
txn_008154,0,,legit
txn_008155,0,,legit
txn_008156,0,,legit
txn_008157,0,,legit
txn_008158,0,,legit
txn_008159,0,,legit
txn_008160,0,,legit
txn_008161,0,,legit
txn_008162,0,,legit
txn_008163,0,,legit
txn_008164,0,,legit
txn_008165,0,,legit
txn_008166,0,,legit
txn_008167,0,,legit
txn_008168,0,,legit
txn_008169,0,,legit
txn_008170,0,,legit
txn_008171,0,,legit
txn_008172,0,,legit
txn_008173,0,,legit
txn_008174,0,,legit
txn_008175,0,,legit
txn_008176,0,,legit
txn_008177,0,,legit
txn_008178,0,,legit
txn_008179,0,,legit
txn_008180,0,,legit
txn_008181,0,,legit
txn_008182,0,,legit
txn_008183,0,,legit
txn_008184,0,,legit
txn_008185,0,,legit
txn_008186,0,,legit
txn_008187,0,,legit
txn_008188,0,,legit
txn_008189,0,,legit
txn_008190,0,,legit
txn_008191,0,,legit
txn_008192,0,,legit
txn_008193,0,,legit
txn_008194,0,,legit
txn_008195,0,,legit
txn_008196,0,,legit
txn_008197,0,,legit
txn_008198,0,,legit
txn_008199,0,,legit
txn_008200,0,,legit
txn_008201,0,,legit
txn_008202,0,,legit
txn_008203,0,,legit
txn_008204,0,,legit
txn_008205,0,,legit
txn_008206,0,,legit
txn_008207,0,,legit
txn_008208,0,,legit
txn_008209,0,,legit
txn_008210,0,,legit
txn_008211,0,,legit
txn_008212,0,,legit
txn_008213,0,,legit
txn_008214,0,,legit
txn_008215,0,,legit
txn_008216,0,,legit
txn_008217,0,,legit
txn_008218,0,,legit
txn_008219,0,,legit
txn_008220,0,,legit
txn_008221,0,,legit
txn_008222,0,,legit
txn_008223,0,,legit
txn_008224,0,,legit
txn_008225,0,,legit
txn_008226,0,,legit
txn_008227,0,,legit
txn_008228,0,,legit
txn_008229,0,,legit
txn_008230,0,,legit
txn_008231,0,,legit
txn_008232,0,,legit
txn_008233,0,,legit
txn_008234,0,,legit
txn_008235,0,,legit
txn_008236,0,,legit
txn_008237,0,,legit
txn_008238,0,,legit
txn_008239,0,,legit
txn_008240,0,,legit
txn_008241,0,,legit
txn_008242,0,,legit
txn_008243,0,,legit
txn_008244,0,,legit
txn_008245,0,,legit
txn_008246,0,,legit
txn_008247,0,,legit
txn_008248,0,,legit
txn_008249,0,,legit
txn_008250,0,,legit
txn_008251,0,,legit
txn_008252,0,,legit
txn_008253,0,,legit
txn_008254,0,,legit
txn_008255,0,,legit
txn_008256,0,,legit
txn_008257,0,,legit
txn_008258,0,,legit
txn_008259,0,,legit
txn_008260,0,,legit
txn_008261,0,,legit
txn_008262,0,,legit
txn_008263,0,,legit
txn_008264,0,,legit
txn_008265,0,,legit
txn_008266,0,,legit
txn_008267,0,,legit
txn_008268,0,,legit
txn_008269,0,,legit
txn_008270,0,,legit
txn_008271,0,,legit
txn_008272,0,,legit
txn_008273,0,,legit
txn_008274,0,,legit
txn_008275,0,,legit
txn_008276,0,,legit
txn_008277,0,,legit
txn_008278,0,,legit
txn_008279,0,,legit
txn_008280,0,,legit
txn_008281,0,,legit
txn_008282,0,,legit
txn_008283,0,,legit
txn_008284,0,,legit
txn_008285,0,,legit
txn_008286,0,,legit
txn_008287,0,,legit
txn_008288,0,,legit
txn_008289,0,,legit
txn_008290,0,,legit
txn_008291,0,,legit
txn_008292,0,,legit
txn_008293,0,,legit
txn_008294,0,,legit
txn_008295,0,,legit
txn_008296,0,,legit
txn_008297,0,,legit
txn_008298,0,,legit
txn_008299,0,,legit
txn_008300,0,,legit
txn_008301,0,,legit
txn_008302,0,,legit
txn_008303,0,,legit
txn_008304,0,,legit
txn_008305,0,,legit
txn_008306,0,,legit
txn_008307,0,,legit
txn_008308,0,,legit
txn_008309,0,,legit
txn_008310,0,,legit
txn_008311,0,,legit
txn_008312,0,,legit
txn_008313,0,,legit
txn_008314,0,,legit
txn_008315,0,,legit
txn_008316,0,,legit
txn_008317,0,,legit
txn_008318,0,,legit
txn_008319,0,,legit
txn_008320,0,,legit
txn_008321,0,,legit
txn_008322,0,,legit
txn_008323,0,,legit
txn_008324,0,,legit
txn_008325,0,,legit
txn_008326,0,,legit
txn_008327,0,,legit
txn_008328,0,,legit
txn_008329,0,,legit
txn_008330,0,,legit
txn_008331,0,,legit
txn_008332,0,,legit
txn_008333,0,,legit
txn_008334,0,,legit
txn_008335,0,,legit
txn_008336,0,,legit
txn_008337,0,,legit
txn_008338,0,,legit
txn_008339,0,,legit
txn_008340,0,,legit
txn_008341,0,,legit
txn_008342,0,,legit
txn_008343,0,,legit
txn_008344,0,,legit
txn_008345,0,,legit
txn_008346,0,,legit
txn_008347,0,,legit
txn_008348,0,,legit
txn_008349,0,,legit
txn_008350,0,,legit
txn_008351,0,,legit
txn_008352,0,,legit
txn_008353,0,,legit
txn_008354,0,,legit
txn_008355,0,,legit
txn_008356,0,,legit
txn_008357,0,,legit
txn_008358,0,,legit
txn_008359,0,,legit
txn_008360,0,,legit
txn_008361,0,,legit
txn_008362,0,,legit
txn_008363,0,,legit
txn_008364,0,,legit
txn_008365,0,,legit
txn_008366,0,,legit
txn_008367,0,,legit
txn_008368,0,,legit
txn_008369,0,,legit
txn_008370,0,,legit
txn_008371,0,,legit
txn_008372,0,,legit
txn_008373,0,,legit
txn_008374,0,,legit
txn_008375,0,,legit
txn_008376,0,,legit
txn_008377,0,,legit
txn_008378,0,,legit
txn_008379,0,,legit
txn_008380,0,,legit
txn_008381,0,,legit
txn_008382,0,,legit
txn_008383,0,,legit
txn_008384,0,,legit
txn_008385,0,,legit
txn_008386,0,,legit
txn_008387,0,,legit
txn_008388,0,,legit
txn_008389,0,,legit
txn_008390,0,,legit
txn_008391,0,,legit
txn_008392,0,,legit
txn_008393,0,,legit
txn_008394,0,,legit
txn_008395,0,,legit
txn_008396,0,,legit
txn_008397,0,,legit
txn_008398,0,,legit
txn_008399,0,,legit
txn_008400,0,,legit
txn_008401,0,,legit
txn_008402,0,,legit
txn_008403,0,,legit
txn_008404,0,,legit
txn_008405,0,,legit
txn_008406,0,,legit
txn_008407,0,,legit
txn_008408,0,,legit
txn_008409,0,,legit
txn_008410,0,,legit
txn_008411,0,,legit
txn_008412,0,,legit
txn_008413,0,,legit
txn_008414,0,,legit
txn_008415,0,,legit
txn_008416,0,,legit
txn_008417,0,,legit
txn_008418,0,,legit
txn_008419,0,,legit
txn_008420,0,,legit
txn_008421,0,,legit
txn_008422,0,,legit
txn_008423,0,,legit
txn_008424,0,,legit
txn_008425,0,,legit
txn_008426,0,,legit
txn_008427,0,,legit
txn_008428,0,,legit
txn_008429,0,,legit
txn_008430,0,,legit
txn_008431,0,,legit
txn_008432,0,,legit
txn_008433,0,,legit
txn_008434,0,,legit
txn_008435,0,,legit
txn_008436,0,,legit
txn_008437,0,,legit
txn_008438,0,,legit
txn_008439,0,,legit
txn_008440,0,,legit
txn_008441,0,,legit
txn_008442,0,,legit
txn_008443,0,,legit
txn_008444,0,,legit
txn_008445,0,,legit
txn_008446,0,,legit
txn_008447,0,,legit
txn_008448,0,,legit
txn_008449,0,,legit
txn_008450,0,,legit
txn_008451,0,,legit
txn_008452,0,,legit
txn_008453,0,,legit
txn_008454,0,,legit
txn_008455,0,,legit
txn_008456,0,,legit
txn_008457,0,,legit
txn_008458,0,,legit
txn_008459,0,,legit
txn_008460,0,,legit
txn_008461,0,,legit
txn_008462,0,,legit
txn_008463,0,,legit
txn_008464,0,,legit
txn_008465,0,,legit
txn_008466,0,,legit
txn_008467,0,,legit
txn_008468,0,,legit
txn_008469,0,,legit
txn_008470,0,,legit
txn_008471,0,,legit
txn_008472,0,,legit
txn_008473,0,,legit
txn_008474,0,,legit
txn_008475,0,,legit
txn_008476,0,,legit
txn_008477,0,,legit
txn_008478,0,,legit
txn_008479,0,,legit
txn_008480,0,,legit
txn_008481,0,,legit
txn_008482,0,,legit
txn_008483,0,,legit
txn_008484,0,,legit
txn_008485,0,,legit
txn_008486,0,,legit
txn_008487,0,,legit
txn_008488,0,,legit
txn_008489,0,,legit
txn_008490,0,,legit
txn_008491,0,,legit
txn_008492,0,,legit
txn_008493,0,,legit
txn_008494,0,,legit
txn_008495,0,,legit
txn_008496,0,,legit
txn_008497,0,,legit
txn_008498,0,,legit
txn_008499,0,,legit
txn_008500,0,,legit
txn_008501,0,,legit
txn_008502,0,,legit
txn_008503,0,,legit
txn_008504,0,,legit
txn_008505,0,,legit
txn_008506,0,,legit
txn_008507,0,,legit
txn_008508,0,,legit
txn_008509,0,,legit
txn_008510,0,,legit
txn_008511,0,,legit
txn_008512,0,,legit
txn_008513,0,,legit
txn_008514,0,,legit
txn_008515,0,,legit
txn_008516,0,,legit
txn_008517,0,,legit
txn_008518,0,,legit
txn_008519,0,,legit
txn_008520,0,,legit
txn_008521,0,,legit
txn_008522,0,,legit
txn_008523,0,,legit
txn_008524,0,,legit
txn_008525,0,,legit
txn_008526,0,,legit
txn_008527,0,,legit
txn_008528,0,,legit
txn_008529,0,,legit
txn_008530,0,,legit
txn_008531,0,,legit
txn_008532,0,,legit
txn_008533,0,,legit
txn_008534,0,,legit
txn_008535,0,,legit
txn_008536,0,,legit
txn_008537,0,,legit
txn_008538,0,,legit
txn_008539,0,,legit
txn_008540,0,,legit
txn_008541,0,,legit
txn_008542,0,,legit
txn_008543,0,,legit
txn_008544,0,,legit
txn_008545,0,,legit
txn_008546,0,,legit
txn_008547,0,,legit
txn_008548,0,,legit
txn_008549,0,,legit
txn_008550,0,,legit
txn_008551,0,,legit
txn_008552,0,,legit
txn_008553,0,,legit
txn_008554,0,,legit
txn_008555,0,,legit
txn_008556,0,,legit
txn_008557,0,,legit
txn_008558,0,,legit
txn_008559,0,,legit
txn_008560,0,,legit
txn_008561,0,,legit
txn_008562,0,,legit
txn_008563,0,,legit
txn_008564,0,,legit
txn_008565,0,,legit
txn_008566,0,,legit
txn_008567,0,,legit
txn_008568,0,,legit
txn_008569,0,,legit
txn_008570,0,,legit
txn_008571,0,,legit
txn_008572,0,,legit
txn_008573,0,,legit
txn_008574,0,,legit
txn_008575,0,,legit
txn_008576,0,,legit
txn_008577,0,,legit
txn_008578,0,,legit
txn_008579,0,,legit
txn_008580,0,,legit
txn_008581,0,,legit
txn_008582,0,,legit
txn_008583,0,,legit
txn_008584,0,,legit
txn_008585,0,,legit
txn_008586,0,,legit
txn_008587,0,,legit
txn_008588,0,,legit
txn_008589,0,,legit
txn_008590,0,,legit
txn_008591,0,,legit
txn_008592,0,,legit
txn_008593,0,,legit
txn_008594,0,,legit
txn_008595,0,,legit
txn_008596,0,,legit
txn_008597,0,,legit
txn_008598,0,,legit
txn_008599,0,,legit
txn_008600,0,,legit
txn_008601,0,,legit
txn_008602,0,,legit
txn_008603,0,,legit
txn_008604,0,,legit
txn_008605,0,,legit
txn_008606,0,,legit
txn_008607,0,,legit
txn_008608,0,,legit
txn_008609,0,,legit
txn_008610,0,,legit
txn_008611,0,,legit
txn_008612,0,,legit
txn_008613,0,,legit
txn_008614,0,,legit
txn_008615,0,,legit
txn_008616,0,,legit
txn_008617,0,,legit
txn_008618,0,,legit
txn_008619,0,,legit
txn_008620,0,,legit
txn_008621,0,,legit
txn_008622,0,,legit
txn_008623,0,,legit
txn_008624,0,,legit
txn_008625,0,,legit
txn_008626,0,,legit
txn_008627,0,,legit
txn_008628,0,,legit
txn_008629,0,,legit
txn_008630,0,,legit
txn_008631,0,,legit
txn_008632,0,,legit
txn_008633,0,,legit
txn_008634,0,,legit
txn_008635,0,,legit
txn_008636,0,,legit
txn_008637,0,,legit
txn_008638,0,,legit
txn_008639,0,,legit
txn_008640,0,,legit
txn_008641,0,,legit
txn_008642,0,,legit
txn_008643,0,,legit
txn_008644,0,,legit
txn_008645,0,,legit
txn_008646,0,,legit
txn_008647,0,,legit
txn_008648,0,,legit
txn_008649,0,,legit
txn_008650,0,,legit
txn_008651,0,,legit
txn_008652,0,,legit
txn_008653,0,,legit
txn_008654,0,,legit
txn_008655,0,,legit
txn_008656,0,,legit
txn_008657,0,,legit
txn_008658,0,,legit
txn_008659,0,,legit
txn_008660,0,,legit
txn_008661,0,,legit
txn_008662,0,,legit
txn_008663,0,,legit
txn_008664,0,,legit
txn_008665,0,,legit
txn_008666,0,,legit
txn_008667,0,,legit
txn_008668,0,,legit
txn_008669,0,,legit
txn_008670,0,,legit
txn_008671,0,,legit
txn_008672,0,,legit
txn_008673,0,,legit
txn_008674,0,,legit
txn_008675,0,,legit
txn_008676,0,,legit
txn_008677,0,,legit
txn_008678,0,,legit
txn_008679,0,,legit
txn_008680,0,,legit
txn_008681,0,,legit
txn_008682,0,,legit
txn_008683,0,,legit
txn_008684,0,,legit
txn_008685,0,,legit
txn_008686,0,,legit
txn_008687,0,,legit
txn_008688,0,,legit
txn_008689,0,,legit
txn_008690,0,,legit
txn_008691,0,,legit
txn_008692,0,,legit
txn_008693,0,,legit
txn_008694,0,,legit
txn_008695,0,,legit
txn_008696,0,,legit
txn_008697,0,,legit
txn_008698,0,,legit
txn_008699,0,,legit
txn_008700,0,,legit
txn_008701,0,,legit
txn_008702,0,,legit
txn_008703,0,,legit
txn_008704,0,,legit
txn_008705,0,,legit
txn_008706,0,,legit
txn_008707,0,,legit
txn_008708,0,,legit
txn_008709,0,,legit
txn_008710,0,,legit
txn_008711,0,,legit
txn_008712,0,,legit
txn_008713,0,,legit
txn_008714,0,,legit
txn_008715,0,,legit
txn_008716,0,,legit
txn_008717,0,,legit
txn_008718,0,,legit
txn_008719,0,,legit
txn_008720,0,,legit
txn_008721,0,,legit
txn_008722,0,,legit
txn_008723,0,,legit
txn_008724,0,,legit
txn_008725,0,,legit
txn_008726,0,,legit
txn_008727,0,,legit
txn_008728,0,,legit
txn_008729,0,,legit
txn_008730,0,,legit
txn_008731,0,,legit
txn_008732,0,,legit
txn_008733,0,,legit
txn_008734,0,,legit
txn_008735,0,,legit
txn_008736,0,,legit
txn_008737,0,,legit
txn_008738,0,,legit
txn_008739,0,,legit
txn_008740,0,,legit
txn_008741,0,,legit
txn_008742,0,,legit
txn_008743,0,,legit
txn_008744,0,,legit
txn_008745,0,,legit
txn_008746,0,,legit
txn_008747,0,,legit
txn_008748,0,,legit
txn_008749,0,,legit
txn_008750,0,,legit
txn_008751,0,,legit
txn_008752,0,,legit
txn_008753,0,,legit
txn_008754,0,,legit
txn_008755,0,,legit
txn_008756,0,,legit
txn_008757,0,,legit
txn_008758,0,,legit
txn_008759,0,,legit
txn_008760,0,,legit
txn_008761,0,,legit
txn_008762,0,,legit
txn_008763,0,,legit
txn_008764,0,,legit
txn_008765,0,,legit
txn_008766,0,,legit
txn_008767,0,,legit
txn_008768,0,,legit
txn_008769,0,,legit
txn_008770,0,,legit
txn_008771,0,,legit
txn_008772,0,,legit
txn_008773,0,,legit
txn_008774,0,,legit
txn_008775,0,,legit
txn_008776,0,,legit
txn_008777,0,,legit
txn_008778,0,,legit
txn_008779,0,,legit
txn_008780,0,,legit
txn_008781,0,,legit
txn_008782,0,,legit
txn_008783,0,,legit
txn_008784,0,,legit
txn_008785,0,,legit
txn_008786,0,,legit
txn_008787,0,,legit
txn_008788,0,,legit
txn_008789,0,,legit
txn_008790,0,,legit
txn_008791,0,,legit
txn_008792,0,,legit
txn_008793,0,,legit
txn_008794,0,,legit
txn_008795,0,,legit
txn_008796,0,,legit
txn_008797,0,,legit
txn_008798,0,,legit
txn_008799,0,,legit
txn_008800,0,,legit
txn_008801,0,,legit
txn_008802,0,,legit
txn_008803,0,,legit
txn_008804,0,,legit
txn_008805,0,,hard_neg_festival
txn_008806,0,,hard_neg_festival
txn_008807,0,,hard_neg_festival
txn_008808,0,,hard_neg_festival
txn_008809,0,,hard_neg_festival
txn_008810,0,,hard_neg_festival
txn_008811,0,,hard_neg_festival
txn_008812,0,,hard_neg_festival
txn_008813,0,,hard_neg_festival
txn_008814,0,,hard_neg_festival
txn_008815,0,,hard_neg_festival
txn_008816,0,,hard_neg_festival
txn_008817,0,,hard_neg_festival
txn_008818,0,,hard_neg_festival
txn_008819,0,,hard_neg_festival
txn_008820,0,,hard_neg_festival
txn_008821,0,,hard_neg_festival
txn_008822,0,,hard_neg_festival
txn_008823,0,,hard_neg_festival
txn_008824,0,,hard_neg_festival
txn_008825,0,,hard_neg_festival
txn_008826,0,,hard_neg_festival
txn_008827,0,,hard_neg_festival
txn_008828,0,,hard_neg_festival
txn_008829,0,,hard_neg_festival
txn_008830,0,,hard_neg_festival
txn_008831,0,,hard_neg_festival
txn_008832,0,,hard_neg_festival
txn_008833,0,,legit
txn_008834,0,,legit
txn_008835,0,,legit
txn_008836,0,,legit
txn_008837,0,,legit
txn_008838,0,,legit
txn_008839,0,,legit
txn_008840,0,,legit
txn_008841,0,,legit
txn_008842,0,,legit
txn_008843,0,,legit
txn_008844,0,,legit
txn_008845,0,,legit
txn_008846,0,,legit
txn_008847,0,,legit
txn_008848,0,,legit
txn_008849,0,,legit
txn_008850,0,,legit
txn_008851,0,,legit
txn_008852,0,,legit
txn_008853,0,,legit
txn_008854,0,,legit
txn_008855,0,,legit
txn_008856,0,,legit
txn_008857,0,,legit
txn_008858,0,,legit
txn_008859,0,,legit
txn_008860,0,,legit
txn_008861,0,,legit
txn_008862,0,,legit
txn_008863,0,,legit
txn_008864,0,,legit
txn_008865,0,,legit
txn_008866,0,,legit
txn_008867,0,,legit
txn_008868,0,,legit
txn_008869,0,,legit
txn_008870,0,,legit
txn_008871,0,,legit
txn_008872,0,,legit
txn_008873,0,,legit
txn_008874,0,,legit
txn_008875,0,,legit
txn_008876,0,,legit
txn_008877,0,,legit
txn_008878,0,,legit
txn_008879,0,,legit
txn_008880,0,,legit
txn_008881,0,,legit
txn_008882,0,,legit
txn_008883,0,,legit
txn_008884,0,,legit
txn_008885,0,,legit
txn_008886,0,,legit
txn_008887,0,,legit
txn_008888,0,,legit
txn_008889,0,,legit
txn_008890,0,,legit
txn_008891,0,,legit
txn_008892,0,,legit
txn_008893,0,,legit
txn_008894,0,,legit
txn_008895,0,,legit
txn_008896,0,,legit
txn_008897,0,,legit
txn_008898,0,,legit
txn_008899,0,,legit
txn_008900,0,,legit
txn_008901,0,,legit
txn_008902,0,,legit
txn_008903,0,,legit
txn_008904,0,,legit
txn_008905,0,,legit
txn_008906,0,,legit
txn_008907,0,,legit
txn_008908,0,,legit
txn_008909,0,,legit
txn_008910,0,,legit
txn_008911,0,,legit
txn_008912,0,,legit
txn_008913,0,,legit
txn_008914,0,,legit
txn_008915,0,,legit
txn_008916,0,,legit
txn_008917,0,,legit
txn_008918,0,,legit
txn_008919,0,,legit
txn_008920,0,,legit
txn_008921,0,,legit
txn_008922,0,,legit
txn_008923,0,,legit
txn_008924,0,,legit
txn_008925,0,,legit
txn_008926,0,,legit
txn_008927,0,,legit
txn_008928,0,,legit
txn_008929,0,,legit
txn_008930,0,,legit
txn_008931,0,,legit
txn_008932,0,,legit
txn_008933,0,,legit
txn_008934,0,,legit
txn_008935,0,,legit
txn_008936,0,,legit
txn_008937,0,,legit
txn_008938,0,,legit
txn_008939,0,,legit
txn_008940,0,,legit
txn_008941,0,,legit
txn_008942,0,,legit
txn_008943,0,,legit
txn_008944,0,,legit
txn_008945,0,,legit
txn_008946,0,,legit
txn_008947,0,,legit
txn_008948,0,,legit
txn_008949,0,,legit
txn_008950,0,,legit
txn_008951,0,,legit
txn_008952,0,,legit
txn_008953,0,,legit
txn_008954,0,,legit
txn_008955,0,,legit
txn_008956,0,,legit
txn_008957,0,,legit
txn_008958,0,,legit
txn_008959,0,,legit
txn_008960,0,,legit
txn_008961,0,,legit
txn_008962,0,,legit
txn_008963,0,,legit
txn_008964,0,,legit
txn_008965,0,,legit
txn_008966,0,,legit
txn_008967,0,,legit
txn_008968,0,,legit
txn_008969,0,,legit
txn_008970,0,,legit
txn_008971,0,,legit
txn_008972,0,,legit
txn_008973,0,,legit
txn_008974,0,,legit
txn_008975,0,,legit
txn_008976,0,,legit
txn_008977,0,,legit
txn_008978,0,,legit
txn_008979,0,,legit
txn_008980,0,,legit
txn_008981,0,,legit
txn_008982,0,,legit
txn_008983,0,,legit
txn_008984,0,,legit
txn_008985,0,,legit
txn_008986,0,,legit
txn_008987,0,,legit
txn_008988,0,,legit
txn_008989,0,,legit
txn_008990,0,,legit
txn_008991,0,,legit
txn_008992,0,,legit
txn_008993,0,,legit
txn_008994,0,,legit
txn_008995,0,,legit
txn_008996,0,,legit
txn_008997,0,,legit
txn_008998,0,,legit
txn_008999,0,,legit
txn_009000,0,,legit
txn_009001,0,,legit
txn_009002,0,,legit
txn_009003,0,,legit
txn_009004,0,,legit
txn_009005,0,,legit
txn_009006,0,,legit
txn_009007,0,,legit
txn_009008,0,,legit
txn_009009,0,,legit
txn_009010,0,,legit
txn_009011,0,,legit
txn_009012,0,,legit
txn_009013,0,,legit
txn_009014,0,,legit
txn_009015,0,,legit
txn_009016,0,,legit
txn_009017,0,,legit
txn_009018,0,,legit
txn_009019,0,,legit
txn_009020,0,,legit
txn_009021,0,,legit
txn_009022,0,,legit
txn_009023,0,,legit
txn_009024,0,,legit
txn_009025,0,,legit
txn_009026,0,,legit
txn_009027,0,,legit
txn_009028,0,,legit
txn_009029,0,,legit
txn_009030,0,,legit
txn_009031,0,,legit
txn_009032,0,,legit
txn_009033,0,,legit
txn_009034,0,,legit
txn_009035,0,,legit
txn_009036,0,,legit
txn_009037,0,,legit
txn_009038,0,,legit
txn_009039,0,,legit
txn_009040,0,,legit
txn_009041,0,,legit
txn_009042,0,,legit
txn_009043,0,,legit
txn_009044,0,,legit
txn_009045,0,,legit
txn_009046,0,,legit
txn_009047,0,,legit
txn_009048,0,,legit
txn_009049,0,,legit
txn_009050,0,,legit
txn_009051,0,,legit
txn_009052,0,,legit
txn_009053,0,,legit
txn_009054,0,,legit
txn_009055,0,,legit
txn_009056,0,,legit
txn_009057,0,,legit
txn_009058,0,,legit
txn_009059,0,,legit
txn_009060,0,,legit
txn_009061,0,,legit
txn_009062,0,,legit
txn_009063,0,,legit
txn_009064,0,,legit
txn_009065,0,,legit
txn_009066,0,,legit
txn_009067,0,,legit
txn_009068,0,,legit
txn_009069,0,,legit
txn_009070,0,,legit
txn_009071,0,,legit
txn_009072,0,,legit
txn_009073,0,,legit
txn_009074,0,,legit
txn_009075,0,,legit
txn_009076,0,,legit
txn_009077,0,,legit
txn_009078,0,,legit
txn_009079,0,,legit
txn_009080,0,,legit
txn_009081,0,,legit
txn_009082,0,,legit
txn_009083,0,,legit
txn_009084,0,,legit
txn_009085,0,,legit
txn_009086,0,,legit
txn_009087,0,,legit
txn_009088,0,,legit
txn_009089,0,,legit
txn_009090,0,,legit
txn_009091,0,,legit
txn_009092,0,,legit
txn_009093,0,,legit
txn_009094,0,,legit
txn_009095,0,,legit
txn_009096,0,,legit
txn_009097,0,,legit
txn_009098,0,,legit
txn_009099,0,,legit
txn_009100,0,,legit
txn_009101,0,,legit
txn_009102,0,,legit
txn_009103,0,,legit
txn_009104,0,,legit
txn_009105,0,,legit
txn_009106,0,,legit
txn_009107,0,,legit
txn_009108,0,,legit
txn_009109,0,,legit
txn_009110,0,,legit
txn_009111,0,,legit
txn_009112,0,,legit
txn_009113,0,,legit
txn_009114,0,,legit
txn_009115,0,,legit
txn_009116,0,,legit
txn_009117,0,,legit
txn_009118,0,,legit
txn_009119,0,,legit
txn_009120,0,,legit
txn_009121,0,,legit
txn_009122,0,,legit
txn_009123,0,,legit
txn_009124,0,,legit
txn_009125,0,,legit
txn_009126,0,,legit
txn_009127,0,,legit
txn_009128,0,,legit
txn_009129,0,,legit
txn_009130,0,,legit
txn_009131,0,,legit
txn_009132,0,,legit
txn_009133,0,,legit
txn_009134,0,,legit
txn_009135,0,,legit
txn_009136,0,,legit
txn_009137,0,,legit
txn_009138,0,,legit
txn_009139,0,,legit
txn_009140,0,,legit
txn_009141,0,,legit
txn_009142,0,,legit
txn_009143,0,,legit
txn_009144,0,,legit
txn_009145,0,,legit
txn_009146,0,,legit
txn_009147,0,,legit
txn_009148,0,,legit
txn_009149,0,,legit
txn_009150,0,,legit
txn_009151,0,,legit
txn_009152,0,,legit
txn_009153,0,,legit
txn_009154,0,,legit
txn_009155,0,,legit
txn_009156,0,,legit
txn_009157,0,,legit
txn_009158,0,,legit
txn_009159,0,,legit
txn_009160,0,,legit
txn_009161,0,,legit
txn_009162,0,,legit
txn_009163,0,,legit
txn_009164,0,,legit
txn_009165,0,,legit
txn_009166,0,,legit
txn_009167,0,,legit
txn_009168,0,,legit
txn_009169,0,,legit
txn_009170,0,,legit
txn_009171,0,,legit
txn_009172,0,,legit
txn_009173,0,,legit
txn_009174,0,,legit
txn_009175,0,,legit
txn_009176,0,,legit
txn_009177,0,,legit
txn_009178,0,,legit
txn_009179,0,,legit
txn_009180,0,,legit
txn_009181,0,,legit
txn_009182,0,,legit
txn_009183,0,,legit
txn_009184,0,,legit
txn_009185,0,,legit
txn_009186,0,,legit
txn_009187,0,,legit
txn_009188,0,,legit
txn_009189,0,,legit
txn_009190,0,,legit
txn_009191,0,,legit
txn_009192,0,,legit
txn_009193,0,,legit
txn_009194,0,,legit
txn_009195,0,,legit
txn_009196,0,,legit
txn_009197,0,,legit
txn_009198,0,,legit
txn_009199,0,,legit
txn_009200,0,,legit
txn_009201,0,,legit
txn_009202,0,,legit
txn_009203,0,,legit
txn_009204,0,,legit
txn_009205,0,,legit
txn_009206,0,,legit
txn_009207,0,,legit
txn_009208,0,,legit
txn_009209,0,,legit
txn_009210,0,,legit
txn_009211,0,,legit
txn_009212,0,,legit
txn_009213,0,,legit
txn_009214,0,,legit
txn_009215,0,,legit
txn_009216,0,,legit
txn_009217,0,,legit
txn_009218,0,,legit
txn_009219,0,,legit
txn_009220,0,,legit
txn_009221,0,,legit
txn_009222,0,,legit
txn_009223,0,,legit
txn_009224,0,,legit
txn_009225,0,,legit
txn_009226,0,,legit
txn_009227,0,,legit
txn_009228,0,,legit
txn_009229,0,,legit
txn_009230,0,,legit
txn_009231,0,,legit
txn_009232,0,,legit
txn_009233,0,,legit
txn_009234,0,,legit
txn_009235,0,,legit
txn_009236,0,,legit
txn_009237,0,,legit
txn_009238,0,,legit
txn_009239,0,,legit
txn_009240,0,,legit
txn_009241,0,,legit
txn_009242,0,,legit
txn_009243,0,,legit
txn_009244,0,,legit
txn_009245,0,,legit
txn_009246,0,,legit
txn_009247,0,,legit
txn_009248,0,,legit
txn_009249,0,,legit
txn_009250,0,,legit
txn_009251,0,,legit
txn_009252,0,,legit
txn_009253,0,,legit
txn_009254,0,,legit
txn_009255,0,,legit
txn_009256,0,,legit
txn_009257,0,,legit
txn_009258,0,,legit
txn_009259,0,,legit
txn_009260,0,,legit
txn_009261,0,,legit
txn_009262,0,,legit
txn_009263,0,,legit
txn_009264,0,,legit
txn_009265,0,,legit
txn_009266,0,,legit
txn_009267,0,,legit
txn_009268,0,,legit
txn_009269,0,,legit
txn_009270,0,,legit
txn_009271,0,,legit
txn_009272,0,,legit
txn_009273,0,,legit
txn_009274,0,,legit
txn_009275,0,,legit
txn_009276,0,,legit
txn_009277,0,,legit
txn_009278,0,,legit
txn_009279,0,,legit
txn_009280,0,,legit
txn_009281,0,,legit
txn_009282,0,,legit
txn_009283,0,,legit
txn_009284,0,,legit
txn_009285,0,,legit
txn_009286,0,,legit
txn_009287,0,,legit
txn_009288,0,,legit
txn_009289,0,,legit
txn_009290,0,,legit
txn_009291,0,,legit
txn_009292,0,,legit
txn_009293,0,,legit
txn_009294,0,,legit
txn_009295,0,,legit
txn_009296,0,,legit
txn_009297,0,,legit
txn_009298,0,,legit
txn_009299,0,,legit
txn_009300,0,,legit
txn_009301,0,,legit
txn_009302,0,,legit
txn_009303,0,,legit
txn_009304,0,,legit
txn_009305,0,,legit
txn_009306,0,,legit
txn_009307,0,,legit
txn_009308,0,,legit
txn_009309,0,,legit
txn_009310,0,,legit
txn_009311,0,,legit
txn_009312,0,,legit
txn_009313,0,,legit
txn_009314,0,,legit
txn_009315,0,,legit
txn_009316,0,,legit
txn_009317,0,,legit
txn_009318,0,,legit
txn_009319,0,,legit
txn_009320,0,,legit
txn_009321,0,,legit
txn_009322,0,,legit
txn_009323,0,,legit
txn_009324,0,,legit
txn_009325,0,,legit
txn_009326,0,,legit
txn_009327,0,,legit
txn_009328,0,,legit
txn_009329,0,,legit
txn_009330,0,,legit
txn_009331,0,,legit
txn_009332,0,,legit
txn_009333,0,,legit
txn_009334,0,,legit
txn_009335,0,,legit
txn_009336,0,,legit
txn_009337,0,,legit
txn_009338,0,,legit
txn_009339,0,,legit
txn_009340,0,,legit
txn_009341,0,,legit
txn_009342,0,,legit
txn_009343,0,,legit
txn_009344,0,,legit
txn_009345,0,,legit
txn_009346,0,,legit
txn_009347,0,,legit
txn_009348,0,,legit
txn_009349,0,,legit
txn_009350,0,,legit
txn_009351,0,,legit
txn_009352,0,,legit
txn_009353,0,,legit
txn_009354,0,,legit
txn_009355,0,,legit
txn_009356,0,,legit
txn_009357,0,,legit
txn_009358,0,,legit
txn_009359,0,,legit
txn_009360,0,,legit
txn_009361,0,,legit
txn_009362,0,,legit
txn_009363,0,,legit
txn_009364,0,,legit
txn_009365,0,,legit
txn_009366,0,,legit
txn_009367,0,,legit
txn_009368,0,,legit
txn_009369,0,,legit
txn_009370,0,,legit
txn_009371,0,,legit
txn_009372,0,,legit
txn_009373,0,,legit
txn_009374,0,,legit
txn_009375,0,,legit
txn_009376,0,,legit
txn_009377,0,,legit
txn_009378,0,,legit
txn_009379,0,,legit
txn_009380,0,,legit
txn_009381,0,,legit
txn_009382,0,,legit
txn_009383,0,,legit
txn_009384,0,,legit
txn_009385,0,,legit
txn_009386,0,,legit
txn_009387,0,,legit
txn_009388,0,,legit
txn_009389,0,,legit
txn_009390,0,,legit
txn_009391,0,,legit
txn_009392,0,,legit
txn_009393,0,,legit
txn_009394,0,,legit
txn_009395,0,,legit
txn_009396,0,,legit
txn_009397,0,,legit
txn_009398,0,,legit
txn_009399,0,,legit
txn_009400,0,,legit
txn_009401,0,,legit
txn_009402,0,,legit
txn_009403,0,,legit
txn_009404,0,,legit
txn_009405,0,,legit
txn_009406,0,,legit
txn_009407,0,,legit
txn_009408,0,,legit
txn_009409,0,,legit
txn_009410,0,,legit
txn_009411,0,,legit
txn_009412,0,,legit
txn_009413,0,,legit
txn_009414,0,,legit
txn_009415,0,,legit
txn_009416,0,,legit
txn_009417,0,,legit
txn_009418,0,,legit
txn_009419,0,,legit
txn_009420,0,,legit
txn_009421,0,,legit
txn_009422,0,,legit
txn_009423,0,,legit
txn_009424,0,,legit
txn_009425,0,,legit
txn_009426,0,,legit
txn_009427,0,,legit
txn_009428,0,,legit
txn_009429,0,,legit
txn_009430,0,,legit
txn_009431,0,,legit
txn_009432,0,,legit
txn_009433,0,,legit
txn_009434,0,,legit
txn_009435,0,,legit
txn_009436,0,,legit
txn_009437,0,,legit
txn_009438,0,,legit
txn_009439,0,,legit
txn_009440,0,,legit
txn_009441,0,,legit
txn_009442,0,,legit
txn_009443,0,,legit
txn_009444,0,,legit
txn_009445,0,,legit
txn_009446,0,,legit
txn_009447,0,,legit
txn_009448,0,,legit
txn_009449,0,,legit
txn_009450,0,,legit
txn_009451,0,,legit
txn_009452,0,,legit
txn_009453,0,,legit
txn_009454,0,,legit
txn_009455,0,,legit
txn_009456,0,,legit
txn_009457,0,,legit
txn_009458,0,,legit
txn_009459,0,,legit
txn_009460,0,,legit
txn_009461,0,,legit
txn_009462,0,,legit
txn_009463,0,,legit
txn_009464,0,,legit
txn_009465,0,,legit
txn_009466,0,,legit
txn_009467,0,,legit
txn_009468,0,,legit
txn_009469,0,,legit
txn_009470,0,,legit
txn_009471,0,,legit
txn_009472,0,,legit
txn_009473,0,,legit
txn_009474,0,,legit
txn_009475,0,,legit
txn_009476,0,,legit
txn_009477,0,,legit
txn_009478,0,,legit
txn_009479,0,,legit
txn_009480,0,,legit
txn_009481,0,,legit
txn_009482,0,,legit
txn_009483,0,,legit
txn_009484,0,,legit
txn_009485,0,,legit
txn_009486,0,,legit
txn_009487,0,,legit
txn_009488,0,,legit
txn_009489,0,,legit
txn_009490,0,,legit
txn_009491,0,,legit
txn_009492,0,,legit
txn_009493,0,,legit
txn_009494,0,,legit
txn_009495,0,,legit
txn_009496,0,,legit
txn_009497,0,,legit
txn_009498,0,,legit
txn_009499,0,,legit
txn_009500,0,,legit
txn_009501,0,,legit
txn_009502,0,,legit
txn_009503,0,,legit
txn_009504,0,,legit
txn_009505,0,,legit
txn_009506,0,,legit
txn_009507,0,,legit
txn_009508,0,,legit
txn_009509,0,,legit
txn_009510,0,,legit
txn_009511,0,,legit
txn_009512,0,,legit
txn_009513,0,,legit
txn_009514,0,,legit
txn_009515,0,,legit
txn_009516,0,,legit
txn_009517,0,,legit
txn_009518,0,,legit
txn_009519,0,,legit
txn_009520,0,,legit
txn_009521,0,,legit
txn_009522,0,,legit
txn_009523,0,,legit
txn_009524,0,,legit
txn_009525,0,,legit
txn_009526,0,,legit
txn_009527,0,,legit
txn_009528,0,,legit
txn_009529,0,,legit
txn_009530,0,,legit
txn_009531,0,,legit
txn_009532,0,,legit
txn_009533,0,,legit
txn_009534,0,,legit
txn_009535,0,,legit
txn_009536,0,,legit
txn_009537,0,,legit
txn_009538,0,,legit
txn_009539,0,,legit
txn_009540,0,,legit
txn_009541,0,,legit
txn_009542,0,,legit
txn_009543,0,,legit
txn_009544,0,,legit
txn_009545,0,,legit
txn_009546,0,,legit
txn_009547,0,,legit
txn_009548,0,,legit
txn_009549,0,,legit
txn_009550,0,,legit
txn_009551,0,,legit
txn_009552,0,,legit
txn_009553,0,,legit
txn_009554,0,,legit
txn_009555,0,,legit
txn_009556,0,,legit
txn_009557,0,,legit
txn_009558,0,,legit
txn_009559,0,,legit
txn_009560,0,,legit
txn_009561,0,,legit
txn_009562,0,,legit
txn_009563,0,,legit
txn_009564,0,,legit
txn_009565,0,,legit
txn_009566,0,,legit
txn_009567,0,,legit
txn_009568,0,,legit
txn_009569,0,,legit
txn_009570,0,,legit
txn_009571,0,,legit
txn_009572,0,,legit
txn_009573,0,,legit
txn_009574,0,,legit
txn_009575,0,,legit
txn_009576,0,,legit
txn_009577,0,,legit
txn_009578,0,,legit
txn_009579,0,,legit
txn_009580,0,,legit
txn_009581,0,,legit
txn_009582,0,,legit
txn_009583,0,,legit
txn_009584,0,,legit
txn_009585,0,,legit
txn_009586,0,,legit
txn_009587,0,,legit
txn_009588,0,,legit
txn_009589,0,,legit
txn_009590,0,,legit
txn_009591,0,,legit
txn_009592,0,,legit
txn_009593,0,,legit
txn_009594,0,,legit
txn_009595,0,,legit
txn_009596,0,,legit
txn_009597,0,,legit
txn_009598,0,,legit
txn_009599,0,,legit
txn_009600,0,,legit
txn_009601,0,,legit
txn_009602,0,,legit
txn_009603,0,,legit
txn_009604,0,,legit
txn_009605,0,,legit
txn_009606,0,,legit
txn_009607,0,,legit
txn_009608,0,,legit
txn_009609,0,,legit
txn_009610,0,,legit
txn_009611,0,,legit
txn_009612,0,,legit
txn_009613,0,,legit
txn_009614,0,,legit
txn_009615,0,,legit
txn_009616,0,,legit
txn_009617,0,,legit
txn_009618,0,,legit
txn_009619,0,,legit
txn_009620,0,,legit
txn_009621,0,,legit
txn_009622,0,,legit
txn_009623,0,,legit
txn_009624,0,,legit
txn_009625,0,,legit
txn_009626,0,,legit
txn_009627,0,,legit
txn_009628,0,,legit
txn_009629,0,,legit
txn_009630,0,,legit
txn_009631,0,,legit
txn_009632,0,,legit
txn_009633,0,,legit
txn_009634,0,,legit
txn_009635,0,,legit
txn_009636,0,,legit
txn_009637,0,,legit
txn_009638,0,,legit
txn_009639,0,,legit
txn_009640,0,,legit
txn_009641,0,,legit
txn_009642,0,,legit
txn_009643,0,,legit
txn_009644,0,,legit
txn_009645,0,,legit
txn_009646,0,,legit
txn_009647,0,,legit
txn_009648,0,,legit
txn_009649,0,,legit
txn_009650,0,,legit
txn_009651,0,,legit
txn_009652,0,,legit
txn_009653,0,,legit
txn_009654,0,,legit
txn_009655,0,,legit
txn_009656,0,,legit
txn_009657,0,,legit
txn_009658,0,,legit
txn_009659,0,,legit
txn_009660,0,,legit
txn_009661,0,,legit
txn_009662,0,,legit
txn_009663,0,,legit
txn_009664,0,,legit
txn_009665,0,,legit
txn_009666,0,,legit
txn_009667,0,,legit
txn_009668,0,,legit
txn_009669,0,,legit
txn_009670,0,,legit
txn_009671,0,,legit
txn_009672,0,,legit
txn_009673,0,,legit
txn_009674,0,,legit
txn_009675,0,,legit
txn_009676,0,,legit
txn_009677,0,,legit
txn_009678,0,,legit
txn_009679,0,,legit
txn_009680,0,,legit
txn_009681,0,,legit
txn_009682,0,,legit
txn_009683,0,,legit
txn_009684,0,,legit
txn_009685,0,,legit
txn_009686,0,,legit
txn_009687,0,,legit
txn_009688,0,,legit
txn_009689,0,,legit
txn_009690,0,,legit
txn_009691,0,,legit
txn_009692,0,,legit
txn_009693,0,,legit
txn_009694,0,,legit
txn_009695,0,,legit
txn_009696,0,,legit
txn_009697,0,,legit
txn_009698,0,,legit
txn_009699,0,,legit
txn_009700,0,,legit
txn_009701,0,,legit
txn_009702,0,,legit
txn_009703,0,,legit
txn_009704,0,,legit
txn_009705,0,,legit
txn_009706,0,,legit
txn_009707,0,,legit
txn_009708,0,,legit
txn_009709,0,,legit
txn_009710,0,,legit
txn_009711,0,,legit
txn_009712,0,,legit
txn_009713,0,,legit
txn_009714,0,,legit
txn_009715,0,,legit
txn_009716,0,,legit
txn_009717,0,,legit
txn_009718,0,,legit
txn_009719,0,,legit
txn_009720,0,,legit
txn_009721,0,,legit
txn_009722,0,,legit
txn_009723,0,,legit
txn_009724,0,,legit
txn_009725,0,,legit
txn_009726,0,,legit
txn_009727,0,,legit
txn_009728,0,,legit
txn_009729,0,,legit
txn_009730,0,,legit
txn_009731,0,,legit
txn_009732,0,,legit
txn_009733,0,,legit
txn_009734,0,,legit
txn_009735,0,,legit
txn_009736,0,,legit
txn_009737,0,,legit
txn_009738,0,,legit
txn_009739,0,,legit
txn_009740,0,,legit
txn_009741,0,,legit
txn_009742,0,,legit
txn_009743,0,,legit
txn_009744,0,,legit
txn_009745,0,,legit
txn_009746,0,,legit
txn_009747,0,,legit
txn_009748,0,,legit
txn_009749,0,,legit
txn_009750,0,,legit
txn_009751,0,,legit
txn_009752,0,,legit
txn_009753,0,,legit
txn_009754,0,,legit
txn_009755,0,,legit
txn_009756,0,,legit
txn_009757,0,,legit
txn_009758,0,,legit
txn_009759,0,,legit
txn_009760,0,,legit
txn_009761,0,,legit
txn_009762,0,,legit
txn_009763,0,,legit
txn_009764,0,,legit
txn_009765,0,,legit
txn_009766,0,,legit
txn_009767,0,,legit
txn_009768,0,,legit
txn_009769,0,,legit
txn_009770,0,,legit
txn_009771,0,,legit
txn_009772,0,,legit
txn_009773,0,,legit
txn_009774,0,,legit
txn_009775,0,,legit
txn_009776,0,,legit
txn_009777,0,,legit
txn_009778,0,,legit
txn_009779,0,,legit
txn_009780,0,,legit
txn_009781,0,,legit
txn_009782,0,,legit
txn_009783,0,,legit
txn_009784,0,,legit
txn_009785,0,,legit
txn_009786,0,,legit
txn_009787,0,,legit
txn_009788,0,,legit
txn_009789,0,,legit
txn_009790,0,,legit
txn_009791,0,,legit
txn_009792,0,,legit
txn_009793,0,,legit
txn_009794,0,,legit
txn_009795,0,,legit
txn_009796,0,,legit
txn_009797,0,,legit
txn_009798,0,,legit
txn_009799,0,,legit
txn_009800,0,,legit
txn_009801,0,,legit
txn_009802,0,,legit
txn_009803,0,,legit
txn_009804,0,,legit
txn_009805,0,,legit
txn_009806,0,,legit
txn_009807,0,,legit
txn_009808,0,,legit
txn_009809,0,,legit
txn_009810,0,,legit
txn_009811,0,,legit
txn_009812,0,,legit
txn_009813,0,,legit
txn_009814,0,,legit
txn_009815,0,,legit
txn_009816,0,,legit
txn_009817,0,,legit
txn_009818,0,,legit
txn_009819,0,,legit
txn_009820,0,,legit
txn_009821,0,,legit
txn_009822,0,,legit
txn_009823,0,,legit
txn_009824,0,,legit
txn_009825,0,,legit
txn_009826,0,,legit
txn_009827,0,,legit
txn_009828,0,,legit
txn_009829,0,,legit
txn_009830,0,,legit
txn_009831,0,,legit
txn_009832,0,,legit
txn_009833,0,,legit
txn_009834,0,,legit
txn_009835,0,,legit
txn_009836,0,,legit
txn_009837,0,,legit
txn_009838,0,,legit
txn_009839,0,,legit
txn_009840,0,,legit
txn_009841,0,,legit
txn_009842,0,,legit
txn_009843,0,,legit
txn_009844,0,,legit
txn_009845,0,,legit
txn_009846,0,,legit
txn_009847,0,,legit
txn_009848,0,,legit
txn_009849,0,,legit
txn_009850,0,,legit
txn_009851,0,,legit
txn_009852,0,,legit
txn_009853,0,,legit
txn_009854,0,,legit
txn_009855,0,,legit
txn_009856,0,,legit
txn_009857,0,,legit
txn_009858,0,,legit
txn_009859,0,,legit
txn_009860,0,,legit
txn_009861,0,,legit
txn_009862,0,,legit
txn_009863,0,,legit
txn_009864,0,,legit
txn_009865,0,,legit
txn_009866,0,,legit
txn_009867,0,,legit
txn_009868,0,,legit
txn_009869,0,,legit
txn_009870,0,,legit
txn_009871,0,,legit
txn_009872,0,,legit
txn_009873,0,,legit
txn_009874,0,,legit
txn_009875,0,,legit
txn_009876,0,,legit
txn_009877,0,,legit
txn_009878,0,,legit
txn_009879,0,,legit
txn_009880,0,,legit
txn_009881,0,,legit
txn_009882,0,,legit
txn_009883,0,,legit
txn_009884,0,,legit
txn_009885,0,,legit
txn_009886,0,,legit
txn_009887,0,,legit
txn_009888,0,,legit
txn_009889,0,,legit
txn_009890,0,,legit
txn_009891,0,,legit
txn_009892,0,,legit
txn_009893,0,,legit
txn_009894,0,,legit
txn_009895,0,,legit
txn_009896,0,,legit
txn_009897,0,,legit
txn_009898,0,,legit
txn_009899,0,,legit
txn_009900,0,,legit
txn_009901,0,,legit
txn_009902,0,,legit
txn_009903,0,,legit
txn_009904,0,,legit
txn_009905,0,,legit
txn_009906,0,,legit
txn_009907,0,,legit
txn_009908,0,,legit
txn_009909,0,,legit
txn_009910,0,,legit
txn_009911,0,,legit
txn_009912,0,,legit
txn_009913,0,,legit
txn_009914,0,,legit
txn_009915,0,,legit
txn_009916,0,,legit
txn_009917,0,,legit
txn_009918,0,,legit
txn_009919,0,,legit
txn_009920,0,,legit
txn_009921,0,,legit
txn_009922,0,,legit
txn_009923,0,,legit
txn_009924,0,,legit
txn_009925,0,,legit
txn_009926,0,,legit
txn_009927,0,,legit
txn_009928,0,,legit
txn_009929,0,,legit
txn_009930,0,,legit
txn_009931,0,,legit
txn_009932,0,,legit
txn_009933,0,,legit
txn_009934,0,,legit
txn_009935,0,,legit
txn_009936,0,,legit
txn_009937,0,,legit
txn_009938,0,,legit
txn_009939,0,,legit
txn_009940,0,,legit
txn_009941,0,,legit
txn_009942,0,,legit
txn_009943,0,,legit
txn_009944,0,,legit
txn_009945,0,,legit
txn_009946,0,,legit
txn_009947,0,,legit
txn_009948,0,,legit
txn_009949,0,,legit
txn_009950,0,,legit
txn_009951,0,,legit
txn_009952,0,,legit
txn_009953,0,,legit
txn_009954,0,,legit
txn_009955,0,,legit
txn_009956,0,,legit
txn_009957,0,,legit
txn_009958,0,,legit
txn_009959,0,,legit
txn_009960,0,,legit
txn_009961,0,,legit
txn_009962,0,,legit
txn_009963,0,,legit
txn_009964,0,,legit
txn_009965,0,,legit
txn_009966,0,,legit
txn_009967,0,,legit
txn_009968,0,,legit
txn_009969,0,,legit
txn_009970,0,,legit
txn_009971,0,,legit
txn_009972,0,,legit
txn_009973,0,,legit
txn_009974,0,,legit
txn_009975,0,,legit
txn_009976,0,,legit
txn_009977,0,,legit
txn_009978,0,,legit
txn_009979,0,,legit
txn_009980,0,,legit
txn_009981,0,,legit
txn_009982,0,,legit
txn_009983,0,,legit
txn_009984,0,,legit
txn_009985,0,,legit
txn_009986,0,,legit
txn_009987,0,,legit
txn_009988,0,,legit
txn_009989,0,,legit
txn_009990,0,,legit
txn_009991,0,,legit
txn_009992,0,,legit
txn_009993,0,,legit
txn_009994,0,,legit
txn_009995,0,,legit
txn_009996,0,,legit
txn_009997,0,,legit
txn_009998,0,,legit
txn_009999,0,,legit
txn_010000,0,,legit
txn_010001,0,,legit
txn_010002,0,,legit
txn_010003,0,,legit
txn_010004,0,,legit
txn_010005,0,,legit
txn_010006,0,,legit
txn_010007,0,,legit
txn_010008,0,,legit
txn_010009,0,,legit
txn_010010,0,,legit
txn_010011,0,,legit
txn_010012,0,,legit
txn_010013,0,,legit
txn_010014,0,,legit
txn_010015,0,,legit
txn_010016,0,,legit
txn_010017,0,,legit
txn_010018,0,,legit
txn_010019,0,,legit
txn_010020,0,,legit
txn_010021,0,,legit
txn_010022,0,,legit
txn_010023,0,,legit
txn_010024,0,,legit
txn_010025,0,,legit
txn_010026,0,,legit
txn_010027,0,,legit
txn_010028,0,,legit
txn_010029,0,,legit
txn_010030,0,,legit
txn_010031,0,,legit
txn_010032,0,,legit
txn_010033,0,,legit
txn_010034,0,,legit
txn_010035,0,,legit
txn_010036,0,,legit
txn_010037,0,,legit
txn_010038,0,,legit
txn_010039,0,,legit
txn_010040,0,,legit
txn_010041,0,,legit
txn_010042,0,,legit
txn_010043,0,,legit
txn_010044,0,,legit
txn_010045,0,,legit
txn_010046,0,,legit
txn_010047,0,,legit
txn_010048,0,,legit
txn_010049,0,,legit
txn_010050,0,,legit
txn_010051,0,,legit
txn_010052,0,,legit
txn_010053,0,,legit
txn_010054,0,,legit
txn_010055,0,,legit
txn_010056,0,,legit
txn_010057,0,,legit
txn_010058,0,,legit
txn_010059,0,,legit
txn_010060,0,,legit
txn_010061,0,,legit
txn_010062,0,,legit
txn_010063,0,,legit
txn_010064,0,,legit
txn_010065,0,,legit
txn_010066,0,,legit
txn_010067,0,,legit
txn_010068,0,,legit
txn_010069,0,,legit
txn_010070,0,,legit
txn_010071,0,,legit
txn_010072,0,,legit
txn_010073,0,,legit
txn_010074,0,,legit
txn_010075,0,,legit
txn_010076,0,,legit
txn_010077,0,,legit
txn_010078,0,,legit
txn_010079,0,,legit
txn_010080,0,,legit
txn_010081,0,,legit
txn_010082,0,,legit
txn_010083,0,,legit
txn_010084,0,,legit
txn_010085,0,,legit
txn_010086,0,,legit
txn_010087,0,,legit
txn_010088,0,,legit
txn_010089,0,,legit
txn_010090,0,,legit
txn_010091,0,,legit
txn_010092,0,,legit
txn_010093,0,,legit
txn_010094,0,,legit
txn_010095,0,,legit
txn_010096,0,,legit
txn_010097,0,,legit
txn_010098,0,,legit
txn_010099,0,,legit
txn_010100,0,,legit
txn_010101,0,,legit
txn_010102,0,,legit
txn_010103,0,,legit
txn_010104,0,,legit
txn_010105,0,,legit
txn_010106,0,,legit
txn_010107,0,,legit
txn_010108,0,,legit
txn_010109,0,,legit
txn_010110,0,,legit
txn_010111,0,,legit
txn_010112,0,,legit
txn_010113,0,,legit
txn_010114,0,,legit
txn_010115,0,,legit
txn_010116,0,,legit
txn_010117,0,,legit
txn_010118,0,,legit
txn_010119,0,,legit
txn_010120,0,,legit
txn_010121,0,,legit
txn_010122,0,,legit
txn_010123,0,,legit
txn_010124,0,,legit
txn_010125,0,,legit
txn_010126,0,,legit
txn_010127,0,,legit
txn_010128,0,,legit
txn_010129,0,,legit
txn_010130,0,,legit
txn_010131,0,,legit
txn_010132,0,,legit
txn_010133,0,,legit
txn_010134,0,,legit
txn_010135,0,,legit
txn_010136,0,,legit
txn_010137,0,,legit
txn_010138,0,,legit
txn_010139,0,,legit
txn_010140,0,,legit
txn_010141,0,,legit
txn_010142,0,,legit
txn_010143,0,,legit
txn_010144,0,,legit
txn_010145,0,,legit
txn_010146,0,,legit
txn_010147,0,,legit
txn_010148,0,,legit
txn_010149,0,,legit
txn_010150,0,,legit
txn_010151,0,,legit
txn_010152,0,,legit
txn_010153,0,,legit
txn_010154,0,,legit
txn_010155,0,,legit
txn_010156,0,,legit
txn_010157,0,,legit
txn_010158,0,,legit
txn_010159,0,,legit
txn_010160,0,,legit
txn_010161,0,,legit
txn_010162,0,,legit
txn_010163,0,,legit
txn_010164,0,,legit
txn_010165,0,,legit
txn_010166,0,,legit
txn_010167,0,,legit
txn_010168,0,,legit
txn_010169,0,,legit
txn_010170,0,,legit
txn_010171,0,,legit
txn_010172,0,,legit
txn_010173,0,,legit
txn_010174,0,,legit
txn_010175,0,,legit
txn_010176,0,,legit
txn_010177,0,,legit
txn_010178,0,,legit
txn_010179,0,,legit
txn_010180,0,,legit
txn_010181,0,,legit
txn_010182,0,,legit
txn_010183,0,,legit
txn_010184,0,,legit
txn_010185,0,,legit
txn_010186,0,,legit
txn_010187,0,,legit
txn_010188,0,,legit
txn_010189,0,,legit
txn_010190,0,,legit
txn_010191,0,,legit
txn_010192,0,,legit
txn_010193,0,,legit
txn_010194,0,,legit
txn_010195,0,,legit
txn_010196,0,,legit
txn_010197,0,,legit
txn_010198,0,,legit
txn_010199,0,,legit
txn_010200,0,,legit
txn_010201,0,,legit
txn_010202,0,,legit
txn_010203,0,,legit
txn_010204,0,,legit
txn_010205,0,,legit
txn_010206,0,,legit
txn_010207,0,,legit
txn_010208,0,,legit
txn_010209,0,,legit
txn_010210,0,,legit
txn_010211,0,,legit
txn_010212,0,,legit
txn_010213,0,,legit
txn_010214,0,,legit
txn_010215,0,,legit
txn_010216,0,,legit
txn_010217,0,,legit
txn_010218,0,,legit
txn_010219,0,,legit
txn_010220,0,,legit
txn_010221,0,,legit
txn_010222,0,,legit
txn_010223,0,,legit
txn_010224,0,,legit
txn_010225,0,,legit
txn_010226,0,,legit
txn_010227,0,,legit
txn_010228,0,,legit
txn_010229,0,,legit
txn_010230,0,,legit
txn_010231,0,,legit
txn_010232,0,,legit
txn_010233,0,,legit
txn_010234,0,,legit
txn_010235,0,,legit
txn_010236,0,,legit
txn_010237,0,,legit
txn_010238,0,,legit
txn_010239,0,,legit
txn_010240,0,,legit
txn_010241,0,,legit
txn_010242,0,,legit
txn_010243,0,,legit
txn_010244,0,,legit
txn_010245,0,,legit
txn_010246,0,,legit
txn_010247,0,,legit
txn_010248,0,,legit
txn_010249,0,,legit
txn_010250,0,,legit
txn_010251,0,,legit
txn_010252,0,,legit
txn_010253,0,,legit
txn_010254,0,,legit
txn_010255,0,,legit
txn_010256,0,,legit
txn_010257,0,,legit
txn_010258,0,,legit
txn_010259,0,,legit
txn_010260,0,,legit
txn_010261,0,,legit
txn_010262,0,,legit
txn_010263,0,,legit
txn_010264,0,,legit
txn_010265,0,,legit
txn_010266,0,,legit
txn_010267,0,,legit
txn_010268,0,,legit
txn_010269,0,,legit
txn_010270,0,,legit
txn_010271,0,,legit
txn_010272,0,,legit
txn_010273,0,,legit
txn_010274,0,,legit
txn_010275,0,,legit
txn_010276,0,,legit
txn_010277,0,,legit
txn_010278,0,,legit
txn_010279,0,,legit
txn_010280,0,,legit
txn_010281,0,,legit
txn_010282,0,,legit
txn_010283,0,,legit
txn_010284,0,,legit
txn_010285,0,,legit
txn_010286,0,,legit
txn_010287,0,,legit
txn_010288,0,,legit
txn_010289,0,,legit
txn_010290,0,,legit
txn_010291,0,,legit
txn_010292,0,,legit
txn_010293,0,,legit
txn_010294,0,,legit
txn_010295,0,,legit
txn_010296,0,,legit
txn_010297,0,,legit
txn_010298,0,,legit
txn_010299,0,,legit
txn_010300,0,,legit
txn_010301,0,,legit
txn_010302,0,,legit
txn_010303,0,,legit
txn_010304,0,,legit
txn_010305,0,,legit
txn_010306,0,,legit
txn_010307,0,,legit
txn_010308,0,,legit
txn_010309,0,,legit
txn_010310,0,,legit
txn_010311,0,,legit
txn_010312,0,,legit
txn_010313,0,,legit
txn_010314,0,,legit
txn_010315,0,,legit
txn_010316,0,,legit
txn_010317,0,,legit
txn_010318,0,,legit
txn_010319,0,,legit
txn_010320,0,,legit
txn_010321,0,,legit
txn_010322,0,,legit
txn_010323,0,,legit
txn_010324,0,,legit
txn_010325,0,,legit
txn_010326,0,,legit
txn_010327,0,,legit
txn_010328,0,,legit
txn_010329,0,,legit
txn_010330,0,,legit
txn_010331,0,,legit
txn_010332,0,,legit
txn_010333,0,,legit
txn_010334,0,,legit
txn_010335,0,,legit
txn_010336,0,,legit
txn_010337,0,,legit
txn_010338,0,,legit
txn_010339,0,,legit
txn_010340,0,,legit
txn_010341,0,,legit
txn_010342,0,,legit
txn_010343,0,,legit
txn_010344,0,,legit
txn_010345,0,,legit
txn_010346,0,,legit
txn_010347,0,,legit
txn_010348,0,,legit
txn_010349,0,,legit
txn_010350,0,,legit
txn_010351,0,,legit
txn_010352,0,,legit
txn_010353,0,,legit
txn_010354,0,,legit
txn_010355,0,,legit
txn_010356,0,,legit
txn_010357,0,,legit
txn_010358,0,,legit
txn_010359,0,,legit
txn_010360,0,,legit
txn_010361,0,,legit
txn_010362,0,,legit
txn_010363,0,,legit
txn_010364,0,,legit
txn_010365,0,,legit
txn_010366,0,,legit
txn_010367,0,,legit
txn_010368,0,,hard_neg_festival
txn_010369,0,,hard_neg_festival
txn_010370,0,,hard_neg_festival
txn_010371,0,,hard_neg_festival
txn_010372,0,,hard_neg_festival
txn_010373,0,,hard_neg_festival
txn_010374,0,,hard_neg_festival
txn_010375,0,,hard_neg_festival
txn_010376,0,,hard_neg_festival
txn_010377,0,,hard_neg_festival
txn_010378,0,,hard_neg_festival
txn_010379,0,,hard_neg_festival
txn_010380,0,,hard_neg_festival
txn_010381,0,,hard_neg_festival
txn_010382,0,,hard_neg_festival
txn_010383,0,,hard_neg_festival
txn_010384,0,,hard_neg_festival
txn_010385,0,,hard_neg_festival
txn_010386,0,,hard_neg_festival
txn_010387,0,,hard_neg_festival
txn_010388,0,,hard_neg_festival
txn_010389,0,,hard_neg_festival
txn_010390,0,,hard_neg_festival
txn_010391,0,,hard_neg_festival
txn_010392,0,,hard_neg_festival
txn_010393,0,,hard_neg_festival
txn_010394,0,,hard_neg_festival
txn_010395,0,,hard_neg_festival
txn_010396,0,,hard_neg_festival
txn_010397,0,,hard_neg_festival
txn_010398,0,,hard_neg_festival
txn_010399,0,,hard_neg_festival
txn_010400,0,,hard_neg_festival
txn_010401,0,,hard_neg_festival
txn_010402,0,,hard_neg_festival
txn_010403,0,,hard_neg_festival
txn_010404,0,,legit
txn_010405,0,,legit
txn_010406,0,,legit
txn_010407,0,,legit
txn_010408,0,,legit
txn_010409,0,,legit
txn_010410,0,,legit
txn_010411,0,,legit
txn_010412,0,,legit
txn_010413,0,,legit
txn_010414,0,,legit
txn_010415,0,,legit
txn_010416,0,,legit
txn_010417,0,,legit
txn_010418,0,,legit
txn_010419,0,,legit
txn_010420,0,,legit
txn_010421,0,,legit
txn_010422,0,,legit
txn_010423,0,,legit
txn_010424,0,,legit
txn_010425,0,,legit
txn_010426,0,,legit
txn_010427,0,,legit
txn_010428,0,,legit
txn_010429,0,,legit
txn_010430,0,,legit
txn_010431,0,,legit
txn_010432,0,,legit
txn_010433,0,,legit
txn_010434,0,,legit
txn_010435,0,,legit
txn_010436,0,,legit
txn_010437,0,,legit
txn_010438,0,,legit
txn_010439,0,,legit
txn_010440,0,,legit
txn_010441,0,,legit
txn_010442,0,,legit
txn_010443,0,,legit
txn_010444,0,,legit
txn_010445,0,,legit
txn_010446,0,,legit
txn_010447,0,,legit
txn_010448,0,,legit
txn_010449,0,,legit
txn_010450,0,,legit
txn_010451,0,,legit
txn_010452,0,,legit
txn_010453,0,,legit
txn_010454,0,,legit
txn_010455,0,,legit
txn_010456,0,,legit
txn_010457,0,,legit
txn_010458,0,,legit
txn_010459,0,,legit
txn_010460,0,,legit
txn_010461,0,,legit
txn_010462,0,,legit
txn_010463,0,,legit
txn_010464,0,,legit
txn_010465,0,,legit
txn_010466,0,,legit
txn_010467,0,,legit
txn_010468,0,,legit
txn_010469,0,,legit
txn_010470,0,,legit
txn_010471,0,,legit
txn_010472,0,,legit
txn_010473,0,,legit
txn_010474,0,,legit
txn_010475,0,,legit
txn_010476,0,,legit
txn_010477,0,,legit
txn_010478,0,,legit
txn_010479,0,,legit
txn_010480,0,,legit
txn_010481,0,,legit
txn_010482,0,,legit
txn_010483,0,,legit
txn_010484,0,,legit
txn_010485,0,,legit
txn_010486,0,,legit
txn_010487,0,,legit
txn_010488,0,,legit
txn_010489,0,,legit
txn_010490,0,,legit
txn_010491,0,,legit
txn_010492,0,,legit
txn_010493,0,,legit
txn_010494,0,,legit
txn_010495,0,,legit
txn_010496,0,,legit
txn_010497,0,,legit
txn_010498,0,,legit
txn_010499,0,,legit
txn_010500,0,,legit
txn_010501,0,,legit
txn_010502,0,,legit
txn_010503,0,,legit
txn_010504,0,,legit
txn_010505,0,,legit
txn_010506,0,,legit
txn_010507,0,,legit
txn_010508,0,,legit
txn_010509,0,,legit
txn_010510,0,,legit
txn_010511,0,,legit
txn_010512,0,,legit
txn_010513,0,,legit
txn_010514,0,,legit
txn_010515,0,,legit
txn_010516,0,,legit
txn_010517,0,,legit
txn_010518,0,,legit
txn_010519,0,,legit
txn_010520,0,,legit
txn_010521,0,,legit
txn_010522,0,,legit
txn_010523,0,,legit
txn_010524,0,,legit
txn_010525,0,,legit
txn_010526,0,,legit
txn_010527,0,,legit
txn_010528,0,,legit
txn_010529,0,,legit
txn_010530,0,,legit
txn_010531,0,,legit
txn_010532,0,,legit
txn_010533,0,,legit
txn_010534,0,,legit
txn_010535,0,,legit
txn_010536,0,,legit
txn_010537,0,,legit
txn_010538,0,,legit
txn_010539,0,,legit
txn_010540,0,,legit
txn_010541,0,,legit
txn_010542,0,,legit
txn_010543,0,,legit
txn_010544,0,,legit
txn_010545,0,,legit
txn_010546,0,,legit
txn_010547,0,,legit
txn_010548,0,,legit
txn_010549,0,,legit
txn_010550,0,,legit
txn_010551,0,,legit
txn_010552,0,,legit
txn_010553,0,,legit
txn_010554,0,,legit
txn_010555,0,,legit
txn_010556,0,,legit
txn_010557,0,,legit
txn_010558,0,,legit
txn_010559,0,,legit
txn_010560,0,,legit
txn_010561,0,,legit
txn_010562,0,,legit
txn_010563,0,,legit
txn_010564,0,,legit
txn_010565,0,,legit
txn_010566,0,,legit
txn_010567,0,,legit
txn_010568,0,,legit
txn_010569,0,,legit
txn_010570,0,,legit
txn_010571,0,,legit
txn_010572,0,,legit
txn_010573,0,,legit
txn_010574,0,,legit
txn_010575,0,,legit
txn_010576,0,,legit
txn_010577,0,,legit
txn_010578,0,,legit
txn_010579,0,,legit
txn_010580,0,,legit
txn_010581,0,,legit
txn_010582,0,,legit
txn_010583,0,,legit
txn_010584,0,,legit
txn_010585,0,,legit
txn_010586,0,,legit
txn_010587,0,,legit
txn_010588,0,,legit
txn_010589,0,,legit
txn_010590,0,,legit
txn_010591,0,,legit
txn_010592,0,,legit
txn_010593,0,,legit
txn_010594,0,,legit
txn_010595,0,,legit
txn_010596,0,,legit
txn_010597,0,,legit
txn_010598,0,,legit
txn_010599,0,,legit
txn_010600,0,,legit
txn_010601,0,,legit
txn_010602,0,,legit
txn_010603,0,,legit
txn_010604,0,,legit
txn_010605,0,,legit
txn_010606,0,,legit
txn_010607,0,,legit
txn_010608,0,,legit
txn_010609,0,,legit
txn_010610,0,,legit
txn_010611,0,,legit
txn_010612,0,,legit
txn_010613,0,,legit
txn_010614,0,,legit
txn_010615,0,,legit
txn_010616,0,,legit
txn_010617,0,,legit
txn_010618,0,,legit
txn_010619,0,,legit
txn_010620,0,,legit
txn_010621,0,,legit
txn_010622,0,,legit
txn_010623,0,,legit
txn_010624,0,,legit
txn_010625,0,,legit
txn_010626,0,,legit
txn_010627,0,,legit
txn_010628,0,,legit
txn_010629,0,,legit
txn_010630,0,,legit
txn_010631,0,,legit
txn_010632,0,,legit
txn_010633,0,,legit
txn_010634,0,,legit
txn_010635,0,,legit
txn_010636,0,,legit
txn_010637,0,,legit
txn_010638,0,,legit
txn_010639,0,,legit
txn_010640,0,,legit
txn_010641,0,,legit
txn_010642,0,,legit
txn_010643,0,,legit
txn_010644,0,,legit
txn_010645,0,,legit
txn_010646,0,,legit
txn_010647,0,,legit
txn_010648,0,,legit
txn_010649,0,,legit
txn_010650,0,,legit
txn_010651,0,,legit
txn_010652,0,,legit
txn_010653,0,,legit
txn_010654,0,,legit
txn_010655,0,,legit
txn_010656,0,,legit
txn_010657,0,,legit
txn_010658,0,,legit
txn_010659,0,,legit
txn_010660,0,,legit
txn_010661,0,,legit
txn_010662,0,,legit
txn_010663,0,,legit
txn_010664,0,,legit
txn_010665,0,,legit
txn_010666,0,,legit
txn_010667,0,,legit
txn_010668,0,,legit
txn_010669,0,,legit
txn_010670,0,,legit
txn_010671,0,,legit
txn_010672,0,,legit
txn_010673,0,,legit
txn_010674,0,,legit
txn_010675,0,,legit
txn_010676,0,,legit
txn_010677,0,,legit
txn_010678,0,,legit
txn_010679,0,,legit
txn_010680,0,,legit
txn_010681,0,,legit
txn_010682,0,,legit
txn_010683,0,,legit
txn_010684,0,,legit
txn_010685,0,,legit
txn_010686,0,,legit
txn_010687,0,,legit
txn_010688,0,,legit
txn_010689,0,,legit
txn_010690,0,,legit
txn_010691,0,,legit
txn_010692,0,,legit
txn_010693,0,,legit
txn_010694,0,,legit
txn_010695,0,,legit
txn_010696,0,,legit
txn_010697,0,,legit
txn_010698,0,,legit
txn_010699,0,,legit
txn_010700,0,,legit
txn_010701,0,,legit
txn_010702,0,,legit
txn_010703,0,,legit
txn_010704,0,,legit
txn_010705,0,,legit
txn_010706,0,,legit
txn_010707,0,,legit
txn_010708,0,,legit
txn_010709,0,,legit
txn_010710,0,,legit
txn_010711,0,,legit
txn_010712,0,,legit
txn_010713,0,,legit
txn_010714,0,,legit
txn_010715,0,,legit
txn_010716,0,,legit
txn_010717,0,,legit
txn_010718,0,,legit
txn_010719,0,,legit
txn_010720,0,,legit
txn_010721,0,,legit
txn_010722,0,,legit
txn_010723,0,,legit
txn_010724,0,,legit
txn_010725,0,,legit
txn_010726,0,,legit
txn_010727,0,,legit
txn_010728,0,,legit
txn_010729,0,,legit
txn_010730,0,,legit
txn_010731,0,,legit
txn_010732,0,,legit
txn_010733,0,,legit
txn_010734,0,,legit
txn_010735,0,,legit
txn_010736,0,,legit
txn_010737,0,,legit
txn_010738,0,,legit
txn_010739,0,,legit
txn_010740,0,,legit
txn_010741,0,,legit
txn_010742,0,,legit
txn_010743,0,,legit
txn_010744,0,,legit
txn_010745,0,,legit
txn_010746,0,,legit
txn_010747,0,,legit
txn_010748,0,,legit
txn_010749,0,,legit
txn_010750,0,,legit
txn_010751,0,,legit
txn_010752,0,,legit
txn_010753,0,,legit
txn_010754,0,,legit
txn_010755,0,,legit
txn_010756,0,,legit
txn_010757,0,,legit
txn_010758,0,,legit
txn_010759,0,,legit
txn_010760,0,,legit
txn_010761,0,,legit
txn_010762,0,,legit
txn_010763,0,,legit
txn_010764,0,,legit
txn_010765,0,,legit
txn_010766,0,,legit
txn_010767,0,,legit
txn_010768,0,,legit
txn_010769,0,,legit
txn_010770,0,,legit
txn_010771,0,,legit
txn_010772,0,,legit
txn_010773,0,,legit
txn_010774,0,,legit
txn_010775,0,,legit
txn_010776,0,,legit
txn_010777,0,,legit
txn_010778,0,,legit
txn_010779,0,,legit
txn_010780,0,,legit
txn_010781,0,,legit
txn_010782,0,,legit
txn_010783,0,,legit
txn_010784,0,,legit
txn_010785,0,,legit
txn_010786,0,,legit
txn_010787,0,,legit
txn_010788,0,,legit
txn_010789,0,,legit
txn_010790,0,,legit
txn_010791,0,,legit
txn_010792,0,,legit
txn_010793,0,,legit
txn_010794,0,,legit
txn_010795,0,,legit
txn_010796,0,,legit
txn_010797,0,,legit
txn_010798,0,,legit
txn_010799,0,,legit
txn_010800,0,,legit
txn_010801,0,,legit
txn_010802,0,,legit
txn_010803,0,,legit
txn_010804,0,,legit
txn_010805,0,,legit
txn_010806,0,,legit
txn_010807,0,,legit
txn_010808,0,,legit
txn_010809,0,,legit
txn_010810,0,,legit
txn_010811,0,,legit
txn_010812,0,,legit
txn_010813,0,,legit
txn_010814,0,,legit
txn_010815,0,,legit
txn_010816,0,,legit
txn_010817,0,,legit
txn_010818,0,,legit
txn_010819,0,,legit
txn_010820,0,,legit
txn_010821,0,,legit
txn_010822,0,,legit
txn_010823,0,,legit
txn_010824,0,,legit
txn_010825,0,,legit
txn_010826,0,,legit
txn_010827,0,,legit
txn_010828,0,,legit
txn_010829,0,,legit
txn_010830,0,,legit
txn_010831,0,,legit
txn_010832,0,,legit
txn_010833,0,,legit
txn_010834,0,,legit
txn_010835,0,,legit
txn_010836,0,,legit
txn_010837,0,,legit
txn_010838,0,,legit
txn_010839,0,,legit
txn_010840,0,,legit
txn_010841,0,,legit
txn_010842,0,,legit
txn_010843,0,,legit
txn_010844,0,,legit
txn_010845,0,,legit
txn_010846,0,,legit
txn_010847,0,,legit
txn_010848,0,,legit
txn_010849,0,,legit
txn_010850,0,,legit
txn_010851,0,,legit
txn_010852,0,,legit
txn_010853,0,,legit
txn_010854,0,,legit
txn_010855,0,,legit
txn_010856,0,,legit
txn_010857,0,,legit
txn_010858,0,,legit
txn_010859,0,,legit
txn_010860,0,,legit
txn_010861,0,,legit
txn_010862,0,,legit
txn_010863,0,,legit
txn_010864,0,,legit
txn_010865,0,,legit
txn_010866,0,,legit
txn_010867,0,,legit
txn_010868,0,,legit
txn_010869,0,,legit
txn_010870,0,,legit
txn_010871,0,,legit
txn_010872,0,,legit
txn_010873,0,,legit
txn_010874,0,,legit
txn_010875,0,,legit
txn_010876,0,,legit
txn_010877,0,,legit
txn_010878,0,,legit
txn_010879,0,,legit
txn_010880,0,,legit
txn_010881,0,,legit
txn_010882,0,,legit
txn_010883,0,,legit
txn_010884,0,,legit
txn_010885,0,,legit
txn_010886,0,,legit
txn_010887,0,,legit
txn_010888,0,,legit
txn_010889,0,,legit
txn_010890,0,,legit
txn_010891,0,,legit
txn_010892,0,,legit
txn_010893,0,,legit
txn_010894,0,,legit
txn_010895,0,,legit
txn_010896,0,,hard_neg_festival
txn_010897,0,,hard_neg_festival
txn_010898,0,,hard_neg_festival
txn_010899,0,,hard_neg_festival
txn_010900,0,,hard_neg_festival
txn_010901,0,,hard_neg_festival
txn_010902,0,,hard_neg_festival
txn_010903,0,,hard_neg_festival
txn_010904,0,,hard_neg_festival
txn_010905,0,,hard_neg_festival
txn_010906,0,,hard_neg_festival
txn_010907,0,,hard_neg_festival
txn_010908,0,,hard_neg_festival
txn_010909,0,,hard_neg_festival
txn_010910,0,,hard_neg_festival
txn_010911,0,,hard_neg_festival
txn_010912,0,,hard_neg_festival
txn_010913,0,,hard_neg_festival
txn_010914,0,,hard_neg_festival
txn_010915,0,,hard_neg_festival
txn_010916,0,,hard_neg_festival
txn_010917,0,,hard_neg_festival
txn_010918,0,,hard_neg_festival
txn_010919,0,,hard_neg_festival
txn_010920,0,,hard_neg_festival
txn_010921,0,,hard_neg_festival
txn_010922,0,,hard_neg_festival
txn_010923,0,,hard_neg_festival
txn_010924,0,,hard_neg_festival
txn_010925,0,,legit
txn_010926,0,,legit
txn_010927,0,,legit
txn_010928,0,,legit
txn_010929,0,,legit
txn_010930,0,,legit
txn_010931,0,,legit
txn_010932,0,,legit
txn_010933,0,,legit
txn_010934,0,,legit
txn_010935,0,,legit
txn_010936,0,,legit
txn_010937,0,,legit
txn_010938,0,,legit
txn_010939,0,,legit
txn_010940,0,,legit
txn_010941,0,,legit
txn_010942,0,,legit
txn_010943,0,,legit
txn_010944,0,,legit
txn_010945,0,,legit
txn_010946,0,,legit
txn_010947,0,,legit
txn_010948,0,,legit
txn_010949,0,,legit
txn_010950,0,,legit
txn_010951,0,,legit
txn_010952,0,,legit
txn_010953,0,,legit
txn_010954,0,,legit
txn_010955,0,,legit
txn_010956,0,,legit
txn_010957,0,,legit
txn_010958,0,,legit
txn_010959,0,,legit
txn_010960,0,,legit
txn_010961,0,,legit
txn_010962,0,,legit
txn_010963,0,,legit
txn_010964,0,,legit
txn_010965,0,,legit
txn_010966,0,,legit
txn_010967,0,,legit
txn_010968,0,,legit
txn_010969,0,,legit
txn_010970,0,,legit
txn_010971,0,,legit
txn_010972,0,,legit
txn_010973,0,,legit
txn_010974,0,,legit
txn_010975,0,,legit
txn_010976,0,,legit
txn_010977,0,,legit
txn_010978,0,,legit
txn_010979,0,,legit
txn_010980,0,,legit
txn_010981,0,,legit
txn_010982,0,,legit
txn_010983,0,,legit
txn_010984,0,,legit
txn_010985,0,,legit
txn_010986,0,,legit
txn_010987,0,,legit
txn_010988,0,,legit
txn_010989,0,,legit
txn_010990,0,,legit
txn_010991,0,,legit
txn_010992,0,,legit
txn_010993,0,,legit
txn_010994,0,,legit
txn_010995,0,,legit
txn_010996,0,,legit
txn_010997,0,,legit
txn_010998,0,,legit
txn_010999,0,,legit
txn_011000,0,,legit
txn_011001,0,,legit
txn_011002,0,,legit
txn_011003,0,,legit
txn_011004,0,,legit
txn_011005,0,,legit
txn_011006,0,,legit
txn_011007,0,,legit
txn_011008,0,,legit
txn_011009,0,,legit
txn_011010,0,,legit
txn_011011,0,,legit
txn_011012,0,,legit
txn_011013,0,,legit
txn_011014,0,,legit
txn_011015,0,,legit
txn_011016,0,,legit
txn_011017,0,,legit
txn_011018,0,,legit
txn_011019,0,,legit
txn_011020,0,,legit
txn_011021,0,,legit
txn_011022,0,,legit
txn_011023,0,,legit
txn_011024,0,,legit
txn_011025,0,,legit
txn_011026,0,,legit
txn_011027,0,,legit
txn_011028,0,,legit
txn_011029,0,,legit
txn_011030,0,,legit
txn_011031,0,,legit
txn_011032,0,,legit
txn_011033,0,,legit
txn_011034,0,,legit
txn_011035,0,,legit
txn_011036,0,,legit
txn_011037,0,,legit
txn_011038,0,,legit
txn_011039,0,,legit
txn_011040,0,,legit
txn_011041,0,,legit
txn_011042,0,,legit
txn_011043,0,,legit
txn_011044,0,,legit
txn_011045,0,,legit
txn_011046,0,,legit
txn_011047,0,,legit
txn_011048,0,,legit
txn_011049,0,,legit
txn_011050,0,,legit
txn_011051,0,,legit
txn_011052,0,,legit
txn_011053,0,,legit
txn_011054,0,,legit
txn_011055,0,,legit
txn_011056,0,,legit
txn_011057,0,,legit
txn_011058,0,,legit
txn_011059,0,,legit
txn_011060,0,,legit
txn_011061,0,,legit
txn_011062,0,,legit
txn_011063,0,,legit
txn_011064,0,,legit
txn_011065,0,,legit
txn_011066,0,,legit
txn_011067,0,,legit
txn_011068,0,,legit
txn_011069,0,,legit
txn_011070,0,,legit
txn_011071,0,,legit
txn_011072,0,,legit
txn_011073,0,,legit
txn_011074,0,,legit
txn_011075,0,,legit
txn_011076,0,,legit
txn_011077,0,,legit
txn_011078,0,,legit
txn_011079,0,,legit
txn_011080,0,,legit
txn_011081,0,,legit
txn_011082,0,,legit
txn_011083,0,,legit
txn_011084,0,,legit
txn_011085,0,,legit
txn_011086,0,,legit
txn_011087,0,,legit
txn_011088,0,,legit
txn_011089,0,,legit
txn_011090,0,,legit
txn_011091,0,,legit
txn_011092,0,,legit
txn_011093,0,,legit
txn_011094,0,,legit
txn_011095,0,,legit
txn_011096,0,,legit
txn_011097,0,,legit
txn_011098,0,,legit
txn_011099,0,,legit
txn_011100,0,,legit
txn_011101,0,,legit
txn_011102,0,,legit
txn_011103,0,,legit
txn_011104,0,,legit
txn_011105,0,,legit
txn_011106,0,,legit
txn_011107,0,,legit
txn_011108,0,,legit
txn_011109,0,,legit
txn_011110,0,,legit
txn_011111,0,,legit
txn_011112,0,,legit
txn_011113,0,,legit
txn_011114,0,,legit
txn_011115,0,,legit
txn_011116,0,,legit
txn_011117,0,,legit
txn_011118,0,,legit
txn_011119,0,,legit
txn_011120,0,,legit
txn_011121,0,,legit
txn_011122,0,,legit
txn_011123,0,,legit
txn_011124,0,,legit
txn_011125,0,,legit
txn_011126,0,,legit
txn_011127,0,,legit
txn_011128,0,,legit
txn_011129,0,,legit
txn_011130,0,,legit
txn_011131,0,,legit
txn_011132,0,,legit
txn_011133,0,,legit
txn_011134,0,,legit
txn_011135,0,,legit
txn_011136,0,,legit
txn_011137,0,,legit
txn_011138,0,,legit
txn_011139,0,,legit
txn_011140,0,,legit
txn_011141,0,,legit
txn_011142,0,,legit
txn_011143,0,,legit
txn_011144,0,,legit
txn_011145,0,,legit
txn_011146,0,,legit
txn_011147,0,,legit
txn_011148,0,,legit
txn_011149,0,,legit
txn_011150,0,,legit
txn_011151,0,,legit
txn_011152,0,,legit
txn_011153,0,,legit
txn_011154,0,,legit
txn_011155,0,,legit
txn_011156,0,,legit
txn_011157,0,,legit
txn_011158,0,,legit
txn_011159,0,,legit
txn_011160,0,,legit
txn_011161,0,,legit
txn_011162,0,,legit
txn_011163,0,,legit
txn_011164,0,,legit
txn_011165,0,,legit
txn_011166,0,,legit
txn_011167,0,,legit
txn_011168,0,,legit
txn_011169,0,,legit
txn_011170,0,,legit
txn_011171,0,,legit
txn_011172,0,,legit
txn_011173,0,,legit
txn_011174,0,,legit
txn_011175,0,,legit
txn_011176,0,,legit
txn_011177,0,,legit
txn_011178,0,,legit
txn_011179,0,,legit
txn_011180,0,,legit
txn_011181,0,,legit
txn_011182,0,,legit
txn_011183,0,,legit
txn_011184,0,,legit
txn_011185,0,,legit
txn_011186,0,,legit
txn_011187,0,,legit
txn_011188,0,,legit
txn_011189,0,,legit
txn_011190,0,,legit
txn_011191,0,,legit
txn_011192,0,,legit
txn_011193,0,,legit
txn_011194,0,,legit
txn_011195,0,,legit
txn_011196,0,,legit
txn_011197,0,,legit
txn_011198,0,,legit
txn_011199,0,,legit
txn_011200,0,,legit
txn_011201,0,,legit
txn_011202,0,,legit
txn_011203,0,,legit
txn_011204,0,,legit
txn_011205,0,,legit
txn_011206,0,,legit
txn_011207,0,,legit
txn_011208,0,,legit
txn_011209,0,,legit
txn_011210,0,,legit
txn_011211,0,,legit
txn_011212,0,,legit
txn_011213,0,,legit
txn_011214,0,,legit
txn_011215,0,,legit
txn_011216,0,,legit
txn_011217,0,,legit
txn_011218,0,,legit
txn_011219,0,,legit
txn_011220,0,,legit
txn_011221,0,,legit
txn_011222,0,,legit
txn_011223,0,,legit
txn_011224,0,,legit
txn_011225,0,,legit
txn_011226,0,,legit
txn_011227,0,,legit
txn_011228,0,,legit
txn_011229,0,,legit
txn_011230,0,,legit
txn_011231,0,,legit
txn_011232,0,,legit
txn_011233,0,,legit
txn_011234,0,,legit
txn_011235,0,,legit
txn_011236,0,,legit
txn_011237,0,,legit
txn_011238,0,,legit
txn_011239,0,,legit
txn_011240,0,,legit
txn_011241,0,,legit
txn_011242,0,,legit
txn_011243,0,,legit
txn_011244,0,,legit
txn_011245,0,,legit
txn_011246,0,,legit
txn_011247,0,,legit
txn_011248,0,,legit
txn_011249,0,,legit
txn_011250,0,,legit
txn_011251,0,,legit
txn_011252,0,,legit
txn_011253,0,,legit
txn_011254,0,,legit
txn_011255,0,,legit
txn_011256,0,,legit
txn_011257,0,,legit
txn_011258,0,,legit
txn_011259,0,,legit
txn_011260,0,,legit
txn_011261,0,,legit
txn_011262,0,,legit
txn_011263,0,,legit
txn_011264,0,,legit
txn_011265,0,,legit
txn_011266,0,,legit
txn_011267,0,,legit
txn_011268,0,,legit
txn_011269,0,,legit
txn_011270,0,,legit
txn_011271,0,,legit
txn_011272,0,,legit
txn_011273,0,,legit
txn_011274,0,,legit
txn_011275,0,,legit
txn_011276,0,,legit
txn_011277,0,,legit
txn_011278,0,,legit
txn_011279,0,,legit
txn_011280,0,,legit
txn_011281,0,,legit
txn_011282,0,,legit
txn_011283,0,,legit
txn_011284,0,,legit
txn_011285,0,,legit
txn_011286,0,,legit
txn_011287,0,,legit
txn_011288,0,,legit
txn_011289,0,,legit
txn_011290,0,,legit
txn_011291,0,,legit
txn_011292,0,,legit
txn_011293,0,,legit
txn_011294,0,,legit
txn_011295,0,,legit
txn_011296,0,,legit
txn_011297,0,,legit
txn_011298,0,,legit
txn_011299,0,,legit
txn_011300,0,,legit
txn_011301,0,,legit
txn_011302,0,,legit
txn_011303,0,,legit
txn_011304,0,,legit
txn_011305,0,,legit
txn_011306,0,,legit
txn_011307,0,,legit
txn_011308,0,,legit
txn_011309,0,,legit
txn_011310,0,,legit
txn_011311,0,,legit
txn_011312,0,,legit
txn_011313,0,,legit
txn_011314,0,,legit
txn_011315,0,,legit
txn_011316,0,,legit
txn_011317,0,,legit
txn_011318,0,,legit
txn_011319,0,,legit
txn_011320,0,,legit
txn_011321,0,,legit
txn_011322,0,,legit
txn_011323,0,,legit
txn_011324,0,,legit
txn_011325,0,,legit
txn_011326,0,,legit
txn_011327,0,,legit
txn_011328,0,,legit
txn_011329,0,,legit
txn_011330,0,,legit
txn_011331,0,,legit
txn_011332,0,,legit
txn_011333,0,,legit
txn_011334,0,,legit
txn_011335,0,,legit
txn_011336,0,,legit
txn_011337,0,,legit
txn_011338,0,,legit
txn_011339,0,,legit
txn_011340,0,,legit
txn_011341,0,,legit
txn_011342,0,,legit
txn_011343,0,,legit
txn_011344,0,,legit
txn_011345,0,,legit
txn_011346,0,,legit
txn_011347,0,,legit
txn_011348,0,,legit
txn_011349,0,,legit
txn_011350,0,,legit
txn_011351,0,,legit
txn_011352,0,,legit
txn_011353,0,,legit
txn_011354,0,,legit
txn_011355,0,,legit
txn_011356,0,,legit
txn_011357,0,,legit
txn_011358,0,,legit
txn_011359,0,,legit
txn_011360,0,,legit
txn_011361,0,,legit
txn_011362,0,,legit
txn_011363,0,,legit
txn_011364,0,,legit
txn_011365,0,,legit
txn_011366,0,,legit
txn_011367,0,,legit
txn_011368,0,,legit
txn_011369,0,,legit
txn_011370,0,,legit
txn_011371,0,,legit
txn_011372,0,,legit
txn_011373,0,,legit
txn_011374,0,,legit
txn_011375,0,,legit
txn_011376,0,,legit
txn_011377,0,,legit
txn_011378,0,,legit
txn_011379,0,,legit
txn_011380,0,,legit
txn_011381,0,,legit
txn_011382,0,,legit
txn_011383,0,,legit
txn_011384,0,,legit
txn_011385,0,,legit
txn_011386,0,,legit
txn_011387,0,,legit
txn_011388,0,,legit
txn_011389,0,,legit
txn_011390,0,,legit
txn_011391,0,,legit
txn_011392,0,,legit
txn_011393,0,,legit
txn_011394,0,,legit
txn_011395,0,,legit
txn_011396,0,,legit
txn_011397,0,,legit
txn_011398,0,,legit
txn_011399,0,,legit
txn_011400,0,,legit
txn_011401,0,,legit
txn_011402,0,,legit
txn_011403,0,,legit
txn_011404,0,,legit
txn_011405,0,,legit
txn_011406,0,,legit
txn_011407,0,,legit
txn_011408,0,,legit
txn_011409,0,,legit
txn_011410,0,,legit
txn_011411,0,,legit
txn_011412,0,,legit
txn_011413,0,,legit
txn_011414,0,,legit
txn_011415,0,,legit
txn_011416,0,,legit
txn_011417,0,,legit
txn_011418,0,,legit
txn_011419,0,,legit
txn_011420,0,,legit
txn_011421,0,,legit
txn_011422,0,,legit
txn_011423,0,,legit
txn_011424,0,,legit
txn_011425,0,,legit
txn_011426,0,,legit
txn_011427,0,,legit
txn_011428,0,,legit
txn_011429,0,,legit
txn_011430,0,,legit
txn_011431,0,,legit
txn_011432,0,,legit
txn_011433,0,,legit
txn_011434,0,,legit
txn_011435,0,,legit
txn_011436,0,,legit
txn_011437,0,,legit
txn_011438,0,,legit
txn_011439,0,,legit
txn_011440,0,,legit
txn_011441,0,,legit
txn_011442,0,,legit
txn_011443,0,,legit
txn_011444,0,,legit
txn_011445,0,,legit
txn_011446,0,,legit
txn_011447,0,,legit
txn_011448,0,,legit
txn_011449,0,,legit
txn_011450,0,,legit
txn_011451,0,,legit
txn_011452,0,,legit
txn_011453,0,,legit
txn_011454,0,,legit
txn_011455,0,,legit
txn_011456,0,,legit
txn_011457,0,,legit
txn_011458,0,,legit
txn_011459,0,,legit
txn_011460,0,,legit
txn_011461,0,,legit
txn_011462,0,,legit
txn_011463,0,,legit
txn_011464,0,,legit
txn_011465,0,,legit
txn_011466,0,,legit
txn_011467,0,,legit
txn_011468,0,,legit
txn_011469,0,,legit
txn_011470,0,,legit
txn_011471,0,,legit
txn_011472,0,,legit
txn_011473,0,,legit
txn_011474,0,,legit
txn_011475,0,,legit
txn_011476,0,,legit
txn_011477,0,,legit
txn_011478,0,,legit
txn_011479,0,,legit
txn_011480,0,,legit
txn_011481,0,,legit
txn_011482,0,,legit
txn_011483,0,,legit
txn_011484,0,,legit
txn_011485,0,,legit
txn_011486,0,,legit
txn_011487,0,,legit
txn_011488,0,,legit
txn_011489,0,,legit
txn_011490,0,,legit
txn_011491,0,,legit
txn_011492,0,,legit
txn_011493,0,,legit
txn_011494,0,,legit
txn_011495,0,,legit
txn_011496,0,,legit
txn_011497,0,,legit
txn_011498,0,,legit
txn_011499,0,,legit
txn_011500,0,,legit
txn_011501,0,,legit
txn_011502,0,,legit
txn_011503,0,,legit
txn_011504,0,,legit
txn_011505,0,,legit
txn_011506,0,,legit
txn_011507,0,,legit
txn_011508,0,,legit
txn_011509,0,,legit
txn_011510,0,,legit
txn_011511,0,,legit
txn_011512,0,,legit
txn_011513,0,,legit
txn_011514,0,,legit
txn_011515,0,,legit
txn_011516,0,,legit
txn_011517,0,,legit
txn_011518,0,,legit
txn_011519,0,,legit
txn_011520,0,,legit
txn_011521,0,,legit
txn_011522,0,,legit
txn_011523,0,,legit
txn_011524,0,,legit
txn_011525,0,,legit
txn_011526,0,,legit
txn_011527,0,,legit
txn_011528,0,,legit
txn_011529,0,,legit
txn_011530,0,,legit
txn_011531,0,,legit
txn_011532,0,,legit
txn_011533,0,,legit
txn_011534,0,,legit
txn_011535,0,,legit
txn_011536,0,,legit
txn_011537,0,,legit
txn_011538,0,,legit
txn_011539,0,,legit
txn_011540,0,,legit
txn_011541,0,,legit
txn_011542,0,,legit
txn_011543,0,,legit
txn_011544,0,,legit
txn_011545,0,,legit
txn_011546,0,,legit
txn_011547,0,,legit
txn_011548,0,,legit
txn_011549,0,,legit
txn_011550,0,,legit
txn_011551,0,,legit
txn_011552,0,,legit
txn_011553,0,,legit
txn_011554,0,,legit
txn_011555,0,,legit
txn_011556,0,,legit
txn_011557,0,,legit
txn_011558,0,,legit
txn_011559,0,,legit
txn_011560,0,,legit
txn_011561,0,,legit
txn_011562,0,,legit
txn_011563,0,,legit
txn_011564,0,,legit
txn_011565,0,,legit
txn_011566,0,,legit
txn_011567,0,,legit
txn_011568,0,,legit
txn_011569,0,,legit
txn_011570,0,,legit
txn_011571,0,,legit
txn_011572,0,,legit
txn_011573,0,,legit
txn_011574,0,,legit
txn_011575,0,,legit
txn_011576,0,,legit
txn_011577,0,,legit
txn_011578,0,,legit
txn_011579,0,,legit
txn_011580,0,,legit
txn_011581,0,,legit
txn_011582,0,,legit
txn_011583,0,,legit
txn_011584,0,,legit
txn_011585,0,,legit
txn_011586,0,,legit
txn_011587,0,,legit
txn_011588,0,,legit
txn_011589,0,,legit
txn_011590,0,,legit
txn_011591,0,,legit
txn_011592,0,,legit
txn_011593,0,,legit
txn_011594,0,,legit
txn_011595,0,,legit
txn_011596,0,,legit
txn_011597,0,,legit
txn_011598,0,,legit
txn_011599,0,,legit
txn_011600,0,,legit
txn_011601,0,,legit
txn_011602,0,,legit
txn_011603,0,,legit
txn_011604,0,,legit
txn_011605,0,,legit
txn_011606,0,,legit
txn_011607,0,,legit
txn_011608,0,,legit
txn_011609,0,,legit
txn_011610,0,,legit
txn_011611,0,,legit
txn_011612,0,,legit
txn_011613,0,,legit
txn_011614,0,,legit
txn_011615,0,,legit
txn_011616,0,,legit
txn_011617,0,,legit
txn_011618,0,,legit
txn_011619,0,,legit
txn_011620,0,,legit
txn_011621,0,,legit
txn_011622,0,,legit
txn_011623,0,,legit
txn_011624,0,,legit
txn_011625,0,,legit
txn_011626,0,,legit
txn_011627,0,,legit
txn_011628,0,,legit
txn_011629,0,,legit
txn_011630,0,,legit
txn_011631,0,,legit
txn_011632,0,,legit
txn_011633,0,,legit
txn_011634,0,,legit
txn_011635,0,,legit
txn_011636,0,,legit
txn_011637,0,,legit
txn_011638,0,,legit
txn_011639,0,,legit
txn_011640,0,,legit
txn_011641,0,,legit
txn_011642,0,,legit
txn_011643,0,,legit
txn_011644,0,,legit
txn_011645,0,,legit
txn_011646,0,,legit
txn_011647,0,,legit
txn_011648,0,,legit
txn_011649,0,,legit
txn_011650,0,,legit
txn_011651,0,,legit
txn_011652,0,,legit
txn_011653,0,,legit
txn_011654,0,,legit
txn_011655,0,,legit
txn_011656,0,,legit
txn_011657,0,,legit
txn_011658,0,,legit
txn_011659,0,,legit
txn_011660,0,,legit
txn_011661,0,,legit
txn_011662,0,,legit
txn_011663,0,,legit
txn_011664,0,,legit
txn_011665,0,,legit
txn_011666,0,,legit
txn_011667,0,,legit
txn_011668,0,,legit
txn_011669,0,,legit
txn_011670,0,,legit
txn_011671,0,,legit
txn_011672,0,,legit
txn_011673,0,,legit
txn_011674,0,,legit
txn_011675,0,,legit
txn_011676,0,,legit
txn_011677,0,,legit
txn_011678,0,,legit
txn_011679,0,,legit
txn_011680,0,,legit
txn_011681,0,,hard_neg_laptop
txn_011682,0,,hard_neg_laptop
txn_011683,0,,hard_neg_laptop
txn_011684,0,,hard_neg_laptop
txn_011685,0,,hard_neg_laptop
txn_011686,0,,hard_neg_laptop
txn_011687,0,,hard_neg_laptop
txn_011688,0,,hard_neg_laptop
txn_011689,0,,hard_neg_laptop
txn_011690,0,,hard_neg_laptop
txn_011691,0,,hard_neg_laptop
txn_011692,0,,hard_neg_laptop
txn_011693,0,,hard_neg_laptop
txn_011694,0,,hard_neg_laptop
txn_011695,0,,hard_neg_laptop
txn_011696,0,,hard_neg_laptop
txn_011697,0,,hard_neg_laptop
txn_011698,0,,hard_neg_laptop
txn_011699,0,,hard_neg_laptop
txn_011700,0,,hard_neg_laptop
txn_011701,0,,hard_neg_laptop
txn_011702,0,,hard_neg_laptop
txn_011703,0,,hard_neg_laptop
txn_011704,0,,hard_neg_laptop
txn_011705,0,,hard_neg_laptop
txn_011706,0,,hard_neg_laptop
txn_011707,0,,hard_neg_laptop
txn_011708,0,,hard_neg_laptop
txn_011709,0,,hard_neg_laptop
txn_011710,0,,hard_neg_laptop
txn_011711,0,,hard_neg_laptop
txn_011712,0,,hard_neg_laptop
txn_011713,0,,hard_neg_laptop
txn_011714,0,,hard_neg_laptop
txn_011715,0,,legit
txn_011716,0,,legit
txn_011717,0,,legit
txn_011718,0,,legit
txn_011719,0,,legit
txn_011720,0,,legit
txn_011721,0,,legit
txn_011722,0,,legit
txn_011723,0,,legit
txn_011724,0,,legit
txn_011725,0,,legit
txn_011726,0,,legit
txn_011727,0,,legit
txn_011728,0,,legit
txn_011729,0,,legit
txn_011730,0,,legit
txn_011731,0,,legit
txn_011732,0,,legit
txn_011733,0,,legit
txn_011734,0,,legit
txn_011735,0,,legit
txn_011736,0,,legit
txn_011737,0,,legit
txn_011738,0,,legit
txn_011739,0,,legit
txn_011740,0,,legit
txn_011741,0,,legit
txn_011742,0,,legit
txn_011743,0,,legit
txn_011744,0,,legit
txn_011745,0,,legit
txn_011746,0,,legit
txn_011747,0,,legit
txn_011748,0,,legit
txn_011749,0,,legit
txn_011750,0,,legit
txn_011751,0,,legit
txn_011752,0,,legit
txn_011753,0,,legit
txn_011754,0,,legit
txn_011755,0,,legit
txn_011756,0,,legit
txn_011757,0,,legit
txn_011758,0,,legit
txn_011759,0,,legit
txn_011760,0,,legit
txn_011761,0,,legit
txn_011762,0,,legit
txn_011763,0,,legit
txn_011764,0,,legit
txn_011765,0,,legit
txn_011766,0,,legit
txn_011767,0,,legit
txn_011768,0,,legit
txn_011769,0,,legit
txn_011770,0,,legit
txn_011771,0,,legit
txn_011772,0,,legit
txn_011773,0,,legit
txn_011774,0,,legit
txn_011775,0,,legit
txn_011776,0,,legit
txn_011777,0,,legit
txn_011778,0,,legit
txn_011779,0,,legit
txn_011780,0,,legit
txn_011781,0,,legit
txn_011782,0,,legit
txn_011783,0,,legit
txn_011784,0,,legit
txn_011785,0,,legit
txn_011786,0,,legit
txn_011787,0,,legit
txn_011788,0,,legit
txn_011789,0,,legit
txn_011790,0,,legit
txn_011791,0,,legit
txn_011792,0,,legit
txn_011793,0,,legit
txn_011794,0,,legit
txn_011795,0,,legit
txn_011796,0,,legit
txn_011797,0,,legit
txn_011798,0,,legit
txn_011799,0,,legit
txn_011800,0,,legit
txn_011801,0,,legit
txn_011802,0,,legit
txn_011803,0,,legit
txn_011804,0,,legit
txn_011805,0,,legit
txn_011806,0,,legit
txn_011807,0,,legit
txn_011808,0,,legit
txn_011809,0,,legit
txn_011810,0,,legit
txn_011811,0,,legit
txn_011812,0,,legit
txn_011813,0,,legit
txn_011814,0,,legit
txn_011815,0,,legit
txn_011816,0,,legit
txn_011817,0,,legit
txn_011818,0,,legit
txn_011819,0,,legit
txn_011820,0,,legit
txn_011821,0,,legit
txn_011822,0,,legit
txn_011823,0,,legit
txn_011824,0,,legit
txn_011825,0,,legit
txn_011826,0,,legit
txn_011827,0,,legit
txn_011828,0,,legit
txn_011829,0,,legit
txn_011830,0,,legit
txn_011831,0,,legit
txn_011832,0,,legit
txn_011833,0,,legit
txn_011834,0,,legit
txn_011835,0,,legit
txn_011836,0,,legit
txn_011837,0,,legit
txn_011838,0,,legit
txn_011839,0,,legit
txn_011840,0,,legit
txn_011841,0,,legit
txn_011842,0,,legit
txn_011843,0,,legit
txn_011844,0,,legit
txn_011845,0,,legit
txn_011846,0,,legit
txn_011847,0,,legit
txn_011848,0,,legit
txn_011849,0,,legit
txn_011850,0,,legit
txn_011851,0,,legit
txn_011852,0,,legit
txn_011853,0,,legit
txn_011854,0,,legit
txn_011855,0,,legit
txn_011856,0,,legit
txn_011857,0,,legit
txn_011858,0,,legit
txn_011859,0,,legit
txn_011860,0,,legit
txn_011861,0,,legit
txn_011862,0,,legit
txn_011863,0,,legit
txn_011864,0,,legit
txn_011865,0,,legit
txn_011866,0,,legit
txn_011867,0,,legit
txn_011868,0,,legit
txn_011869,0,,legit
txn_011870,0,,legit
txn_011871,0,,legit
txn_011872,0,,legit
txn_011873,0,,legit
txn_011874,0,,legit
txn_011875,0,,legit
txn_011876,0,,legit
txn_011877,0,,legit
txn_011878,0,,legit
txn_011879,0,,legit
txn_011880,0,,legit
txn_011881,0,,legit
txn_011882,0,,legit
txn_011883,0,,legit
txn_011884,0,,legit
txn_011885,0,,legit
txn_011886,0,,legit
txn_011887,0,,legit
txn_011888,0,,legit
txn_011889,0,,legit
txn_011890,0,,legit
txn_011891,0,,legit
txn_011892,0,,legit
txn_011893,0,,legit
txn_011894,0,,legit
txn_011895,0,,legit
txn_011896,0,,legit
txn_011897,0,,legit
txn_011898,0,,legit
txn_011899,0,,legit
txn_011900,0,,legit
txn_011901,0,,legit
txn_011902,0,,legit
txn_011903,0,,legit
txn_011904,0,,legit
txn_011905,0,,legit
txn_011906,0,,legit
txn_011907,0,,legit
txn_011908,0,,legit
txn_011909,0,,legit
txn_011910,0,,legit
txn_011911,0,,legit
txn_011912,0,,legit
txn_011913,0,,legit
txn_011914,0,,legit
txn_011915,0,,legit
txn_011916,0,,legit
txn_011917,0,,legit
txn_011918,0,,legit
txn_011919,0,,legit
txn_011920,0,,legit
txn_011921,0,,legit
txn_011922,0,,legit
txn_011923,0,,legit
txn_011924,0,,legit
txn_011925,0,,legit
txn_011926,0,,legit
txn_011927,0,,legit
txn_011928,0,,legit
txn_011929,0,,legit
txn_011930,0,,legit
txn_011931,0,,legit
txn_011932,0,,legit
txn_011933,0,,legit
txn_011934,0,,legit
txn_011935,0,,legit
txn_011936,0,,legit
txn_011937,0,,legit
txn_011938,0,,legit
txn_011939,0,,legit
txn_011940,0,,legit
txn_011941,0,,legit
txn_011942,0,,legit
txn_011943,0,,legit
txn_011944,0,,legit
txn_011945,0,,legit
txn_011946,0,,legit
txn_011947,0,,legit
txn_011948,0,,legit
txn_011949,0,,legit
txn_011950,0,,legit
txn_011951,0,,legit
txn_011952,0,,legit
txn_011953,0,,legit
txn_011954,0,,legit
txn_011955,0,,legit
txn_011956,0,,legit
txn_011957,0,,legit
txn_011958,0,,legit
txn_011959,0,,legit
txn_011960,0,,legit
txn_011961,0,,legit
txn_011962,0,,legit
txn_011963,0,,legit
txn_011964,0,,legit
txn_011965,0,,legit
txn_011966,0,,legit
txn_011967,0,,legit
txn_011968,0,,legit
txn_011969,0,,legit
txn_011970,0,,legit
txn_011971,0,,legit
txn_011972,0,,legit
txn_011973,0,,legit
txn_011974,0,,legit
txn_011975,0,,legit
txn_011976,0,,legit
txn_011977,0,,legit
txn_011978,0,,legit
txn_011979,0,,legit
txn_011980,0,,legit
txn_011981,0,,legit
txn_011982,0,,legit
txn_011983,0,,legit
txn_011984,0,,legit
txn_011985,0,,legit
txn_011986,0,,legit
txn_011987,0,,legit
txn_011988,0,,legit
txn_011989,0,,legit
txn_011990,0,,legit
txn_011991,0,,legit
txn_011992,0,,legit
txn_011993,0,,legit
txn_011994,0,,legit
txn_011995,0,,legit
txn_011996,0,,legit
txn_011997,0,,legit
txn_011998,0,,legit
txn_011999,0,,legit
txn_012000,0,,legit
txn_012001,0,,legit
txn_012002,0,,legit
txn_012003,0,,legit
txn_012004,0,,legit
txn_012005,0,,legit
txn_012006,0,,legit
txn_012007,0,,legit
txn_012008,0,,legit
txn_012009,0,,legit
txn_012010,0,,legit
txn_012011,0,,legit
txn_012012,0,,legit
txn_012013,0,,legit
txn_012014,0,,legit
txn_012015,0,,legit
txn_012016,0,,legit
txn_012017,0,,legit
txn_012018,0,,legit
txn_012019,0,,legit
txn_012020,0,,legit
txn_012021,0,,legit
txn_012022,0,,legit
txn_012023,0,,legit
txn_012024,0,,legit
txn_012025,0,,legit
txn_012026,0,,legit
txn_012027,0,,legit
txn_012028,0,,legit
txn_012029,0,,legit
txn_012030,0,,legit
txn_012031,0,,legit
txn_012032,0,,legit
txn_012033,0,,legit
txn_012034,0,,legit
txn_012035,0,,legit
txn_012036,0,,legit
txn_012037,0,,legit
txn_012038,0,,legit
txn_012039,0,,legit
txn_012040,0,,legit
txn_012041,0,,legit
txn_012042,0,,legit
txn_012043,0,,legit
txn_012044,0,,legit
txn_012045,0,,legit
txn_012046,0,,legit
txn_012047,0,,legit
txn_012048,0,,legit
txn_012049,0,,legit
txn_012050,0,,legit
txn_012051,0,,legit
txn_012052,0,,legit
txn_012053,0,,legit
txn_012054,0,,legit
txn_012055,0,,legit
txn_012056,0,,legit
txn_012057,0,,legit
txn_012058,0,,legit
txn_012059,0,,legit
txn_012060,0,,legit
txn_012061,0,,legit
txn_012062,0,,legit
txn_012063,0,,legit
txn_012064,0,,legit
txn_012065,0,,legit
txn_012066,0,,legit
txn_012067,0,,legit
txn_012068,0,,legit
txn_012069,0,,legit
txn_012070,0,,legit
txn_012071,0,,legit
txn_012072,0,,legit
txn_012073,0,,legit
txn_012074,0,,legit
txn_012075,0,,legit
txn_012076,0,,legit
txn_012077,0,,legit
txn_012078,0,,legit
txn_012079,0,,legit
txn_012080,0,,legit
txn_012081,0,,legit
txn_012082,0,,legit
txn_012083,0,,legit
txn_012084,0,,legit
txn_012085,0,,legit
txn_012086,0,,legit
txn_012087,0,,legit
txn_012088,0,,legit
txn_012089,0,,legit
txn_012090,0,,legit
txn_012091,0,,legit
txn_012092,0,,legit
txn_012093,0,,legit
txn_012094,0,,legit
txn_012095,0,,legit
txn_012096,0,,legit
txn_012097,0,,legit
txn_012098,0,,legit
txn_012099,0,,legit
txn_012100,0,,legit
txn_012101,0,,legit
txn_012102,0,,legit
txn_012103,0,,legit
txn_012104,0,,legit
txn_012105,0,,legit
txn_012106,0,,legit
txn_012107,0,,legit
txn_012108,0,,legit
txn_012109,0,,legit
txn_012110,0,,legit
txn_012111,0,,legit
txn_012112,0,,legit
txn_012113,0,,legit
txn_012114,0,,legit
txn_012115,0,,legit
txn_012116,0,,legit
txn_012117,0,,legit
txn_012118,0,,legit
txn_012119,0,,legit
txn_012120,0,,hard_neg_festival
txn_012121,0,,hard_neg_festival
txn_012122,0,,hard_neg_festival
txn_012123,0,,hard_neg_festival
txn_012124,0,,hard_neg_festival
txn_012125,0,,hard_neg_festival
txn_012126,0,,hard_neg_festival
txn_012127,0,,hard_neg_festival
txn_012128,0,,hard_neg_festival
txn_012129,0,,hard_neg_festival
txn_012130,0,,hard_neg_festival
txn_012131,0,,hard_neg_festival
txn_012132,0,,hard_neg_festival
txn_012133,0,,hard_neg_festival
txn_012134,0,,hard_neg_festival
txn_012135,0,,hard_neg_festival
txn_012136,0,,hard_neg_festival
txn_012137,0,,hard_neg_festival
txn_012138,0,,hard_neg_festival
txn_012139,0,,hard_neg_festival
txn_012140,0,,hard_neg_festival
txn_012141,0,,hard_neg_festival
txn_012142,0,,hard_neg_festival
txn_012143,0,,hard_neg_festival
txn_012144,0,,hard_neg_festival
txn_012145,0,,hard_neg_festival
txn_012146,0,,hard_neg_festival
txn_012147,0,,hard_neg_festival
txn_012148,0,,hard_neg_festival
txn_012149,0,,hard_neg_festival
txn_012150,0,,hard_neg_festival
txn_012151,0,,hard_neg_festival
txn_012152,0,,hard_neg_festival
txn_012153,0,,hard_neg_festival
txn_012154,0,,hard_neg_festival
txn_012155,0,,hard_neg_festival
txn_012156,0,,hard_neg_festival
txn_012157,0,,hard_neg_festival
txn_012158,0,,legit
txn_012159,0,,legit
txn_012160,0,,legit
txn_012161,0,,legit
txn_012162,0,,legit
txn_012163,0,,legit
txn_012164,0,,legit
txn_012165,0,,legit
txn_012166,0,,legit
txn_012167,0,,legit
txn_012168,0,,legit
txn_012169,0,,legit
txn_012170,0,,legit
txn_012171,0,,legit
txn_012172,0,,legit
txn_012173,0,,legit
txn_012174,0,,legit
txn_012175,0,,legit
txn_012176,0,,legit
txn_012177,0,,legit
txn_012178,0,,legit
txn_012179,0,,legit
txn_012180,0,,legit
txn_012181,0,,legit
txn_012182,0,,legit
txn_012183,0,,legit
txn_012184,0,,legit
txn_012185,0,,legit
txn_012186,0,,legit
txn_012187,0,,legit
txn_012188,0,,legit
txn_012189,0,,legit
txn_012190,0,,legit
txn_012191,0,,legit
txn_012192,0,,legit
txn_012193,0,,legit
txn_012194,0,,legit
txn_012195,0,,legit
txn_012196,0,,legit
txn_012197,0,,legit
txn_012198,0,,legit
txn_012199,0,,legit
txn_012200,0,,legit
txn_012201,0,,legit
txn_012202,0,,legit
txn_012203,0,,legit
txn_012204,0,,legit
txn_012205,0,,legit
txn_012206,0,,legit
txn_012207,0,,legit
txn_012208,0,,legit
txn_012209,0,,legit
txn_012210,0,,legit
txn_012211,0,,legit
txn_012212,0,,legit
txn_012213,0,,legit
txn_012214,0,,legit
txn_012215,0,,legit
txn_012216,0,,legit
txn_012217,0,,legit
txn_012218,0,,legit
txn_012219,0,,legit
txn_012220,0,,legit
txn_012221,0,,legit
txn_012222,0,,legit
txn_012223,0,,legit
txn_012224,0,,legit
txn_012225,0,,legit
txn_012226,0,,legit
txn_012227,0,,legit
txn_012228,0,,legit
txn_012229,0,,legit
txn_012230,0,,legit
txn_012231,0,,legit
txn_012232,0,,legit
txn_012233,0,,legit
txn_012234,0,,legit
txn_012235,0,,legit
txn_012236,0,,legit
txn_012237,0,,legit
txn_012238,0,,legit
txn_012239,0,,legit
txn_012240,0,,legit
txn_012241,0,,legit
txn_012242,0,,legit
txn_012243,0,,legit
txn_012244,0,,legit
txn_012245,0,,legit
txn_012246,0,,legit
txn_012247,0,,legit
txn_012248,0,,legit
txn_012249,0,,legit
txn_012250,0,,legit
txn_012251,0,,legit
txn_012252,0,,legit
txn_012253,0,,legit
txn_012254,0,,legit
txn_012255,0,,legit
txn_012256,0,,legit
txn_012257,0,,legit
txn_012258,0,,legit
txn_012259,0,,legit
txn_012260,0,,legit
txn_012261,0,,legit
txn_012262,0,,legit
txn_012263,0,,legit
txn_012264,0,,legit
txn_012265,0,,legit
txn_012266,0,,legit
txn_012267,0,,legit
txn_012268,0,,legit
txn_012269,0,,legit
txn_012270,0,,legit
txn_012271,0,,legit
txn_012272,0,,legit
txn_012273,0,,legit
txn_012274,0,,legit
txn_012275,0,,legit
txn_012276,0,,legit
txn_012277,0,,legit
txn_012278,0,,legit
txn_012279,0,,legit
txn_012280,0,,legit
txn_012281,0,,legit
txn_012282,0,,legit
txn_012283,0,,legit
txn_012284,0,,legit
txn_012285,0,,legit
txn_012286,0,,legit
txn_012287,0,,legit
txn_012288,0,,legit
txn_012289,0,,legit
txn_012290,0,,legit
txn_012291,0,,legit
txn_012292,0,,legit
txn_012293,0,,legit
txn_012294,0,,legit
txn_012295,0,,legit
txn_012296,0,,legit
txn_012297,0,,legit
txn_012298,0,,legit
txn_012299,0,,legit
txn_012300,0,,legit
txn_012301,0,,legit
txn_012302,0,,legit
txn_012303,0,,legit
txn_012304,0,,legit
txn_012305,0,,legit
txn_012306,0,,legit
txn_012307,0,,legit
txn_012308,0,,legit
txn_012309,0,,legit
txn_012310,0,,legit
txn_012311,0,,legit
txn_012312,0,,legit
txn_012313,0,,legit
txn_012314,0,,legit
txn_012315,0,,legit
txn_012316,0,,legit
txn_012317,0,,legit
txn_012318,0,,legit
txn_012319,0,,legit
txn_012320,0,,legit
txn_012321,0,,legit
txn_012322,0,,legit
txn_012323,0,,legit
txn_012324,0,,legit
txn_012325,0,,legit
txn_012326,0,,legit
txn_012327,0,,legit
txn_012328,0,,legit
txn_012329,0,,legit
txn_012330,0,,legit
txn_012331,0,,legit
txn_012332,0,,legit
txn_012333,0,,legit
txn_012334,0,,legit
txn_012335,0,,legit
txn_012336,0,,legit
txn_012337,0,,legit
txn_012338,0,,legit
txn_012339,0,,legit
txn_012340,0,,legit
txn_012341,0,,legit
txn_012342,0,,legit
txn_012343,0,,legit
txn_012344,0,,legit
txn_012345,0,,legit
txn_012346,0,,legit
txn_012347,0,,legit
txn_012348,0,,legit
txn_012349,0,,legit
txn_012350,0,,legit
txn_012351,0,,legit
txn_012352,0,,legit
txn_012353,0,,legit
txn_012354,0,,legit
txn_012355,0,,legit
txn_012356,0,,legit
txn_012357,0,,legit
txn_012358,0,,legit
txn_012359,0,,legit
txn_012360,0,,legit
txn_012361,0,,legit
txn_012362,0,,legit
txn_012363,0,,legit
txn_012364,0,,legit
txn_012365,0,,legit
txn_012366,0,,legit
txn_012367,0,,legit
txn_012368,0,,legit
txn_012369,0,,legit
txn_012370,0,,legit
txn_012371,0,,legit
txn_012372,0,,legit
txn_012373,0,,legit
txn_012374,0,,legit
txn_012375,0,,legit
txn_012376,0,,legit
txn_012377,0,,legit
txn_012378,0,,legit
txn_012379,0,,legit
txn_012380,0,,legit
txn_012381,0,,legit
txn_012382,0,,legit
txn_012383,0,,legit
txn_012384,0,,legit
txn_012385,0,,legit
txn_012386,0,,legit
txn_012387,0,,legit
txn_012388,0,,legit
txn_012389,0,,legit
txn_012390,0,,legit
txn_012391,0,,legit
txn_012392,0,,legit
txn_012393,0,,legit
txn_012394,0,,legit
txn_012395,0,,legit
txn_012396,0,,legit
txn_012397,0,,legit
txn_012398,0,,legit
txn_012399,0,,legit
txn_012400,0,,legit
txn_012401,0,,legit
txn_012402,0,,legit
txn_012403,0,,legit
txn_012404,0,,legit
txn_012405,0,,legit
txn_012406,0,,legit
txn_012407,0,,legit
txn_012408,0,,legit
txn_012409,0,,legit
txn_012410,0,,legit
txn_012411,0,,legit
txn_012412,0,,legit
txn_012413,0,,legit
txn_012414,0,,legit
txn_012415,0,,legit
txn_012416,0,,legit
txn_012417,0,,legit
txn_012418,0,,legit
txn_012419,0,,legit
txn_012420,0,,legit
txn_012421,0,,legit
txn_012422,0,,legit
txn_012423,0,,legit
txn_012424,0,,legit
txn_012425,0,,legit
txn_012426,0,,legit
txn_012427,0,,legit
txn_012428,0,,legit
txn_012429,0,,legit
txn_012430,0,,legit
txn_012431,0,,legit
txn_012432,0,,legit
txn_012433,0,,legit
txn_012434,0,,legit
txn_012435,0,,legit
txn_012436,0,,legit
txn_012437,0,,legit
txn_012438,0,,legit
txn_012439,0,,legit
txn_012440,0,,legit
txn_012441,0,,legit
txn_012442,0,,legit
txn_012443,0,,legit
txn_012444,0,,legit
txn_012445,0,,legit
txn_012446,0,,legit
txn_012447,0,,legit
txn_012448,0,,legit
txn_012449,0,,legit
txn_012450,0,,legit
txn_012451,0,,legit
txn_012452,0,,legit
txn_012453,0,,legit
txn_012454,0,,legit
txn_012455,0,,legit
txn_012456,0,,legit
txn_012457,0,,legit
txn_012458,0,,legit
txn_012459,0,,legit
txn_012460,0,,legit
txn_012461,0,,legit
txn_012462,0,,legit
txn_012463,0,,legit
txn_012464,0,,legit
txn_012465,0,,legit
txn_012466,0,,legit
txn_012467,0,,legit
txn_012468,0,,legit
txn_012469,0,,legit
txn_012470,0,,legit
txn_012471,0,,legit
txn_012472,0,,legit
txn_012473,0,,legit
txn_012474,0,,legit
txn_012475,0,,legit
txn_012476,0,,legit
txn_012477,0,,legit
txn_012478,0,,legit
txn_012479,0,,legit
txn_012480,0,,legit
txn_012481,0,,legit
txn_012482,0,,legit
txn_012483,0,,legit
txn_012484,0,,legit
txn_012485,0,,legit
txn_012486,0,,legit
txn_012487,0,,legit
txn_012488,0,,legit
txn_012489,0,,legit
txn_012490,0,,legit
txn_012491,0,,legit
txn_012492,0,,legit
txn_012493,0,,legit
txn_012494,0,,legit
txn_012495,0,,legit
txn_012496,0,,legit
txn_012497,0,,legit
txn_012498,0,,legit
txn_012499,0,,legit
txn_012500,0,,legit
txn_012501,0,,legit
txn_012502,0,,legit
txn_012503,0,,legit
txn_012504,0,,legit
txn_012505,0,,legit
txn_012506,0,,legit
txn_012507,0,,legit
txn_012508,0,,legit
txn_012509,0,,legit
txn_012510,0,,legit
txn_012511,0,,legit
txn_012512,0,,legit
txn_012513,0,,legit
txn_012514,0,,legit
txn_012515,0,,legit
txn_012516,0,,legit
txn_012517,0,,legit
txn_012518,0,,legit
txn_012519,0,,legit
txn_012520,0,,legit
txn_012521,0,,legit
txn_012522,0,,legit
txn_012523,0,,legit
txn_012524,0,,legit
txn_012525,0,,legit
txn_012526,0,,legit
txn_012527,0,,legit
txn_012528,0,,legit
txn_012529,0,,legit
txn_012530,0,,legit
txn_012531,0,,legit
txn_012532,0,,legit
txn_012533,0,,legit
txn_012534,0,,legit
txn_012535,0,,legit
txn_012536,0,,legit
txn_012537,0,,legit
txn_012538,0,,legit
txn_012539,0,,legit
txn_012540,0,,legit
txn_012541,0,,legit
txn_012542,0,,legit
txn_012543,0,,legit
txn_012544,0,,legit
txn_012545,0,,legit
txn_012546,0,,legit
txn_012547,0,,legit
txn_012548,0,,legit
txn_012549,0,,legit
txn_012550,0,,legit
txn_012551,0,,legit
txn_012552,0,,legit
txn_012553,0,,legit
txn_012554,0,,legit
txn_012555,0,,legit
txn_012556,0,,legit
txn_012557,0,,legit
txn_012558,0,,legit
txn_012559,0,,legit
txn_012560,0,,legit
txn_012561,0,,legit
txn_012562,0,,legit
txn_012563,0,,legit
txn_012564,0,,legit
txn_012565,0,,legit
txn_012566,0,,legit
txn_012567,0,,legit
txn_012568,0,,legit
txn_012569,0,,legit
txn_012570,0,,legit
txn_012571,0,,legit
txn_012572,0,,legit
txn_012573,0,,legit
txn_012574,0,,legit
txn_012575,0,,legit
txn_012576,0,,legit
txn_012577,0,,legit
txn_012578,0,,legit
txn_012579,0,,legit
txn_012580,0,,legit
txn_012581,0,,legit
txn_012582,0,,legit
txn_012583,0,,legit
txn_012584,0,,legit
txn_012585,0,,legit
txn_012586,0,,legit
txn_012587,0,,legit
txn_012588,0,,legit
txn_012589,0,,legit
txn_012590,0,,legit
txn_012591,0,,legit
txn_012592,0,,legit
txn_012593,0,,legit
txn_012594,0,,legit
txn_012595,0,,legit
txn_012596,0,,legit
txn_012597,0,,legit
txn_012598,0,,legit
txn_012599,0,,legit
txn_012600,0,,legit
txn_012601,0,,legit
txn_012602,0,,legit
txn_012603,0,,legit
txn_012604,0,,legit
txn_012605,0,,legit
txn_012606,0,,legit
txn_012607,0,,legit
txn_012608,0,,legit
txn_012609,0,,legit
txn_012610,0,,legit
txn_012611,0,,legit
txn_012612,0,,legit
txn_012613,0,,legit
txn_012614,0,,legit
txn_012615,0,,legit
txn_012616,0,,legit
txn_012617,0,,legit
txn_012618,0,,legit
txn_012619,0,,legit
txn_012620,0,,legit
txn_012621,0,,legit
txn_012622,0,,legit
txn_012623,0,,legit
txn_012624,0,,legit
txn_012625,0,,legit
txn_012626,0,,legit
txn_012627,0,,legit
txn_012628,0,,legit
txn_012629,0,,legit
txn_012630,0,,legit
txn_012631,0,,legit
txn_012632,0,,legit
txn_012633,0,,legit
txn_012634,0,,legit
txn_012635,0,,legit
txn_012636,0,,legit
txn_012637,0,,legit
txn_012638,0,,legit
txn_012639,0,,legit
txn_012640,0,,legit
txn_012641,0,,legit
txn_012642,0,,legit
txn_012643,0,,legit
txn_012644,0,,legit
txn_012645,0,,legit
txn_012646,0,,legit
txn_012647,0,,legit
txn_012648,0,,legit
txn_012649,0,,legit
txn_012650,0,,legit
txn_012651,0,,legit
txn_012652,0,,legit
txn_012653,0,,legit
txn_012654,0,,legit
txn_012655,0,,legit
txn_012656,0,,legit
txn_012657,0,,legit
txn_012658,0,,legit
txn_012659,0,,legit
txn_012660,0,,legit
txn_012661,0,,legit
txn_012662,0,,legit
txn_012663,0,,legit
txn_012664,0,,legit
txn_012665,0,,legit
txn_012666,0,,legit
txn_012667,0,,legit
txn_012668,0,,legit
txn_012669,0,,legit
txn_012670,0,,legit
txn_012671,0,,legit
txn_012672,0,,legit
txn_012673,0,,legit
txn_012674,0,,legit
txn_012675,0,,legit
txn_012676,0,,legit
txn_012677,0,,legit
txn_012678,0,,legit
txn_012679,0,,legit
txn_012680,0,,legit
txn_012681,0,,legit
txn_012682,0,,legit
txn_012683,0,,legit
txn_012684,0,,legit
txn_012685,0,,legit
txn_012686,0,,legit
txn_012687,0,,legit
txn_012688,0,,legit
txn_012689,0,,legit
txn_012690,0,,legit
txn_012691,0,,legit
txn_012692,0,,legit
txn_012693,0,,legit
txn_012694,0,,legit
txn_012695,0,,legit
txn_012696,0,,legit
txn_012697,0,,legit
txn_012698,0,,legit
txn_012699,0,,legit
txn_012700,0,,legit
txn_012701,0,,legit
txn_012702,0,,legit
txn_012703,0,,legit
txn_012704,0,,legit
txn_012705,0,,legit
txn_012706,0,,legit
txn_012707,0,,legit
txn_012708,0,,legit
txn_012709,0,,legit
txn_012710,0,,legit
txn_012711,0,,legit
txn_012712,0,,legit
txn_012713,0,,legit
txn_012714,0,,legit
txn_012715,0,,legit
txn_012716,0,,legit
txn_012717,0,,legit
txn_012718,0,,legit
txn_012719,0,,legit
txn_012720,0,,legit
txn_012721,0,,legit
txn_012722,0,,legit
txn_012723,0,,legit
txn_012724,0,,legit
txn_012725,0,,legit
txn_012726,0,,legit
txn_012727,0,,legit
txn_012728,0,,legit
txn_012729,0,,legit
txn_012730,0,,legit
txn_012731,0,,legit
txn_012732,0,,legit
txn_012733,0,,legit
txn_012734,0,,legit
txn_012735,0,,legit
txn_012736,0,,legit
txn_012737,0,,legit
txn_012738,0,,legit
txn_012739,0,,legit
txn_012740,0,,legit
txn_012741,0,,legit
txn_012742,0,,legit
txn_012743,0,,legit
txn_012744,0,,legit
txn_012745,0,,legit
txn_012746,0,,legit
txn_012747,0,,legit
txn_012748,0,,legit
txn_012749,0,,legit
txn_012750,0,,legit
txn_012751,0,,legit
txn_012752,0,,legit
txn_012753,0,,legit
txn_012754,0,,legit
txn_012755,0,,legit
txn_012756,0,,legit
txn_012757,0,,legit
txn_012758,0,,legit
txn_012759,0,,legit
txn_012760,0,,legit
txn_012761,0,,legit
txn_012762,0,,legit
txn_012763,0,,legit
txn_012764,0,,legit
txn_012765,0,,legit
txn_012766,0,,legit
txn_012767,0,,legit
txn_012768,0,,legit
txn_012769,0,,legit
txn_012770,0,,legit
txn_012771,0,,legit
txn_012772,0,,legit
txn_012773,0,,legit
txn_012774,0,,legit
txn_012775,0,,legit
txn_012776,0,,legit
txn_012777,0,,legit
txn_012778,0,,legit
txn_012779,0,,legit
txn_012780,0,,legit
txn_012781,0,,legit
txn_012782,0,,legit
txn_012783,0,,legit
txn_012784,0,,legit
txn_012785,0,,legit
txn_012786,0,,legit
txn_012787,0,,legit
txn_012788,0,,legit
txn_012789,0,,legit
txn_012790,0,,legit
txn_012791,0,,legit
txn_012792,0,,legit
txn_012793,0,,legit
txn_012794,0,,legit
txn_012795,0,,legit
txn_012796,0,,legit
txn_012797,0,,legit
txn_012798,0,,legit
txn_012799,0,,legit
txn_012800,0,,legit
txn_012801,0,,legit
txn_012802,0,,legit
txn_012803,0,,legit
txn_012804,0,,legit
txn_012805,0,,legit
txn_012806,0,,legit
txn_012807,0,,legit
txn_012808,0,,legit
txn_012809,0,,legit
txn_012810,0,,legit
txn_012811,0,,legit
txn_012812,0,,legit
txn_012813,0,,legit
txn_012814,0,,legit
txn_012815,0,,legit
txn_012816,0,,legit
txn_012817,0,,legit
txn_012818,0,,legit
txn_012819,0,,legit
txn_012820,0,,legit
txn_012821,0,,legit
txn_012822,0,,legit
txn_012823,0,,legit
txn_012824,0,,legit
txn_012825,0,,legit
txn_012826,0,,legit
txn_012827,0,,legit
txn_012828,0,,legit
txn_012829,0,,legit
txn_012830,0,,legit
txn_012831,0,,legit
txn_012832,0,,legit
txn_012833,0,,legit
txn_012834,0,,legit
txn_012835,0,,legit
txn_012836,0,,legit
txn_012837,0,,legit
txn_012838,0,,legit
txn_012839,0,,legit
txn_012840,0,,legit
txn_012841,0,,legit
txn_012842,0,,legit
txn_012843,0,,legit
txn_012844,0,,legit
txn_012845,0,,legit
txn_012846,0,,legit
txn_012847,0,,legit
txn_012848,0,,legit
txn_012849,0,,legit
txn_012850,0,,legit
txn_012851,0,,legit
txn_012852,0,,legit
txn_012853,0,,legit
txn_012854,0,,legit
txn_012855,0,,legit
txn_012856,0,,legit
txn_012857,0,,legit
txn_012858,0,,legit
txn_012859,0,,legit
txn_012860,0,,legit
txn_012861,0,,legit
txn_012862,0,,legit
txn_012863,0,,legit
txn_012864,0,,legit
txn_012865,0,,legit
txn_012866,0,,legit
txn_012867,0,,legit
txn_012868,0,,legit
txn_012869,0,,legit
txn_012870,0,,legit
txn_012871,0,,legit
txn_012872,0,,legit
txn_012873,0,,legit
txn_012874,0,,legit
txn_012875,0,,legit
txn_012876,0,,legit
txn_012877,0,,legit
txn_012878,0,,legit
txn_012879,0,,legit
txn_012880,0,,legit
txn_012881,0,,legit
txn_012882,0,,legit
txn_012883,0,,legit
txn_012884,0,,legit
txn_012885,0,,legit
txn_012886,0,,legit
txn_012887,0,,legit
txn_012888,0,,legit
txn_012889,0,,legit
txn_012890,0,,legit
txn_012891,0,,legit
txn_012892,0,,legit
txn_012893,0,,legit
txn_012894,0,,legit
txn_012895,0,,legit
txn_012896,0,,legit
txn_012897,0,,legit
txn_012898,0,,legit
txn_012899,0,,legit
txn_012900,0,,legit
txn_012901,0,,legit
txn_012902,0,,legit
txn_012903,0,,legit
txn_012904,0,,legit
txn_012905,0,,legit
txn_012906,0,,legit
txn_012907,0,,legit
txn_012908,0,,legit
txn_012909,0,,legit
txn_012910,0,,legit
txn_012911,0,,legit
txn_012912,0,,legit
txn_012913,0,,legit
txn_012914,0,,legit
txn_012915,0,,legit
txn_012916,0,,legit
txn_012917,0,,legit
txn_012918,0,,legit
txn_012919,0,,legit
txn_012920,0,,legit
txn_012921,0,,legit
txn_012922,0,,legit
txn_012923,0,,legit
txn_012924,0,,legit
txn_012925,0,,legit
txn_012926,0,,legit
txn_012927,0,,legit
txn_012928,0,,legit
txn_012929,0,,legit
txn_012930,0,,legit
txn_012931,0,,legit
txn_012932,0,,legit
txn_012933,0,,legit
txn_012934,0,,legit
txn_012935,0,,legit
txn_012936,0,,legit
txn_012937,0,,legit
txn_012938,0,,legit
txn_012939,0,,legit
txn_012940,0,,legit
txn_012941,0,,legit
txn_012942,0,,legit
txn_012943,0,,legit
txn_012944,0,,legit
txn_012945,0,,legit
txn_012946,0,,legit
txn_012947,0,,legit
txn_012948,0,,legit
txn_012949,0,,legit
txn_012950,0,,legit
txn_012951,0,,legit
txn_012952,0,,legit
txn_012953,0,,legit
txn_012954,0,,legit
txn_012955,0,,legit
txn_012956,0,,legit
txn_012957,0,,legit
txn_012958,0,,legit
txn_012959,0,,legit
txn_012960,0,,legit
txn_012961,0,,legit
txn_012962,0,,legit
txn_012963,0,,legit
txn_012964,0,,legit
txn_012965,0,,legit
txn_012966,0,,legit
txn_012967,0,,legit
txn_012968,0,,legit
txn_012969,0,,legit
txn_012970,0,,legit
txn_012971,0,,legit
txn_012972,0,,legit
txn_012973,0,,legit
txn_012974,0,,legit
txn_012975,0,,legit
txn_012976,0,,legit
txn_012977,0,,legit
txn_012978,0,,legit
txn_012979,0,,legit
txn_012980,0,,legit
txn_012981,0,,legit
txn_012982,0,,legit
txn_012983,0,,legit
txn_012984,0,,legit
txn_012985,0,,legit
txn_012986,0,,legit
txn_012987,0,,legit
txn_012988,0,,legit
txn_012989,0,,legit
txn_012990,0,,legit
txn_012991,0,,legit
txn_012992,0,,legit
txn_012993,0,,legit
txn_012994,0,,legit
txn_012995,0,,legit
txn_012996,0,,legit
txn_012997,0,,legit
txn_012998,0,,legit
txn_012999,0,,legit
txn_013000,0,,legit
txn_013001,0,,legit
txn_013002,0,,legit
txn_013003,0,,legit
txn_013004,0,,legit
txn_013005,0,,legit
txn_013006,0,,legit
txn_013007,0,,legit
txn_013008,0,,legit
txn_013009,0,,legit
txn_013010,0,,legit
txn_013011,0,,legit
txn_013012,0,,legit
txn_013013,0,,legit
txn_013014,0,,legit
txn_013015,0,,legit
txn_013016,0,,legit
txn_013017,0,,legit
txn_013018,0,,legit
txn_013019,0,,legit
txn_013020,0,,legit
txn_013021,0,,legit
txn_013022,0,,legit
txn_013023,0,,legit
txn_013024,0,,legit
txn_013025,0,,legit
txn_013026,0,,legit
txn_013027,0,,legit
txn_013028,0,,legit
txn_013029,0,,legit
txn_013030,0,,legit
txn_013031,0,,legit
txn_013032,0,,legit
txn_013033,0,,legit
txn_013034,0,,legit
txn_013035,0,,legit
txn_013036,0,,legit
txn_013037,0,,legit
txn_013038,0,,legit
txn_013039,0,,legit
txn_013040,0,,legit
txn_013041,0,,legit
txn_013042,0,,legit
txn_013043,0,,legit
txn_013044,0,,legit
txn_013045,0,,legit
txn_013046,0,,legit
txn_013047,0,,legit
txn_013048,0,,legit
txn_013049,0,,legit
txn_013050,0,,legit
txn_013051,0,,legit
txn_013052,0,,legit
txn_013053,0,,legit
txn_013054,0,,legit
txn_013055,0,,legit
txn_013056,0,,legit
txn_013057,0,,legit
txn_013058,0,,legit
txn_013059,0,,legit
txn_013060,0,,legit
txn_013061,0,,legit
txn_013062,0,,legit
txn_013063,0,,legit
txn_013064,0,,legit
txn_013065,0,,legit
txn_013066,0,,legit
txn_013067,0,,legit
txn_013068,0,,legit
txn_013069,0,,legit
txn_013070,0,,legit
txn_013071,0,,legit
txn_013072,0,,legit
txn_013073,0,,legit
txn_013074,0,,legit
txn_013075,0,,legit
txn_013076,0,,legit
txn_013077,0,,legit
txn_013078,0,,legit
txn_013079,0,,legit
txn_013080,0,,legit
txn_013081,0,,legit
txn_013082,0,,legit
txn_013083,0,,legit
txn_013084,0,,legit
txn_013085,0,,legit
txn_013086,0,,legit
txn_013087,0,,legit
txn_013088,0,,legit
txn_013089,0,,legit
txn_013090,0,,legit
txn_013091,0,,legit
txn_013092,0,,legit
txn_013093,0,,legit
txn_013094,0,,legit
txn_013095,0,,legit
txn_013096,0,,legit
txn_013097,0,,legit
txn_013098,0,,legit
txn_013099,0,,legit
txn_013100,0,,legit
txn_013101,0,,legit
txn_013102,0,,legit
txn_013103,0,,legit
txn_013104,0,,legit
txn_013105,0,,legit
txn_013106,0,,legit
txn_013107,0,,legit
txn_013108,0,,legit
txn_013109,0,,legit
txn_013110,0,,legit
txn_013111,0,,legit
txn_013112,0,,legit
txn_013113,0,,legit
txn_013114,0,,legit
txn_013115,0,,legit
txn_013116,0,,legit
txn_013117,0,,legit
txn_013118,0,,legit
txn_013119,0,,legit
txn_013120,0,,legit
txn_013121,0,,legit
txn_013122,0,,legit
txn_013123,0,,legit
txn_013124,0,,legit
txn_013125,0,,legit
txn_013126,0,,legit
txn_013127,0,,legit
txn_013128,0,,legit
txn_013129,0,,legit
txn_013130,0,,legit
txn_013131,0,,legit
txn_013132,0,,legit
txn_013133,0,,legit
txn_013134,0,,legit
txn_013135,0,,legit
txn_013136,0,,legit
txn_013137,0,,legit
txn_013138,0,,legit
txn_013139,0,,legit
txn_013140,0,,legit
txn_013141,0,,legit
txn_013142,0,,legit
txn_013143,0,,legit
txn_013144,0,,legit
txn_013145,0,,legit
txn_013146,0,,legit
txn_013147,0,,legit
txn_013148,0,,legit
txn_013149,0,,legit
txn_013150,0,,legit
txn_013151,0,,legit
txn_013152,0,,legit
txn_013153,0,,legit
txn_013154,0,,legit
txn_013155,0,,legit
txn_013156,0,,legit
txn_013157,0,,legit
txn_013158,0,,legit
txn_013159,0,,legit
txn_013160,0,,legit
txn_013161,0,,legit
txn_013162,0,,legit
txn_013163,0,,legit
txn_013164,0,,legit
txn_013165,0,,legit
txn_013166,0,,legit
txn_013167,0,,legit
txn_013168,0,,legit
txn_013169,0,,legit
txn_013170,0,,legit
txn_013171,0,,legit
txn_013172,0,,legit
txn_013173,0,,legit
txn_013174,0,,legit
txn_013175,0,,legit
txn_013176,0,,legit
txn_013177,0,,legit
txn_013178,0,,legit
txn_013179,0,,legit
txn_013180,0,,legit
txn_013181,0,,legit
txn_013182,0,,legit
txn_013183,0,,legit
txn_013184,0,,legit
txn_013185,0,,legit
txn_013186,0,,legit
txn_013187,0,,legit
txn_013188,0,,legit
txn_013189,0,,legit
txn_013190,0,,legit
txn_013191,0,,legit
txn_013192,0,,legit
txn_013193,0,,legit
txn_013194,0,,legit
txn_013195,0,,legit
txn_013196,0,,legit
txn_013197,0,,legit
txn_013198,0,,legit
txn_013199,0,,legit
txn_013200,0,,legit
txn_013201,0,,legit
txn_013202,0,,legit
txn_013203,0,,legit
txn_013204,0,,legit
txn_013205,0,,legit
txn_013206,0,,legit
txn_013207,0,,legit
txn_013208,0,,legit
txn_013209,0,,legit
txn_013210,0,,legit
txn_013211,0,,legit
txn_013212,0,,legit
txn_013213,0,,legit
txn_013214,0,,legit
txn_013215,0,,legit
txn_013216,0,,legit
txn_013217,0,,legit
txn_013218,0,,legit
txn_013219,0,,legit
txn_013220,0,,legit
txn_013221,0,,legit
txn_013222,0,,legit
txn_013223,0,,legit
txn_013224,0,,legit
txn_013225,0,,legit
txn_013226,0,,legit
txn_013227,0,,legit
txn_013228,0,,legit
txn_013229,0,,legit
txn_013230,0,,legit
txn_013231,0,,legit
txn_013232,0,,legit
txn_013233,0,,legit
txn_013234,0,,legit
txn_013235,0,,legit
txn_013236,0,,legit
txn_013237,0,,legit
txn_013238,0,,legit
txn_013239,0,,legit
txn_013240,0,,legit
txn_013241,0,,legit
txn_013242,0,,legit
txn_013243,0,,legit
txn_013244,0,,legit
txn_013245,0,,legit
txn_013246,0,,legit
txn_013247,0,,legit
txn_013248,0,,legit
txn_013249,0,,legit
txn_013250,0,,legit
txn_013251,0,,legit
txn_013252,0,,legit
txn_013253,0,,legit
txn_013254,0,,legit
txn_013255,0,,legit
txn_013256,0,,legit
txn_013257,0,,legit
txn_013258,0,,legit
txn_013259,0,,legit
txn_013260,0,,legit
txn_013261,0,,legit
txn_013262,0,,legit
txn_013263,0,,legit
txn_013264,0,,legit
txn_013265,0,,legit
txn_013266,0,,legit
txn_013267,0,,legit
txn_013268,0,,legit
txn_013269,0,,legit
txn_013270,0,,hard_neg_travel
txn_013271,0,,hard_neg_travel
txn_013272,0,,hard_neg_travel
txn_013273,0,,hard_neg_travel
txn_013274,0,,hard_neg_travel
txn_013275,0,,hard_neg_travel
txn_013276,0,,hard_neg_travel
txn_013277,0,,hard_neg_travel
txn_013278,0,,hard_neg_travel
txn_013279,0,,hard_neg_travel
txn_013280,0,,hard_neg_travel
txn_013281,0,,hard_neg_travel
txn_013282,0,,hard_neg_travel
txn_013283,0,,hard_neg_travel
txn_013284,0,,hard_neg_travel
txn_013285,0,,hard_neg_travel
txn_013286,0,,hard_neg_travel
txn_013287,0,,hard_neg_travel
txn_013288,0,,hard_neg_travel
txn_013289,0,,hard_neg_travel
txn_013290,0,,hard_neg_travel
txn_013291,0,,hard_neg_travel
txn_013292,0,,hard_neg_travel
txn_013293,0,,hard_neg_travel
txn_013294,0,,hard_neg_travel
txn_013295,0,,hard_neg_travel
txn_013296,0,,hard_neg_travel
txn_013297,0,,legit
txn_013298,0,,legit
txn_013299,0,,legit
txn_013300,0,,legit
txn_013301,0,,legit
txn_013302,0,,legit
txn_013303,0,,legit
txn_013304,0,,legit
txn_013305,0,,legit
txn_013306,0,,legit
txn_013307,0,,legit
txn_013308,0,,legit
txn_013309,0,,legit
txn_013310,0,,legit
txn_013311,0,,legit
txn_013312,0,,legit
txn_013313,0,,legit
txn_013314,0,,legit
txn_013315,0,,legit
txn_013316,0,,legit
txn_013317,0,,legit
txn_013318,0,,legit
txn_013319,0,,legit
txn_013320,0,,legit
txn_013321,0,,legit
txn_013322,0,,legit
txn_013323,0,,legit
txn_013324,0,,legit
txn_013325,0,,legit
txn_013326,0,,legit
txn_013327,0,,legit
txn_013328,0,,legit
txn_013329,0,,legit
txn_013330,0,,legit
txn_013331,0,,legit
txn_013332,0,,legit
txn_013333,0,,legit
txn_013334,0,,legit
txn_013335,0,,legit
txn_013336,0,,legit
txn_013337,0,,legit
txn_013338,0,,legit
txn_013339,0,,legit
txn_013340,0,,legit
txn_013341,0,,legit
txn_013342,0,,legit
txn_013343,0,,legit
txn_013344,0,,legit
txn_013345,0,,legit
txn_013346,0,,legit
txn_013347,0,,legit
txn_013348,0,,legit
txn_013349,0,,legit
txn_013350,0,,legit
txn_013351,0,,legit
txn_013352,0,,legit
txn_013353,0,,legit
txn_013354,0,,legit
txn_013355,0,,legit
txn_013356,0,,legit
txn_013357,0,,legit
txn_013358,0,,legit
txn_013359,0,,legit
txn_013360,0,,legit
txn_013361,0,,legit
txn_013362,0,,legit
txn_013363,0,,legit
txn_013364,0,,legit
txn_013365,0,,legit
txn_013366,0,,legit
txn_013367,0,,legit
txn_013368,0,,legit
txn_013369,0,,legit
txn_013370,0,,legit
txn_013371,0,,legit
txn_013372,0,,legit
txn_013373,0,,legit
txn_013374,0,,legit
txn_013375,0,,legit
txn_013376,0,,legit
txn_013377,0,,legit
txn_013378,0,,legit
txn_013379,0,,legit
txn_013380,0,,legit
txn_013381,0,,legit
txn_013382,0,,legit
txn_013383,0,,legit
txn_013384,0,,legit
txn_013385,0,,legit
txn_013386,0,,legit
txn_013387,0,,legit
txn_013388,0,,legit
txn_013389,0,,legit
txn_013390,0,,legit
txn_013391,0,,legit
txn_013392,0,,legit
txn_013393,0,,legit
txn_013394,0,,legit
txn_013395,0,,legit
txn_013396,0,,legit
txn_013397,0,,legit
txn_013398,0,,legit
txn_013399,0,,legit
txn_013400,0,,legit
txn_013401,0,,legit
txn_013402,0,,legit
txn_013403,0,,legit
txn_013404,0,,legit
txn_013405,0,,legit
txn_013406,0,,legit
txn_013407,0,,legit
txn_013408,0,,legit
txn_013409,0,,legit
txn_013410,0,,legit
txn_013411,0,,legit
txn_013412,0,,legit
txn_013413,0,,legit
txn_013414,0,,legit
txn_013415,0,,legit
txn_013416,0,,legit
txn_013417,0,,legit
txn_013418,0,,legit
txn_013419,0,,legit
txn_013420,0,,legit
txn_013421,0,,legit
txn_013422,0,,legit
txn_013423,0,,legit
txn_013424,0,,legit
txn_013425,0,,legit
txn_013426,0,,legit
txn_013427,0,,legit
txn_013428,0,,legit
txn_013429,0,,legit
txn_013430,0,,legit
txn_013431,0,,legit
txn_013432,0,,legit
txn_013433,0,,legit
txn_013434,0,,legit
txn_013435,0,,legit
txn_013436,0,,legit
txn_013437,0,,legit
txn_013438,0,,legit
txn_013439,0,,legit
txn_013440,0,,legit
txn_013441,0,,legit
txn_013442,0,,legit
txn_013443,0,,legit
txn_013444,0,,legit
txn_013445,0,,legit
txn_013446,0,,legit
txn_013447,0,,legit
txn_013448,0,,legit
txn_013449,0,,legit
txn_013450,0,,legit
txn_013451,0,,legit
txn_013452,0,,legit
txn_013453,0,,legit
txn_013454,0,,legit
txn_013455,0,,legit
txn_013456,0,,legit
txn_013457,0,,legit
txn_013458,0,,legit
txn_013459,0,,legit
txn_013460,0,,legit
txn_013461,0,,legit
txn_013462,0,,legit
txn_013463,0,,legit
txn_013464,0,,legit
txn_013465,0,,legit
txn_013466,0,,legit
txn_013467,0,,legit
txn_013468,0,,legit
txn_013469,0,,legit
txn_013470,0,,legit
txn_013471,0,,legit
txn_013472,0,,legit
txn_013473,0,,legit
txn_013474,0,,legit
txn_013475,0,,legit
txn_013476,0,,legit
txn_013477,0,,legit
txn_013478,0,,legit
txn_013479,0,,legit
txn_013480,0,,legit
txn_013481,0,,legit
txn_013482,0,,legit
txn_013483,0,,legit
txn_013484,0,,legit
txn_013485,0,,legit
txn_013486,0,,legit
txn_013487,0,,legit
txn_013488,0,,legit
txn_013489,0,,legit
txn_013490,0,,legit
txn_013491,0,,legit
txn_013492,0,,legit
txn_013493,0,,legit
txn_013494,0,,legit
txn_013495,0,,legit
txn_013496,0,,legit
txn_013497,0,,legit
txn_013498,0,,legit
txn_013499,0,,legit
txn_013500,0,,legit
txn_013501,0,,legit
txn_013502,0,,legit
txn_013503,0,,legit
txn_013504,0,,legit
txn_013505,0,,legit
txn_013506,0,,legit
txn_013507,0,,legit
txn_013508,0,,legit
txn_013509,0,,legit
txn_013510,0,,legit
txn_013511,0,,legit
txn_013512,0,,legit
txn_013513,0,,legit
txn_013514,0,,legit
txn_013515,0,,legit
txn_013516,0,,legit
txn_013517,0,,legit
txn_013518,0,,legit
txn_013519,0,,legit
txn_013520,0,,legit
txn_013521,0,,legit
txn_013522,0,,legit
txn_013523,0,,legit
txn_013524,0,,legit
txn_013525,0,,legit
txn_013526,0,,legit
txn_013527,0,,legit
txn_013528,0,,legit
txn_013529,0,,legit
txn_013530,0,,legit
txn_013531,0,,legit
txn_013532,0,,legit
txn_013533,0,,legit
txn_013534,0,,legit
txn_013535,0,,legit
txn_013536,0,,legit
txn_013537,0,,legit
txn_013538,0,,legit
txn_013539,0,,legit
txn_013540,0,,legit
txn_013541,0,,legit
txn_013542,0,,legit
txn_013543,0,,legit
txn_013544,0,,legit
txn_013545,0,,legit
txn_013546,0,,legit
txn_013547,0,,legit
txn_013548,0,,legit
txn_013549,0,,legit
txn_013550,0,,legit
txn_013551,0,,legit
txn_013552,0,,legit
txn_013553,0,,legit
txn_013554,0,,legit
txn_013555,0,,legit
txn_013556,0,,legit
txn_013557,0,,legit
txn_013558,0,,legit
txn_013559,0,,legit
txn_013560,0,,legit
txn_013561,0,,legit
txn_013562,0,,legit
txn_013563,0,,legit
txn_013564,0,,legit
txn_013565,0,,legit
txn_013566,0,,legit
txn_013567,0,,legit
txn_013568,0,,legit
txn_013569,0,,legit
txn_013570,0,,legit
txn_013571,0,,legit
txn_013572,0,,legit
txn_013573,0,,legit
txn_013574,0,,legit
txn_013575,0,,legit
txn_013576,0,,legit
txn_013577,0,,legit
txn_013578,0,,legit
txn_013579,0,,legit
txn_013580,0,,legit
txn_013581,0,,legit
txn_013582,0,,legit
txn_013583,0,,legit
txn_013584,0,,legit
txn_013585,0,,legit
txn_013586,0,,legit
txn_013587,0,,legit
txn_013588,0,,legit
txn_013589,0,,legit
txn_013590,0,,legit
txn_013591,0,,legit
txn_013592,0,,legit
txn_013593,0,,legit
txn_013594,0,,legit
txn_013595,0,,legit
txn_013596,0,,legit
txn_013597,0,,legit
txn_013598,0,,legit
txn_013599,0,,legit
txn_013600,0,,legit
txn_013601,0,,legit
txn_013602,0,,legit
txn_013603,0,,legit
txn_013604,0,,legit
txn_013605,0,,legit
txn_013606,0,,legit
txn_013607,0,,legit
txn_013608,0,,legit
txn_013609,0,,legit
txn_013610,0,,legit
txn_013611,0,,legit
txn_013612,0,,legit
txn_013613,0,,legit
txn_013614,0,,legit
txn_013615,0,,legit
txn_013616,0,,legit
txn_013617,0,,legit
txn_013618,0,,legit
txn_013619,0,,legit
txn_013620,0,,legit
txn_013621,0,,legit
txn_013622,0,,legit
txn_013623,0,,legit
txn_013624,0,,legit
txn_013625,0,,legit
txn_013626,0,,legit
txn_013627,0,,legit
txn_013628,0,,legit
txn_013629,0,,legit
txn_013630,0,,legit
txn_013631,0,,legit
txn_013632,0,,legit
txn_013633,0,,hard_neg_festival
txn_013634,0,,hard_neg_festival
txn_013635,0,,hard_neg_festival
txn_013636,0,,hard_neg_festival
txn_013637,0,,hard_neg_festival
txn_013638,0,,hard_neg_festival
txn_013639,0,,hard_neg_festival
txn_013640,0,,hard_neg_festival
txn_013641,0,,hard_neg_festival
txn_013642,0,,hard_neg_festival
txn_013643,0,,hard_neg_festival
txn_013644,0,,hard_neg_festival
txn_013645,0,,hard_neg_festival
txn_013646,0,,hard_neg_festival
txn_013647,0,,hard_neg_festival
txn_013648,0,,hard_neg_festival
txn_013649,0,,hard_neg_festival
txn_013650,0,,hard_neg_festival
txn_013651,0,,hard_neg_festival
txn_013652,0,,hard_neg_festival
txn_013653,0,,hard_neg_festival
txn_013654,0,,hard_neg_festival
txn_013655,0,,hard_neg_festival
txn_013656,0,,hard_neg_festival
txn_013657,0,,hard_neg_festival
txn_013658,0,,hard_neg_festival
txn_013659,0,,hard_neg_festival
txn_013660,0,,legit
txn_013661,0,,legit
txn_013662,0,,legit
txn_013663,0,,legit
txn_013664,0,,legit
txn_013665,0,,legit
txn_013666,0,,legit
txn_013667,0,,legit
txn_013668,0,,legit
txn_013669,0,,legit
txn_013670,0,,legit
txn_013671,0,,legit
txn_013672,0,,legit
txn_013673,0,,legit
txn_013674,0,,legit
txn_013675,0,,legit
txn_013676,0,,legit
txn_013677,0,,legit
txn_013678,0,,legit
txn_013679,0,,legit
txn_013680,0,,legit
txn_013681,0,,legit
txn_013682,0,,legit
txn_013683,0,,legit
txn_013684,0,,legit
txn_013685,0,,legit
txn_013686,0,,legit
txn_013687,0,,legit
txn_013688,0,,legit
txn_013689,0,,legit
txn_013690,0,,legit
txn_013691,0,,legit
txn_013692,0,,legit
txn_013693,0,,legit
txn_013694,0,,legit
txn_013695,0,,legit
txn_013696,0,,legit
txn_013697,0,,legit
txn_013698,0,,legit
txn_013699,0,,legit
txn_013700,0,,legit
txn_013701,0,,legit
txn_013702,0,,legit
txn_013703,0,,legit
txn_013704,0,,legit
txn_013705,0,,legit
txn_013706,0,,legit
txn_013707,0,,legit
txn_013708,0,,legit
txn_013709,0,,legit
txn_013710,0,,legit
txn_013711,0,,legit
txn_013712,0,,legit
txn_013713,0,,legit
txn_013714,0,,legit
txn_013715,0,,legit
txn_013716,0,,legit
txn_013717,0,,legit
txn_013718,0,,legit
txn_013719,0,,legit
txn_013720,0,,legit
txn_013721,0,,legit
txn_013722,0,,legit
txn_013723,0,,legit
txn_013724,0,,legit
txn_013725,0,,legit
txn_013726,0,,legit
txn_013727,0,,legit
txn_013728,0,,legit
txn_013729,0,,legit
txn_013730,0,,legit
txn_013731,0,,legit
txn_013732,0,,legit
txn_013733,0,,legit
txn_013734,0,,legit
txn_013735,0,,legit
txn_013736,0,,legit
txn_013737,0,,legit
txn_013738,0,,legit
txn_013739,0,,legit
txn_013740,0,,legit
txn_013741,0,,legit
txn_013742,0,,legit
txn_013743,0,,legit
txn_013744,0,,legit
txn_013745,0,,legit
txn_013746,0,,legit
txn_013747,0,,legit
txn_013748,0,,legit
txn_013749,0,,legit
txn_013750,0,,legit
txn_013751,0,,legit
txn_013752,0,,legit
txn_013753,0,,legit
txn_013754,0,,legit
txn_013755,0,,legit
txn_013756,0,,legit
txn_013757,0,,legit
txn_013758,0,,legit
txn_013759,0,,legit
txn_013760,0,,legit
txn_013761,0,,legit
txn_013762,0,,legit
txn_013763,0,,legit
txn_013764,0,,legit
txn_013765,0,,legit
txn_013766,0,,legit
txn_013767,0,,legit
txn_013768,0,,legit
txn_013769,0,,legit
txn_013770,0,,legit
txn_013771,0,,legit
txn_013772,0,,legit
txn_013773,0,,legit
txn_013774,0,,legit
txn_013775,0,,legit
txn_013776,0,,legit
txn_013777,0,,legit
txn_013778,0,,legit
txn_013779,0,,legit
txn_013780,0,,legit
txn_013781,0,,legit
txn_013782,0,,legit
txn_013783,0,,legit
txn_013784,0,,legit
txn_013785,0,,legit
txn_013786,0,,legit
txn_013787,0,,legit
txn_013788,0,,legit
txn_013789,0,,legit
txn_013790,0,,legit
txn_013791,0,,legit
txn_013792,0,,legit
txn_013793,0,,legit
txn_013794,0,,legit
txn_013795,0,,legit
txn_013796,0,,legit
txn_013797,0,,legit
txn_013798,0,,legit
txn_013799,0,,legit
txn_013800,0,,legit
txn_013801,0,,legit
txn_013802,0,,legit
txn_013803,0,,legit
txn_013804,0,,legit
txn_013805,0,,legit
txn_013806,0,,legit
txn_013807,0,,legit
txn_013808,0,,legit
txn_013809,0,,legit
txn_013810,0,,legit
txn_013811,0,,legit
txn_013812,0,,legit
txn_013813,0,,legit
txn_013814,0,,legit
txn_013815,0,,legit
txn_013816,0,,legit
txn_013817,0,,legit
txn_013818,0,,legit
txn_013819,0,,legit
txn_013820,0,,legit
txn_013821,0,,legit
txn_013822,0,,legit
txn_013823,0,,legit
txn_013824,0,,legit
txn_013825,0,,legit
txn_013826,0,,legit
txn_013827,0,,legit
txn_013828,0,,legit
txn_013829,0,,legit
txn_013830,0,,legit
txn_013831,0,,legit
txn_013832,0,,legit
txn_013833,0,,legit
txn_013834,0,,legit
txn_013835,0,,legit
txn_013836,0,,legit
txn_013837,0,,legit
txn_013838,0,,legit
txn_013839,0,,legit
txn_013840,0,,legit
txn_013841,0,,legit
txn_013842,0,,legit
txn_013843,0,,legit
txn_013844,0,,legit
txn_013845,0,,legit
txn_013846,0,,legit
txn_013847,0,,legit
txn_013848,0,,legit
txn_013849,0,,legit
txn_013850,0,,legit
txn_013851,0,,legit
txn_013852,0,,legit
txn_013853,0,,legit
txn_013854,0,,legit
txn_013855,0,,legit
txn_013856,0,,legit
txn_013857,0,,legit
txn_013858,0,,legit
txn_013859,0,,legit
txn_013860,0,,legit
txn_013861,0,,legit
txn_013862,0,,legit
txn_013863,0,,legit
txn_013864,0,,legit
txn_013865,0,,legit
txn_013866,0,,legit
txn_013867,0,,legit
txn_013868,0,,legit
txn_013869,0,,legit
txn_013870,0,,legit
txn_013871,0,,legit
txn_013872,0,,legit
txn_013873,0,,legit
txn_013874,0,,legit
txn_013875,0,,legit
txn_013876,0,,legit
txn_013877,0,,legit
txn_013878,0,,legit
txn_013879,0,,legit
txn_013880,0,,legit
txn_013881,0,,legit
txn_013882,0,,legit
txn_013883,0,,legit
txn_013884,0,,legit
txn_013885,0,,legit
txn_013886,0,,legit
txn_013887,0,,legit
txn_013888,0,,legit
txn_013889,0,,legit
txn_013890,0,,legit
txn_013891,0,,legit
txn_013892,0,,legit
txn_013893,0,,legit
txn_013894,0,,legit
txn_013895,0,,legit
txn_013896,0,,legit
txn_013897,0,,legit
txn_013898,0,,legit
txn_013899,0,,legit
txn_013900,0,,legit
txn_013901,0,,legit
txn_013902,0,,legit
txn_013903,0,,legit
txn_013904,0,,legit
txn_013905,0,,legit
txn_013906,0,,legit
txn_013907,0,,legit
txn_013908,0,,legit
txn_013909,0,,legit
txn_013910,0,,legit
txn_013911,0,,legit
txn_013912,0,,legit
txn_013913,0,,legit
txn_013914,0,,legit
txn_013915,0,,legit
txn_013916,0,,legit
txn_013917,0,,legit
txn_013918,0,,legit
txn_013919,0,,legit
txn_013920,0,,legit
txn_013921,0,,legit
txn_013922,0,,legit
txn_013923,0,,legit
txn_013924,0,,legit
txn_013925,0,,legit
txn_013926,0,,legit
txn_013927,0,,legit
txn_013928,0,,legit
txn_013929,0,,legit
txn_013930,0,,legit
txn_013931,0,,legit
txn_013932,0,,legit
txn_013933,0,,legit
txn_013934,0,,legit
txn_013935,0,,legit
txn_013936,0,,legit
txn_013937,0,,legit
txn_013938,0,,legit
txn_013939,0,,legit
txn_013940,0,,legit
txn_013941,0,,legit
txn_013942,0,,legit
txn_013943,0,,legit
txn_013944,0,,legit
txn_013945,0,,legit
txn_013946,0,,legit
txn_013947,0,,legit
txn_013948,0,,legit
txn_013949,0,,legit
txn_013950,0,,legit
txn_013951,0,,legit
txn_013952,0,,legit
txn_013953,0,,legit
txn_013954,0,,legit
txn_013955,0,,legit
txn_013956,0,,legit
txn_013957,0,,legit
txn_013958,0,,legit
txn_013959,0,,legit
txn_013960,0,,legit
txn_013961,0,,legit
txn_013962,0,,legit
txn_013963,0,,legit
txn_013964,0,,legit
txn_013965,0,,legit
txn_013966,0,,legit
txn_013967,0,,legit
txn_013968,0,,legit
txn_013969,0,,legit
txn_013970,0,,legit
txn_013971,0,,legit
txn_013972,0,,legit
txn_013973,0,,legit
txn_013974,0,,legit
txn_013975,0,,legit
txn_013976,0,,legit
txn_013977,0,,legit
txn_013978,0,,legit
txn_013979,0,,legit
txn_013980,0,,legit
txn_013981,0,,legit
txn_013982,0,,legit
txn_013983,0,,legit
txn_013984,0,,legit
txn_013985,0,,legit
txn_013986,0,,legit
txn_013987,0,,legit
txn_013988,0,,legit
txn_013989,0,,legit
txn_013990,0,,legit
txn_013991,0,,legit
txn_013992,0,,legit
txn_013993,0,,legit
txn_013994,0,,legit
txn_013995,0,,legit
txn_013996,0,,legit
txn_013997,0,,legit
txn_013998,0,,legit
txn_013999,0,,legit
txn_014000,0,,legit
txn_014001,0,,legit
txn_014002,0,,legit
txn_014003,0,,legit
txn_014004,0,,legit
txn_014005,0,,legit
txn_014006,0,,legit
txn_014007,0,,legit
txn_014008,0,,legit
txn_014009,0,,legit
txn_014010,0,,legit
txn_014011,0,,legit
txn_014012,0,,legit
txn_014013,0,,legit
txn_014014,0,,legit
txn_014015,0,,legit
txn_014016,0,,legit
txn_014017,0,,legit
txn_014018,0,,legit
txn_014019,0,,legit
txn_014020,0,,legit
txn_014021,0,,legit
txn_014022,0,,legit
txn_014023,0,,legit
txn_014024,0,,legit
txn_014025,0,,legit
txn_014026,0,,legit
txn_014027,0,,legit
txn_014028,0,,legit
txn_014029,0,,legit
txn_014030,0,,legit
txn_014031,0,,legit
txn_014032,0,,legit
txn_014033,0,,legit
txn_014034,0,,legit
txn_014035,0,,legit
txn_014036,0,,legit
txn_014037,0,,legit
txn_014038,0,,legit
txn_014039,0,,legit
txn_014040,0,,legit
txn_014041,0,,legit
txn_014042,0,,legit
txn_014043,0,,legit
txn_014044,0,,legit
txn_014045,0,,legit
txn_014046,0,,legit
txn_014047,0,,legit
txn_014048,0,,legit
txn_014049,0,,legit
txn_014050,0,,legit
txn_014051,0,,legit
txn_014052,0,,legit
txn_014053,0,,legit
txn_014054,0,,legit
txn_014055,0,,legit
txn_014056,0,,legit
txn_014057,0,,legit
txn_014058,0,,legit
txn_014059,0,,legit
txn_014060,0,,legit
txn_014061,0,,legit
txn_014062,0,,legit
txn_014063,0,,legit
txn_014064,0,,legit
txn_014065,0,,legit
txn_014066,0,,legit
txn_014067,0,,legit
txn_014068,0,,legit
txn_014069,0,,legit
txn_014070,0,,legit
txn_014071,0,,legit
txn_014072,0,,legit
txn_014073,0,,legit
txn_014074,0,,legit
txn_014075,0,,legit
txn_014076,0,,legit
txn_014077,0,,legit
txn_014078,0,,legit
txn_014079,0,,legit
txn_014080,0,,legit
txn_014081,0,,legit
txn_014082,0,,legit
txn_014083,0,,legit
txn_014084,0,,legit
txn_014085,0,,legit
txn_014086,0,,legit
txn_014087,0,,legit
txn_014088,0,,legit
txn_014089,0,,legit
txn_014090,0,,legit
txn_014091,0,,legit
txn_014092,0,,legit
txn_014093,0,,legit
txn_014094,0,,legit
txn_014095,0,,legit
txn_014096,0,,legit
txn_014097,0,,legit
txn_014098,0,,legit
txn_014099,0,,legit
txn_014100,0,,legit
txn_014101,0,,legit
txn_014102,0,,legit
txn_014103,0,,legit
txn_014104,0,,legit
txn_014105,0,,legit
txn_014106,0,,legit
txn_014107,0,,legit
txn_014108,0,,legit
txn_014109,0,,legit
txn_014110,0,,legit
txn_014111,0,,legit
txn_014112,0,,legit
txn_014113,0,,legit
txn_014114,0,,legit
txn_014115,0,,legit
txn_014116,0,,legit
txn_014117,0,,legit
txn_014118,0,,legit
txn_014119,0,,legit
txn_014120,0,,legit
txn_014121,0,,legit
txn_014122,0,,legit
txn_014123,0,,legit
txn_014124,0,,legit
txn_014125,0,,legit
txn_014126,0,,legit
txn_014127,0,,legit
txn_014128,0,,legit
txn_014129,0,,legit
txn_014130,0,,legit
txn_014131,0,,legit
txn_014132,0,,legit
txn_014133,0,,legit
txn_014134,0,,legit
txn_014135,0,,legit
txn_014136,0,,legit
txn_014137,0,,legit
txn_014138,0,,legit
txn_014139,0,,legit
txn_014140,0,,legit
txn_014141,0,,legit
txn_014142,0,,legit
txn_014143,0,,legit
txn_014144,0,,legit
txn_014145,0,,legit
txn_014146,0,,legit
txn_014147,0,,legit
txn_014148,0,,legit
txn_014149,0,,legit
txn_014150,0,,legit
txn_014151,0,,legit
txn_014152,0,,legit
txn_014153,0,,legit
txn_014154,0,,legit
txn_014155,0,,legit
txn_014156,0,,legit
txn_014157,0,,legit
txn_014158,0,,legit
txn_014159,0,,legit
txn_014160,0,,legit
txn_014161,0,,legit
txn_014162,0,,legit
txn_014163,0,,legit
txn_014164,0,,legit
txn_014165,0,,legit
txn_014166,0,,legit
txn_014167,0,,legit
txn_014168,0,,legit
txn_014169,0,,legit
txn_014170,0,,legit
txn_014171,0,,legit
txn_014172,0,,legit
txn_014173,0,,legit
txn_014174,0,,legit
txn_014175,0,,legit
txn_014176,0,,legit
txn_014177,0,,legit
txn_014178,0,,legit
txn_014179,0,,legit
txn_014180,0,,legit
txn_014181,0,,legit
txn_014182,0,,legit
txn_014183,0,,legit
txn_014184,0,,legit
txn_014185,0,,legit
txn_014186,0,,legit
txn_014187,0,,legit
txn_014188,0,,legit
txn_014189,0,,legit
txn_014190,0,,legit
txn_014191,0,,legit
txn_014192,0,,legit
txn_014193,0,,legit
txn_014194,0,,legit
txn_014195,0,,legit
txn_014196,0,,legit
txn_014197,0,,legit
txn_014198,0,,legit
txn_014199,0,,legit
txn_014200,0,,legit
txn_014201,0,,legit
txn_014202,0,,legit
txn_014203,0,,legit
txn_014204,0,,legit
txn_014205,0,,legit
txn_014206,0,,legit
txn_014207,0,,legit
txn_014208,0,,legit
txn_014209,0,,legit
txn_014210,0,,legit
txn_014211,0,,legit
txn_014212,0,,legit
txn_014213,0,,legit
txn_014214,0,,legit
txn_014215,0,,legit
txn_014216,0,,legit
txn_014217,0,,legit
txn_014218,0,,legit
txn_014219,0,,legit
txn_014220,0,,legit
txn_014221,0,,legit
txn_014222,0,,legit
txn_014223,0,,legit
txn_014224,0,,legit
txn_014225,0,,legit
txn_014226,0,,legit
txn_014227,0,,legit
txn_014228,0,,legit
txn_014229,0,,legit
txn_014230,0,,legit
txn_014231,0,,legit
txn_014232,0,,legit
txn_014233,0,,legit
txn_014234,0,,legit
txn_014235,0,,legit
txn_014236,0,,legit
txn_014237,0,,legit
txn_014238,0,,legit
txn_014239,0,,legit
txn_014240,0,,legit
txn_014241,0,,legit
txn_014242,0,,legit
txn_014243,0,,legit
txn_014244,0,,legit
txn_014245,0,,legit
txn_014246,0,,legit
txn_014247,0,,legit
txn_014248,0,,legit
txn_014249,0,,legit
txn_014250,0,,legit
txn_014251,0,,legit
txn_014252,0,,legit
txn_014253,0,,legit
txn_014254,0,,legit
txn_014255,0,,legit
txn_014256,0,,legit
txn_014257,0,,legit
txn_014258,0,,legit
txn_014259,0,,legit
txn_014260,0,,legit
txn_014261,0,,legit
txn_014262,0,,legit
txn_014263,0,,legit
txn_014264,0,,legit
txn_014265,0,,legit
txn_014266,0,,legit
txn_014267,0,,legit
txn_014268,0,,legit
txn_014269,0,,legit
txn_014270,0,,legit
txn_014271,0,,legit
txn_014272,0,,legit
txn_014273,0,,legit
txn_014274,0,,legit
txn_014275,0,,legit
txn_014276,0,,legit
txn_014277,0,,legit
txn_014278,0,,legit
txn_014279,0,,legit
txn_014280,0,,legit
txn_014281,0,,legit
txn_014282,0,,legit
txn_014283,0,,legit
txn_014284,0,,legit
txn_014285,0,,legit
txn_014286,0,,legit
txn_014287,0,,legit
txn_014288,0,,legit
txn_014289,0,,legit
txn_014290,0,,legit
txn_014291,0,,legit
txn_014292,0,,legit
txn_014293,0,,legit
txn_014294,0,,legit
txn_014295,0,,legit
txn_014296,0,,legit
txn_014297,0,,legit
txn_014298,0,,legit
txn_014299,0,,legit
txn_014300,0,,legit
txn_014301,0,,legit
txn_014302,0,,legit
txn_014303,0,,legit
txn_014304,0,,legit
txn_014305,0,,legit
txn_014306,0,,legit
txn_014307,0,,legit
txn_014308,0,,legit
txn_014309,0,,legit
txn_014310,0,,legit
txn_014311,0,,legit
txn_014312,0,,legit
txn_014313,0,,legit
txn_014314,0,,legit
txn_014315,0,,legit
txn_014316,0,,legit
txn_014317,0,,legit
txn_014318,0,,legit
txn_014319,0,,legit
txn_014320,0,,legit
txn_014321,0,,legit
txn_014322,0,,legit
txn_014323,0,,legit
txn_014324,0,,legit
txn_014325,0,,legit
txn_014326,0,,legit
txn_014327,0,,legit
txn_014328,0,,legit
txn_014329,0,,legit
txn_014330,0,,legit
txn_014331,0,,legit
txn_014332,0,,legit
txn_014333,0,,legit
txn_014334,0,,legit
txn_014335,0,,legit
txn_014336,0,,legit
txn_014337,0,,legit
txn_014338,0,,legit
txn_014339,0,,legit
txn_014340,0,,legit
txn_014341,0,,legit
txn_014342,0,,legit
txn_014343,0,,legit
txn_014344,0,,legit
txn_014345,0,,legit
txn_014346,0,,legit
txn_014347,0,,legit
txn_014348,0,,legit
txn_014349,0,,legit
txn_014350,0,,legit
txn_014351,0,,legit
txn_014352,0,,legit
txn_014353,0,,legit
txn_014354,0,,legit
txn_014355,0,,legit
txn_014356,0,,legit
txn_014357,0,,legit
txn_014358,0,,legit
txn_014359,0,,legit
txn_014360,0,,legit
txn_014361,0,,legit
txn_014362,0,,legit
txn_014363,0,,legit
txn_014364,0,,legit
txn_014365,0,,legit
txn_014366,0,,legit
txn_014367,0,,legit
txn_014368,0,,legit
txn_014369,0,,legit
txn_014370,0,,legit
txn_014371,0,,legit
txn_014372,0,,legit
txn_014373,0,,legit
txn_014374,0,,legit
txn_014375,0,,legit
txn_014376,0,,legit
txn_014377,0,,legit
txn_014378,0,,legit
txn_014379,0,,legit
txn_014380,0,,legit
txn_014381,0,,legit
txn_014382,0,,legit
txn_014383,0,,legit
txn_014384,0,,legit
txn_014385,0,,legit
txn_014386,0,,legit
txn_014387,0,,legit
txn_014388,0,,legit
txn_014389,0,,legit
txn_014390,0,,legit
txn_014391,0,,legit
txn_014392,0,,legit
txn_014393,0,,legit
txn_014394,0,,legit
txn_014395,0,,legit
txn_014396,0,,legit
txn_014397,0,,legit
txn_014398,0,,legit
txn_014399,0,,legit
txn_014400,0,,legit
txn_014401,0,,legit
txn_014402,0,,legit
txn_014403,0,,legit
txn_014404,0,,legit
txn_014405,0,,legit
txn_014406,0,,legit
txn_014407,0,,legit
txn_014408,0,,legit
txn_014409,0,,legit
txn_014410,0,,legit
txn_014411,0,,legit
txn_014412,0,,legit
txn_014413,0,,legit
txn_014414,0,,legit
txn_014415,0,,legit
txn_014416,0,,legit
txn_014417,0,,legit
txn_014418,0,,legit
txn_014419,0,,legit
txn_014420,0,,legit
txn_014421,0,,legit
txn_014422,0,,legit
txn_014423,0,,legit
txn_014424,0,,legit
txn_014425,0,,legit
txn_014426,0,,legit
txn_014427,0,,legit
txn_014428,0,,legit
txn_014429,0,,legit
txn_014430,0,,legit
txn_014431,0,,legit
txn_014432,0,,legit
txn_014433,0,,legit
txn_014434,0,,legit
txn_014435,0,,legit
txn_014436,0,,legit
txn_014437,0,,legit
txn_014438,0,,legit
txn_014439,0,,legit
txn_014440,0,,legit
txn_014441,0,,legit
txn_014442,0,,legit
txn_014443,0,,legit
txn_014444,0,,legit
txn_014445,0,,legit
txn_014446,0,,legit
txn_014447,0,,legit
txn_014448,0,,legit
txn_014449,0,,legit
txn_014450,0,,legit
txn_014451,0,,legit
txn_014452,0,,legit
txn_014453,0,,legit
txn_014454,0,,legit
txn_014455,0,,legit
txn_014456,0,,legit
txn_014457,0,,legit
txn_014458,0,,legit
txn_014459,0,,legit
txn_014460,0,,legit
txn_014461,0,,legit
txn_014462,0,,legit
txn_014463,0,,legit
txn_014464,0,,legit
txn_014465,0,,legit
txn_014466,0,,legit
txn_014467,0,,legit
txn_014468,0,,legit
txn_014469,0,,legit
txn_014470,0,,legit
txn_014471,0,,legit
txn_014472,0,,legit
txn_014473,0,,legit
txn_014474,0,,legit
txn_014475,0,,legit
txn_014476,0,,legit
txn_014477,0,,legit
txn_014478,0,,legit
txn_014479,0,,legit
txn_014480,0,,legit
txn_014481,0,,legit
txn_014482,0,,legit
txn_014483,0,,legit
txn_014484,0,,legit
txn_014485,0,,legit
txn_014486,0,,legit
txn_014487,0,,legit
txn_014488,0,,legit
txn_014489,0,,legit
txn_014490,0,,legit
txn_014491,0,,legit
txn_014492,0,,legit
txn_014493,0,,legit
txn_014494,0,,legit
txn_014495,0,,legit
txn_014496,0,,legit
txn_014497,0,,legit
txn_014498,0,,legit
txn_014499,0,,legit
txn_014500,0,,legit
txn_014501,0,,legit
txn_014502,0,,legit
txn_014503,0,,legit
txn_014504,0,,legit
txn_014505,0,,legit
txn_014506,0,,legit
txn_014507,0,,legit
txn_014508,0,,legit
txn_014509,0,,legit
txn_014510,0,,legit
txn_014511,0,,legit
txn_014512,0,,legit
txn_014513,0,,legit
txn_014514,0,,legit
txn_014515,0,,legit
txn_014516,0,,legit
txn_014517,0,,legit
txn_014518,0,,legit
txn_014519,0,,legit
txn_014520,0,,legit
txn_014521,0,,legit
txn_014522,0,,legit
txn_014523,0,,legit
txn_014524,0,,legit
txn_014525,0,,legit
txn_014526,0,,legit
txn_014527,0,,legit
txn_014528,0,,legit
txn_014529,0,,legit
txn_014530,0,,legit
txn_014531,0,,legit
txn_014532,0,,legit
txn_014533,0,,legit
txn_014534,0,,legit
txn_014535,0,,legit
txn_014536,0,,legit
txn_014537,0,,legit
txn_014538,0,,legit
txn_014539,0,,legit
txn_014540,0,,legit
txn_014541,0,,legit
txn_014542,0,,legit
txn_014543,0,,legit
txn_014544,0,,legit
txn_014545,0,,legit
txn_014546,0,,legit
txn_014547,0,,legit
txn_014548,0,,legit
txn_014549,0,,legit
txn_014550,0,,legit
txn_014551,0,,legit
txn_014552,0,,legit
txn_014553,0,,legit
txn_014554,0,,legit
txn_014555,0,,legit
txn_014556,0,,legit
txn_014557,0,,legit
txn_014558,0,,legit
txn_014559,0,,legit
txn_014560,0,,legit
txn_014561,0,,legit
txn_014562,0,,legit
txn_014563,0,,legit
txn_014564,0,,legit
txn_014565,0,,legit
txn_014566,0,,legit
txn_014567,0,,legit
txn_014568,0,,legit
txn_014569,0,,legit
txn_014570,0,,legit
txn_014571,0,,legit
txn_014572,0,,legit
txn_014573,0,,legit
txn_014574,0,,legit
txn_014575,0,,legit
txn_014576,0,,legit
txn_014577,0,,legit
txn_014578,0,,legit
txn_014579,0,,legit
txn_014580,0,,legit
txn_014581,0,,legit
txn_014582,0,,legit
txn_014583,0,,legit
txn_014584,0,,legit
txn_014585,0,,legit
txn_014586,0,,legit
txn_014587,0,,legit
txn_014588,0,,legit
txn_014589,0,,legit
txn_014590,0,,legit
txn_014591,0,,legit
txn_014592,0,,legit
txn_014593,0,,legit
txn_014594,0,,legit
txn_014595,0,,legit
txn_014596,0,,legit
txn_014597,0,,legit
txn_014598,0,,legit
txn_014599,0,,legit
txn_014600,0,,legit
txn_014601,0,,legit
txn_014602,0,,legit
txn_014603,0,,legit
txn_014604,0,,legit
txn_014605,0,,legit
txn_014606,0,,legit
txn_014607,0,,legit
txn_014608,0,,legit
txn_014609,0,,legit
txn_014610,0,,legit
txn_014611,0,,legit
txn_014612,0,,legit
txn_014613,0,,legit
txn_014614,0,,legit
txn_014615,0,,legit
txn_014616,0,,legit
txn_014617,0,,legit
txn_014618,0,,legit
txn_014619,0,,legit
txn_014620,0,,legit
txn_014621,0,,legit
txn_014622,0,,legit
txn_014623,0,,legit
txn_014624,0,,legit
txn_014625,0,,legit
txn_014626,0,,legit
txn_014627,0,,legit
txn_014628,0,,legit
txn_014629,0,,legit
txn_014630,0,,legit
txn_014631,0,,legit
txn_014632,0,,legit
txn_014633,0,,legit
txn_014634,0,,legit
txn_014635,0,,legit
txn_014636,0,,legit
txn_014637,0,,legit
txn_014638,0,,legit
txn_014639,0,,legit
txn_014640,0,,legit
txn_014641,0,,legit
txn_014642,0,,legit
txn_014643,0,,legit
txn_014644,0,,legit
txn_014645,0,,legit
txn_014646,0,,legit
txn_014647,0,,legit
txn_014648,0,,legit
txn_014649,0,,legit
txn_014650,0,,legit
txn_014651,0,,legit
txn_014652,0,,legit
txn_014653,0,,legit
txn_014654,0,,legit
txn_014655,0,,legit
txn_014656,0,,legit
txn_014657,0,,legit
txn_014658,0,,legit
txn_014659,0,,legit
txn_014660,0,,legit
txn_014661,0,,legit
txn_014662,0,,legit
txn_014663,0,,legit
txn_014664,0,,legit
txn_014665,0,,legit
txn_014666,0,,legit
txn_014667,0,,legit
txn_014668,0,,legit
txn_014669,0,,legit
txn_014670,0,,legit
txn_014671,0,,legit
txn_014672,0,,legit
txn_014673,0,,legit
txn_014674,0,,legit
txn_014675,0,,legit
txn_014676,0,,legit
txn_014677,0,,legit
txn_014678,0,,legit
txn_014679,0,,legit
txn_014680,0,,legit
txn_014681,0,,legit
txn_014682,0,,legit
txn_014683,0,,legit
txn_014684,0,,legit
txn_014685,0,,legit
txn_014686,0,,legit
txn_014687,0,,legit
txn_014688,0,,legit
txn_014689,0,,legit
txn_014690,0,,legit
txn_014691,0,,legit
txn_014692,0,,legit
txn_014693,0,,legit
txn_014694,0,,legit
txn_014695,0,,legit
txn_014696,0,,legit
txn_014697,0,,legit
txn_014698,0,,legit
txn_014699,0,,legit
txn_014700,0,,legit
txn_014701,0,,legit
txn_014702,0,,legit
txn_014703,0,,legit
txn_014704,0,,legit
txn_014705,0,,legit
txn_014706,0,,legit
txn_014707,0,,legit
txn_014708,0,,legit
txn_014709,0,,legit
txn_014710,0,,legit
txn_014711,0,,legit
txn_014712,0,,legit
txn_014713,0,,legit
txn_014714,0,,legit
txn_014715,0,,legit
txn_014716,0,,legit
txn_014717,0,,legit
txn_014718,0,,legit
txn_014719,0,,legit
txn_014720,0,,legit
txn_014721,0,,legit
txn_014722,0,,legit
txn_014723,0,,legit
txn_014724,0,,legit
txn_014725,0,,legit
txn_014726,0,,legit
txn_014727,0,,legit
txn_014728,0,,legit
txn_014729,0,,legit
txn_014730,0,,legit
txn_014731,0,,legit
txn_014732,0,,legit
txn_014733,0,,legit
txn_014734,0,,legit
txn_014735,0,,legit
txn_014736,0,,legit
txn_014737,0,,legit
txn_014738,0,,legit
txn_014739,0,,legit
txn_014740,0,,legit
txn_014741,0,,legit
txn_014742,0,,legit
txn_014743,0,,legit
txn_014744,0,,legit
txn_014745,0,,legit
txn_014746,0,,legit
txn_014747,0,,legit
txn_014748,0,,legit
txn_014749,0,,legit
txn_014750,0,,legit
txn_014751,0,,legit
txn_014752,0,,legit
txn_014753,0,,legit
txn_014754,0,,legit
txn_014755,0,,legit
txn_014756,0,,legit
txn_014757,0,,legit
txn_014758,0,,legit
txn_014759,0,,legit
txn_014760,0,,legit
txn_014761,0,,legit
txn_014762,0,,legit
txn_014763,0,,legit
txn_014764,0,,legit
txn_014765,0,,legit
txn_014766,0,,legit
txn_014767,0,,legit
txn_014768,0,,legit
txn_014769,0,,legit
txn_014770,0,,legit
txn_014771,0,,legit
txn_014772,0,,legit
txn_014773,0,,legit
txn_014774,0,,legit
txn_014775,0,,legit
txn_014776,0,,legit
txn_014777,0,,legit
txn_014778,0,,legit
txn_014779,0,,legit
txn_014780,0,,legit
txn_014781,0,,legit
txn_014782,0,,legit
txn_014783,0,,legit
txn_014784,0,,legit
txn_014785,0,,legit
txn_014786,0,,legit
txn_014787,0,,legit
txn_014788,0,,legit
txn_014789,0,,legit
txn_014790,0,,legit
txn_014791,0,,legit
txn_014792,0,,legit
txn_014793,0,,legit
txn_014794,0,,legit
txn_014795,0,,legit
txn_014796,0,,legit
txn_014797,0,,legit
txn_014798,0,,legit
txn_014799,0,,legit
txn_014800,0,,legit
txn_014801,0,,legit
txn_014802,0,,legit
txn_014803,0,,legit
txn_014804,0,,legit
txn_014805,0,,legit
txn_014806,0,,legit
txn_014807,0,,legit
txn_014808,0,,legit
txn_014809,0,,legit
txn_014810,0,,legit
txn_014811,0,,legit
txn_014812,0,,legit
txn_014813,0,,legit
txn_014814,0,,legit
txn_014815,0,,legit
txn_014816,0,,legit
txn_014817,0,,legit
txn_014818,0,,legit
txn_014819,0,,legit
txn_014820,0,,legit
txn_014821,0,,legit
txn_014822,0,,legit
txn_014823,0,,legit
txn_014824,0,,legit
txn_014825,0,,legit
txn_014826,0,,legit
txn_014827,0,,legit
txn_014828,0,,legit
txn_014829,0,,legit
txn_014830,0,,legit
txn_014831,0,,legit
txn_014832,0,,legit
txn_014833,0,,legit
txn_014834,0,,legit
txn_014835,0,,legit
txn_014836,0,,legit
txn_014837,0,,legit
txn_014838,0,,legit
txn_014839,0,,legit
txn_014840,0,,legit
txn_014841,0,,legit
txn_014842,0,,legit
txn_014843,0,,legit
txn_014844,0,,legit
txn_014845,0,,legit
txn_014846,0,,legit
txn_014847,0,,legit
txn_014848,0,,legit
txn_014849,0,,legit
txn_014850,0,,legit
txn_014851,0,,legit
txn_014852,0,,legit
txn_014853,0,,legit
txn_014854,0,,legit
txn_014855,0,,legit
txn_014856,0,,legit
txn_014857,0,,legit
txn_014858,0,,legit
txn_014859,0,,legit
txn_014860,0,,legit
txn_014861,0,,legit
txn_014862,0,,legit
txn_014863,0,,legit
txn_014864,0,,legit
txn_014865,0,,legit
txn_014866,0,,legit
txn_014867,0,,legit
txn_014868,0,,legit
txn_014869,0,,legit
txn_014870,0,,legit
txn_014871,0,,legit
txn_014872,0,,legit
txn_014873,0,,legit
txn_014874,0,,legit
txn_014875,0,,legit
txn_014876,0,,legit
txn_014877,0,,legit
txn_014878,0,,legit
txn_014879,0,,legit
txn_014880,0,,legit
txn_014881,0,,legit
txn_014882,0,,legit
txn_014883,0,,legit
txn_014884,0,,legit
txn_014885,0,,legit
txn_014886,0,,legit
txn_014887,0,,legit
txn_014888,0,,legit
txn_014889,0,,legit
txn_014890,0,,legit
txn_014891,0,,legit
txn_014892,0,,legit
txn_014893,0,,legit
txn_014894,0,,legit
txn_014895,0,,legit
txn_014896,0,,legit
txn_014897,0,,legit
txn_014898,0,,legit
txn_014899,0,,legit
txn_014900,0,,legit
txn_014901,0,,legit
txn_014902,0,,legit
txn_014903,0,,legit
txn_014904,0,,legit
txn_014905,0,,hard_neg_festival
txn_014906,0,,hard_neg_festival
txn_014907,0,,hard_neg_festival
txn_014908,0,,hard_neg_festival
txn_014909,0,,hard_neg_festival
txn_014910,0,,hard_neg_festival
txn_014911,0,,hard_neg_festival
txn_014912,0,,hard_neg_festival
txn_014913,0,,hard_neg_festival
txn_014914,0,,hard_neg_festival
txn_014915,0,,hard_neg_festival
txn_014916,0,,hard_neg_festival
txn_014917,0,,hard_neg_festival
txn_014918,0,,hard_neg_festival
txn_014919,0,,hard_neg_festival
txn_014920,0,,hard_neg_festival
txn_014921,0,,hard_neg_festival
txn_014922,0,,hard_neg_festival
txn_014923,0,,hard_neg_festival
txn_014924,0,,hard_neg_festival
txn_014925,0,,hard_neg_festival
txn_014926,0,,hard_neg_festival
txn_014927,0,,hard_neg_festival
txn_014928,0,,hard_neg_festival
txn_014929,0,,hard_neg_festival
txn_014930,0,,hard_neg_festival
txn_014931,0,,hard_neg_festival
txn_014932,0,,hard_neg_festival
txn_014933,0,,hard_neg_festival
txn_014934,0,,hard_neg_festival
txn_014935,0,,hard_neg_festival
txn_014936,0,,hard_neg_festival
txn_014937,0,,legit
txn_014938,0,,legit
txn_014939,0,,legit
txn_014940,0,,legit
txn_014941,0,,legit
txn_014942,0,,legit
txn_014943,0,,legit
txn_014944,0,,legit
txn_014945,0,,legit
txn_014946,0,,legit
txn_014947,0,,legit
txn_014948,0,,legit
txn_014949,0,,legit
txn_014950,0,,legit
txn_014951,0,,legit
txn_014952,0,,legit
txn_014953,0,,legit
txn_014954,0,,legit
txn_014955,0,,legit
txn_014956,0,,legit
txn_014957,0,,legit
txn_014958,0,,legit
txn_014959,0,,legit
txn_014960,0,,legit
txn_014961,0,,legit
txn_014962,0,,legit
txn_014963,0,,legit
txn_014964,0,,legit
txn_014965,0,,legit
txn_014966,0,,legit
txn_014967,0,,legit
txn_014968,0,,legit
txn_014969,0,,legit
txn_014970,0,,legit
txn_014971,0,,legit
txn_014972,0,,legit
txn_014973,0,,legit
txn_014974,0,,legit
txn_014975,0,,legit
txn_014976,0,,legit
txn_014977,0,,legit
txn_014978,0,,legit
txn_014979,0,,legit
txn_014980,0,,legit
txn_014981,0,,legit
txn_014982,0,,legit
txn_014983,0,,legit
txn_014984,0,,legit
txn_014985,0,,legit
txn_014986,0,,legit
txn_014987,0,,legit
txn_014988,0,,legit
txn_014989,0,,legit
txn_014990,0,,legit
txn_014991,0,,legit
txn_014992,0,,legit
txn_014993,0,,legit
txn_014994,0,,legit
txn_014995,0,,legit
txn_014996,0,,legit
txn_014997,0,,legit
txn_014998,0,,legit
txn_014999,0,,legit
txn_015000,0,,legit
txn_015001,0,,legit
txn_015002,0,,legit
txn_015003,0,,legit
txn_015004,0,,legit
txn_015005,0,,legit
txn_015006,0,,legit
txn_015007,0,,legit
txn_015008,0,,legit
txn_015009,0,,legit
txn_015010,0,,legit
txn_015011,0,,legit
txn_015012,0,,legit
txn_015013,0,,legit
txn_015014,0,,legit
txn_015015,0,,legit
txn_015016,0,,legit
txn_015017,0,,legit
txn_015018,0,,legit
txn_015019,0,,legit
txn_015020,0,,legit
txn_015021,0,,legit
txn_015022,0,,legit
txn_015023,0,,legit
txn_015024,0,,legit
txn_015025,0,,legit
txn_015026,0,,legit
txn_015027,0,,legit
txn_015028,0,,legit
txn_015029,0,,legit
txn_015030,0,,legit
txn_015031,0,,legit
txn_015032,0,,legit
txn_015033,0,,legit
txn_015034,0,,legit
txn_015035,0,,legit
txn_015036,0,,legit
txn_015037,0,,legit
txn_015038,0,,legit
txn_015039,0,,legit
txn_015040,0,,legit
txn_015041,0,,legit
txn_015042,0,,legit
txn_015043,0,,legit
txn_015044,0,,legit
txn_015045,0,,legit
txn_015046,0,,legit
txn_015047,0,,legit
txn_015048,0,,legit
txn_015049,0,,legit
txn_015050,0,,legit
txn_015051,0,,legit
txn_015052,0,,legit
txn_015053,0,,legit
txn_015054,0,,legit
txn_015055,0,,legit
txn_015056,0,,legit
txn_015057,0,,legit
txn_015058,0,,legit
txn_015059,0,,legit
txn_015060,0,,legit
txn_015061,0,,legit
txn_015062,0,,legit
txn_015063,0,,legit
txn_015064,0,,legit
txn_015065,0,,legit
txn_015066,0,,legit
txn_015067,0,,legit
txn_015068,0,,legit
txn_015069,0,,legit
txn_015070,0,,legit
txn_015071,0,,legit
txn_015072,0,,legit
txn_015073,0,,legit
txn_015074,0,,legit
txn_015075,0,,legit
txn_015076,0,,legit
txn_015077,0,,legit
txn_015078,0,,legit
txn_015079,0,,legit
txn_015080,0,,legit
txn_015081,0,,legit
txn_015082,0,,legit
txn_015083,0,,legit
txn_015084,0,,legit
txn_015085,0,,legit
txn_015086,0,,legit
txn_015087,0,,legit
txn_015088,0,,legit
txn_015089,0,,legit
txn_015090,0,,legit
txn_015091,0,,legit
txn_015092,0,,legit
txn_015093,0,,legit
txn_015094,0,,legit
txn_015095,0,,legit
txn_015096,0,,legit
txn_015097,0,,legit
txn_015098,0,,legit
txn_015099,0,,legit
txn_015100,0,,legit
txn_015101,0,,legit
txn_015102,0,,legit
txn_015103,0,,legit
txn_015104,0,,legit
txn_015105,0,,legit
txn_015106,0,,legit
txn_015107,0,,legit
txn_015108,0,,legit
txn_015109,0,,legit
txn_015110,0,,legit
txn_015111,0,,legit
txn_015112,0,,legit
txn_015113,0,,legit
txn_015114,0,,legit
txn_015115,0,,legit
txn_015116,0,,legit
txn_015117,0,,legit
txn_015118,0,,legit
txn_015119,0,,legit
txn_015120,0,,legit
txn_015121,0,,legit
txn_015122,0,,legit
txn_015123,0,,legit
txn_015124,0,,legit
txn_015125,0,,legit
txn_015126,0,,legit
txn_015127,0,,legit
txn_015128,0,,legit
txn_015129,0,,legit
txn_015130,0,,legit
txn_015131,0,,legit
txn_015132,0,,legit
txn_015133,0,,legit
txn_015134,0,,legit
txn_015135,0,,legit
txn_015136,0,,legit
txn_015137,0,,legit
txn_015138,0,,legit
txn_015139,0,,legit
txn_015140,0,,legit
txn_015141,0,,legit
txn_015142,0,,legit
txn_015143,0,,legit
txn_015144,0,,legit
txn_015145,0,,legit
txn_015146,0,,legit
txn_015147,0,,legit
txn_015148,0,,legit
txn_015149,0,,legit
txn_015150,0,,legit
txn_015151,0,,legit
txn_015152,0,,legit
txn_015153,0,,legit
txn_015154,0,,legit
txn_015155,0,,legit
txn_015156,0,,legit
txn_015157,0,,legit
txn_015158,0,,legit
txn_015159,0,,legit
txn_015160,0,,legit
txn_015161,0,,legit
txn_015162,0,,legit
txn_015163,0,,legit
txn_015164,0,,legit
txn_015165,0,,legit
txn_015166,0,,legit
txn_015167,0,,legit
txn_015168,0,,legit
txn_015169,0,,legit
txn_015170,0,,legit
txn_015171,0,,legit
txn_015172,0,,legit
txn_015173,0,,legit
txn_015174,0,,legit
txn_015175,0,,legit
txn_015176,0,,legit
txn_015177,0,,legit
txn_015178,0,,legit
txn_015179,0,,legit
txn_015180,0,,legit
txn_015181,0,,legit
txn_015182,0,,legit
txn_015183,0,,legit
txn_015184,0,,legit
txn_015185,0,,legit
txn_015186,0,,legit
txn_015187,0,,legit
txn_015188,0,,legit
txn_015189,0,,legit
txn_015190,0,,legit
txn_015191,0,,legit
txn_015192,0,,legit
txn_015193,0,,legit
txn_015194,0,,legit
txn_015195,0,,legit
txn_015196,0,,legit
txn_015197,0,,legit
txn_015198,0,,legit
txn_015199,0,,legit
txn_015200,0,,legit
txn_015201,0,,legit
txn_015202,0,,legit
txn_015203,0,,legit
txn_015204,0,,legit
txn_015205,0,,legit
txn_015206,0,,legit
txn_015207,0,,legit
txn_015208,0,,legit
txn_015209,0,,legit
txn_015210,0,,legit
txn_015211,0,,legit
txn_015212,0,,legit
txn_015213,0,,legit
txn_015214,0,,legit
txn_015215,0,,legit
txn_015216,0,,legit
txn_015217,0,,legit
txn_015218,0,,legit
txn_015219,0,,legit
txn_015220,0,,legit
txn_015221,0,,legit
txn_015222,0,,legit
txn_015223,0,,legit
txn_015224,0,,legit
txn_015225,0,,legit
txn_015226,0,,legit
txn_015227,0,,legit
txn_015228,0,,legit
txn_015229,0,,legit
txn_015230,0,,legit
txn_015231,0,,legit
txn_015232,0,,legit
txn_015233,0,,legit
txn_015234,0,,legit
txn_015235,0,,legit
txn_015236,0,,legit
txn_015237,0,,legit
txn_015238,0,,legit
txn_015239,0,,legit
txn_015240,0,,legit
txn_015241,0,,legit
txn_015242,0,,legit
txn_015243,0,,legit
txn_015244,0,,legit
txn_015245,0,,legit
txn_015246,0,,legit
txn_015247,0,,legit
txn_015248,0,,legit
txn_015249,0,,legit
txn_015250,0,,legit
txn_015251,0,,legit
txn_015252,0,,legit
txn_015253,0,,legit
txn_015254,0,,legit
txn_015255,0,,legit
txn_015256,0,,legit
txn_015257,0,,legit
txn_015258,0,,legit
txn_015259,0,,legit
txn_015260,0,,legit
txn_015261,0,,legit
txn_015262,0,,legit
txn_015263,0,,legit
txn_015264,0,,legit
txn_015265,0,,legit
txn_015266,0,,legit
txn_015267,0,,legit
txn_015268,0,,legit
txn_015269,0,,legit
txn_015270,0,,legit
txn_015271,0,,legit
txn_015272,0,,legit
txn_015273,0,,legit
txn_015274,0,,legit
txn_015275,0,,legit
txn_015276,0,,hard_neg_laptop
txn_015277,0,,hard_neg_laptop
txn_015278,0,,hard_neg_laptop
txn_015279,0,,hard_neg_laptop
txn_015280,0,,hard_neg_laptop
txn_015281,0,,hard_neg_laptop
txn_015282,0,,hard_neg_laptop
txn_015283,0,,hard_neg_laptop
txn_015284,0,,hard_neg_laptop
txn_015285,0,,hard_neg_laptop
txn_015286,0,,hard_neg_laptop
txn_015287,0,,hard_neg_laptop
txn_015288,0,,hard_neg_laptop
txn_015289,0,,hard_neg_laptop
txn_015290,0,,hard_neg_laptop
txn_015291,0,,hard_neg_laptop
txn_015292,0,,hard_neg_laptop
txn_015293,0,,hard_neg_laptop
txn_015294,0,,hard_neg_laptop
txn_015295,0,,hard_neg_laptop
txn_015296,0,,hard_neg_laptop
txn_015297,0,,hard_neg_laptop
txn_015298,0,,hard_neg_laptop
txn_015299,0,,hard_neg_laptop
txn_015300,0,,hard_neg_laptop
txn_015301,0,,hard_neg_laptop
txn_015302,0,,hard_neg_laptop
txn_015303,0,,hard_neg_laptop
txn_015304,0,,hard_neg_laptop
txn_015305,0,,hard_neg_laptop
txn_015306,0,,hard_neg_laptop
txn_015307,0,,hard_neg_laptop
txn_015308,0,,hard_neg_laptop
txn_015309,0,,hard_neg_laptop
txn_015310,0,,hard_neg_laptop
txn_015311,0,,hard_neg_laptop
txn_015312,0,,hard_neg_laptop
txn_015313,0,,hard_neg_laptop
txn_015314,0,,hard_neg_laptop
txn_015315,0,,hard_neg_laptop
txn_015316,0,,hard_neg_laptop
txn_015317,0,,hard_neg_laptop
txn_015318,0,,hard_neg_laptop
txn_015319,0,,hard_neg_laptop
txn_015320,0,,legit
txn_015321,0,,legit
txn_015322,0,,legit
txn_015323,0,,legit
txn_015324,0,,legit
txn_015325,0,,legit
txn_015326,0,,legit
txn_015327,0,,legit
txn_015328,0,,legit
txn_015329,0,,legit
txn_015330,0,,legit
txn_015331,0,,legit
txn_015332,0,,legit
txn_015333,0,,legit
txn_015334,0,,legit
txn_015335,0,,legit
txn_015336,0,,legit
txn_015337,0,,legit
txn_015338,0,,legit
txn_015339,0,,legit
txn_015340,0,,legit
txn_015341,0,,legit
txn_015342,0,,legit
txn_015343,0,,legit
txn_015344,0,,legit
txn_015345,0,,legit
txn_015346,0,,legit
txn_015347,0,,legit
txn_015348,0,,legit
txn_015349,0,,legit
txn_015350,0,,legit
txn_015351,0,,legit
txn_015352,0,,legit
txn_015353,0,,legit
txn_015354,0,,legit
txn_015355,0,,legit
txn_015356,0,,legit
txn_015357,0,,hard_neg_travel
txn_015358,0,,hard_neg_travel
txn_015359,0,,hard_neg_travel
txn_015360,0,,hard_neg_travel
txn_015361,0,,hard_neg_travel
txn_015362,0,,hard_neg_travel
txn_015363,0,,hard_neg_travel
txn_015364,0,,hard_neg_travel
txn_015365,0,,hard_neg_travel
txn_015366,0,,hard_neg_travel
txn_015367,0,,hard_neg_travel
txn_015368,0,,hard_neg_travel
txn_015369,0,,hard_neg_travel
txn_015370,0,,hard_neg_travel
txn_015371,0,,hard_neg_travel
txn_015372,0,,hard_neg_travel
txn_015373,0,,hard_neg_travel
txn_015374,0,,hard_neg_travel
txn_015375,0,,hard_neg_travel
txn_015376,0,,hard_neg_travel
txn_015377,0,,hard_neg_travel
txn_015378,0,,hard_neg_travel
txn_015379,0,,hard_neg_travel
txn_015380,0,,hard_neg_travel
txn_015381,0,,hard_neg_travel
txn_015382,0,,hard_neg_travel
txn_015383,0,,hard_neg_travel
txn_015384,0,,hard_neg_travel
txn_015385,0,,hard_neg_travel
txn_015386,0,,hard_neg_travel
txn_015387,0,,hard_neg_travel
txn_015388,0,,hard_neg_travel
txn_015389,0,,hard_neg_travel
txn_015390,0,,hard_neg_travel
txn_015391,0,,legit
txn_015392,0,,legit
txn_015393,0,,legit
txn_015394,0,,legit
txn_015395,0,,legit
txn_015396,0,,legit
txn_015397,0,,legit
txn_015398,0,,legit
txn_015399,0,,legit
txn_015400,0,,legit
txn_015401,0,,legit
txn_015402,0,,legit
txn_015403,0,,legit
txn_015404,0,,legit
txn_015405,0,,legit
txn_015406,0,,legit
txn_015407,0,,legit
txn_015408,0,,legit
txn_015409,0,,legit
txn_015410,0,,legit
txn_015411,0,,legit
txn_015412,0,,legit
txn_015413,0,,legit
txn_015414,0,,legit
txn_015415,0,,legit
txn_015416,0,,legit
txn_015417,0,,legit
txn_015418,0,,legit
txn_015419,0,,legit
txn_015420,0,,legit
txn_015421,0,,legit
txn_015422,0,,legit
txn_015423,0,,legit
txn_015424,0,,legit
txn_015425,0,,legit
txn_015426,0,,legit
txn_015427,0,,legit
txn_015428,0,,legit
txn_015429,0,,legit
txn_015430,0,,legit
txn_015431,0,,legit
txn_015432,0,,legit
txn_015433,0,,legit
txn_015434,0,,legit
txn_015435,0,,legit
txn_015436,0,,legit
txn_015437,0,,legit
txn_015438,0,,legit
txn_015439,0,,legit
txn_015440,0,,legit
txn_015441,0,,legit
txn_015442,0,,legit
txn_015443,0,,legit
txn_015444,0,,legit
txn_015445,0,,legit
txn_015446,0,,legit
txn_015447,0,,legit
txn_015448,0,,legit
txn_015449,0,,legit
txn_015450,0,,legit
txn_015451,0,,legit
txn_015452,0,,legit
txn_015453,0,,legit
txn_015454,0,,legit
txn_015455,0,,legit
txn_015456,0,,legit
txn_015457,0,,legit
txn_015458,0,,legit
txn_015459,0,,legit
txn_015460,0,,legit
txn_015461,0,,legit
txn_015462,0,,legit
txn_015463,0,,legit
txn_015464,0,,legit
txn_015465,0,,legit
txn_015466,0,,legit
txn_015467,0,,legit
txn_015468,0,,legit
txn_015469,0,,legit
txn_015470,0,,legit
txn_015471,0,,legit
txn_015472,0,,legit
txn_015473,0,,legit
txn_015474,0,,legit
txn_015475,0,,legit
txn_015476,0,,legit
txn_015477,0,,legit
txn_015478,0,,legit
txn_015479,0,,legit
txn_015480,0,,legit
txn_015481,0,,legit
txn_015482,0,,legit
txn_015483,0,,legit
txn_015484,0,,legit
txn_015485,0,,legit
txn_015486,0,,legit
txn_015487,0,,legit
txn_015488,0,,legit
txn_015489,0,,legit
txn_015490,0,,legit
txn_015491,0,,legit
txn_015492,0,,legit
txn_015493,0,,legit
txn_015494,0,,legit
txn_015495,0,,legit
txn_015496,0,,legit
txn_015497,0,,legit
txn_015498,0,,legit
txn_015499,0,,legit
txn_015500,0,,legit
txn_015501,0,,legit
txn_015502,0,,legit
txn_015503,0,,legit
txn_015504,0,,legit
txn_015505,0,,legit
txn_015506,0,,legit
txn_015507,0,,legit
txn_015508,0,,legit
txn_015509,0,,legit
txn_015510,0,,legit
txn_015511,0,,legit
txn_015512,0,,legit
txn_015513,0,,legit
txn_015514,0,,legit
txn_015515,0,,legit
txn_015516,0,,legit
txn_015517,0,,legit
txn_015518,0,,legit
txn_015519,0,,legit
txn_015520,0,,legit
txn_015521,0,,legit
txn_015522,0,,legit
txn_015523,0,,legit
txn_015524,0,,legit
txn_015525,0,,legit
txn_015526,0,,legit
txn_015527,0,,legit
txn_015528,0,,legit
txn_015529,0,,legit
txn_015530,0,,legit
txn_015531,0,,legit
txn_015532,0,,legit
txn_015533,0,,legit
txn_015534,0,,legit
txn_015535,0,,legit
txn_015536,0,,legit
txn_015537,0,,legit
txn_015538,0,,legit
txn_015539,0,,legit
txn_015540,0,,legit
txn_015541,0,,legit
txn_015542,0,,legit
txn_015543,0,,legit
txn_015544,0,,legit
txn_015545,0,,legit
txn_015546,0,,legit
txn_015547,0,,legit
txn_015548,0,,legit
txn_015549,0,,legit
txn_015550,0,,legit
txn_015551,0,,legit
txn_015552,0,,legit
txn_015553,0,,legit
txn_015554,0,,legit
txn_015555,0,,legit
txn_015556,0,,legit
txn_015557,0,,legit
txn_015558,0,,legit
txn_015559,0,,legit
txn_015560,0,,legit
txn_015561,0,,legit
txn_015562,0,,legit
txn_015563,0,,legit
txn_015564,0,,legit
txn_015565,0,,legit
txn_015566,0,,legit
txn_015567,0,,legit
txn_015568,0,,legit
txn_015569,0,,legit
txn_015570,0,,legit
txn_015571,0,,legit
txn_015572,0,,legit
txn_015573,0,,legit
txn_015574,0,,legit
txn_015575,0,,legit
txn_015576,0,,hard_neg_supplier
txn_015577,0,,hard_neg_supplier
txn_015578,0,,hard_neg_supplier
txn_015579,0,,hard_neg_supplier
txn_015580,0,,hard_neg_supplier
txn_015581,0,,hard_neg_supplier
txn_015582,0,,hard_neg_supplier
txn_015583,0,,hard_neg_supplier
txn_015584,0,,hard_neg_supplier
txn_015585,0,,hard_neg_supplier
txn_015586,0,,hard_neg_supplier
txn_015587,0,,hard_neg_supplier
txn_015588,0,,hard_neg_supplier
txn_015589,0,,hard_neg_supplier
txn_015590,0,,hard_neg_supplier
txn_015591,0,,hard_neg_supplier
txn_015592,0,,hard_neg_supplier
txn_015593,0,,hard_neg_supplier
txn_015594,0,,hard_neg_supplier
txn_015595,0,,hard_neg_supplier
txn_015596,0,,hard_neg_supplier
txn_015597,0,,hard_neg_supplier
txn_015598,0,,hard_neg_supplier
txn_015599,0,,hard_neg_supplier
txn_015600,0,,hard_neg_supplier
txn_015601,0,,hard_neg_supplier
txn_015602,0,,hard_neg_supplier
txn_015603,0,,hard_neg_supplier
txn_015604,0,,hard_neg_supplier
txn_015605,0,,hard_neg_supplier
txn_015606,0,,hard_neg_supplier
txn_015607,0,,hard_neg_supplier
txn_015608,0,,hard_neg_supplier
txn_015609,0,,hard_neg_supplier
txn_015610,0,,legit
txn_015611,0,,legit
txn_015612,0,,legit
txn_015613,0,,legit
txn_015614,0,,legit
txn_015615,0,,legit
txn_015616,0,,legit
txn_015617,0,,legit
txn_015618,0,,legit
txn_015619,0,,legit
txn_015620,0,,legit
txn_015621,0,,legit
txn_015622,0,,legit
txn_015623,0,,legit
txn_015624,0,,legit
txn_015625,0,,legit
txn_015626,0,,legit
txn_015627,0,,legit
txn_015628,0,,legit
txn_015629,0,,legit
txn_015630,0,,legit
txn_015631,0,,legit
txn_015632,0,,legit
txn_015633,0,,legit
txn_015634,0,,legit
txn_015635,0,,legit
txn_015636,0,,legit
txn_015637,0,,legit
txn_015638,0,,legit
txn_015639,0,,legit
txn_015640,0,,legit
txn_015641,0,,legit
txn_015642,0,,legit
txn_015643,0,,legit
txn_015644,0,,legit
txn_015645,0,,legit
txn_015646,0,,legit
txn_015647,0,,legit
txn_015648,0,,legit
txn_015649,0,,legit
txn_015650,0,,legit
txn_015651,0,,legit
txn_015652,0,,legit
txn_015653,0,,legit
txn_015654,0,,legit
txn_015655,0,,legit
txn_015656,0,,legit
txn_015657,0,,legit
txn_015658,0,,legit
txn_015659,0,,legit
txn_015660,0,,legit
txn_015661,0,,legit
txn_015662,0,,legit
txn_015663,0,,legit
txn_015664,0,,legit
txn_015665,0,,legit
txn_015666,0,,legit
txn_015667,0,,legit
txn_015668,0,,legit
txn_015669,0,,legit
txn_015670,0,,legit
txn_015671,0,,legit
txn_015672,0,,legit
txn_015673,0,,legit
txn_015674,0,,legit
txn_015675,0,,legit
txn_015676,0,,legit
txn_015677,0,,legit
txn_015678,0,,legit
txn_015679,0,,legit
txn_015680,0,,legit
txn_015681,0,,legit
txn_015682,0,,legit
txn_015683,0,,legit
txn_015684,0,,legit
txn_015685,0,,legit
txn_015686,0,,legit
txn_015687,0,,legit
txn_015688,0,,legit
txn_015689,0,,legit
txn_015690,0,,legit
txn_015691,0,,legit
txn_015692,0,,legit
txn_015693,0,,legit
txn_015694,0,,legit
txn_015695,0,,legit
txn_015696,0,,legit
txn_015697,0,,legit
txn_015698,0,,legit
txn_015699,0,,legit
txn_015700,0,,legit
txn_015701,0,,legit
txn_015702,0,,legit
txn_015703,0,,legit
txn_015704,0,,legit
txn_015705,0,,legit
txn_015706,0,,legit
txn_015707,0,,legit
txn_015708,0,,legit
txn_015709,0,,legit
txn_015710,0,,legit
txn_015711,0,,legit
txn_015712,0,,legit
txn_015713,0,,legit
txn_015714,0,,legit
txn_015715,0,,legit
txn_015716,0,,legit
txn_015717,0,,legit
txn_015718,0,,legit
txn_015719,0,,legit
txn_015720,0,,legit
txn_015721,0,,legit
txn_015722,0,,legit
txn_015723,0,,legit
txn_015724,0,,legit
txn_015725,0,,legit
txn_015726,0,,legit
txn_015727,0,,legit
txn_015728,0,,legit
txn_015729,0,,legit
txn_015730,0,,legit
txn_015731,0,,legit
txn_015732,0,,legit
txn_015733,0,,legit
txn_015734,0,,legit
txn_015735,0,,legit
txn_015736,0,,legit
txn_015737,0,,legit
txn_015738,0,,legit
txn_015739,0,,legit
txn_015740,0,,legit
txn_015741,0,,legit
txn_015742,0,,legit
txn_015743,0,,legit
txn_015744,0,,legit
txn_015745,0,,legit
txn_015746,0,,legit
txn_015747,0,,legit
txn_015748,0,,legit
txn_015749,0,,legit
txn_015750,0,,legit
txn_015751,0,,legit
txn_015752,0,,legit
txn_015753,0,,legit
txn_015754,0,,legit
txn_015755,0,,legit
txn_015756,0,,legit
txn_015757,0,,legit
txn_015758,0,,legit
txn_015759,0,,legit
txn_015760,0,,legit
txn_015761,0,,legit
txn_015762,0,,legit
txn_015763,0,,legit
txn_015764,0,,legit
txn_015765,0,,legit
txn_015766,0,,legit
txn_015767,0,,legit
txn_015768,0,,legit
txn_015769,0,,legit
txn_015770,0,,legit
txn_015771,0,,legit
txn_015772,0,,legit
txn_015773,0,,legit
txn_015774,0,,legit
txn_015775,0,,legit
txn_015776,0,,legit
txn_015777,0,,legit
txn_015778,0,,legit
txn_015779,0,,legit
txn_015780,0,,legit
txn_015781,0,,legit
txn_015782,0,,legit
txn_015783,0,,legit
txn_015784,0,,legit
txn_015785,0,,legit
txn_015786,0,,legit
txn_015787,0,,legit
txn_015788,0,,legit
txn_015789,0,,legit
txn_015790,0,,legit
txn_015791,0,,legit
txn_015792,0,,legit
txn_015793,0,,legit
txn_015794,0,,legit
txn_015795,0,,legit
txn_015796,0,,legit
txn_015797,0,,legit
txn_015798,0,,legit
txn_015799,0,,legit
txn_015800,0,,legit
txn_015801,0,,legit
txn_015802,0,,legit
txn_015803,0,,legit
txn_015804,0,,legit
txn_015805,0,,legit
txn_015806,0,,legit
txn_015807,0,,legit
txn_015808,0,,legit
txn_015809,0,,legit
txn_015810,0,,legit
txn_015811,0,,legit
txn_015812,0,,legit
txn_015813,0,,legit
txn_015814,0,,legit
txn_015815,0,,legit
txn_015816,0,,legit
txn_015817,0,,legit
txn_015818,0,,legit
txn_015819,0,,legit
txn_015820,0,,legit
txn_015821,0,,legit
txn_015822,0,,legit
txn_015823,0,,legit
txn_015824,0,,legit
txn_015825,0,,legit
txn_015826,0,,legit
txn_015827,0,,legit
txn_015828,0,,legit
txn_015829,0,,legit
txn_015830,0,,legit
txn_015831,0,,legit
txn_015832,0,,legit
txn_015833,0,,legit
txn_015834,0,,legit
txn_015835,0,,legit
txn_015836,0,,legit
txn_015837,0,,legit
txn_015838,0,,legit
txn_015839,0,,legit
txn_015840,0,,legit
txn_015841,0,,legit
txn_015842,0,,legit
txn_015843,0,,legit
txn_015844,0,,legit
txn_015845,0,,legit
txn_015846,0,,legit
txn_015847,0,,legit
txn_015848,0,,legit
txn_015849,0,,legit
txn_015850,0,,legit
txn_015851,0,,legit
txn_015852,0,,legit
txn_015853,0,,legit
txn_015854,0,,legit
txn_015855,0,,legit
txn_015856,0,,legit
txn_015857,0,,legit
txn_015858,0,,legit
txn_015859,0,,legit
txn_015860,0,,legit
txn_015861,0,,legit
txn_015862,0,,legit
txn_015863,0,,legit
txn_015864,0,,legit
txn_015865,0,,legit
txn_015866,0,,legit
txn_015867,0,,legit
txn_015868,0,,legit
txn_015869,0,,legit
txn_015870,0,,legit
txn_015871,0,,legit
txn_015872,0,,legit
txn_015873,0,,legit
txn_015874,0,,legit
txn_015875,0,,legit
txn_015876,0,,legit
txn_015877,0,,legit
txn_015878,0,,legit
txn_015879,0,,legit
txn_015880,0,,legit
txn_015881,0,,legit
txn_015882,0,,legit
txn_015883,0,,legit
txn_015884,0,,legit
txn_015885,0,,legit
txn_015886,0,,legit
txn_015887,0,,legit
txn_015888,0,,legit
txn_015889,0,,legit
txn_015890,0,,legit
txn_015891,0,,legit
txn_015892,0,,legit
txn_015893,0,,legit
txn_015894,0,,legit
txn_015895,0,,legit
txn_015896,0,,legit
txn_015897,0,,legit
txn_015898,0,,legit
txn_015899,0,,legit
txn_015900,0,,legit
txn_015901,0,,legit
txn_015902,0,,legit
txn_015903,0,,legit
txn_015904,0,,legit
txn_015905,0,,legit
txn_015906,0,,legit
txn_015907,0,,legit
txn_015908,0,,legit
txn_015909,0,,legit
txn_015910,0,,legit
txn_015911,0,,legit
txn_015912,0,,legit
txn_015913,0,,legit
txn_015914,0,,legit
txn_015915,0,,legit
txn_015916,0,,legit
txn_015917,0,,legit
txn_015918,0,,legit
txn_015919,0,,legit
txn_015920,0,,legit
txn_015921,0,,legit
txn_015922,0,,legit
txn_015923,0,,hard_neg_supplier
txn_015924,0,,hard_neg_supplier
txn_015925,0,,hard_neg_supplier
txn_015926,0,,hard_neg_supplier
txn_015927,0,,hard_neg_supplier
txn_015928,0,,hard_neg_supplier
txn_015929,0,,hard_neg_supplier
txn_015930,0,,hard_neg_supplier
txn_015931,0,,hard_neg_supplier
txn_015932,0,,hard_neg_supplier
txn_015933,0,,hard_neg_supplier
txn_015934,0,,hard_neg_supplier
txn_015935,0,,hard_neg_supplier
txn_015936,0,,hard_neg_supplier
txn_015937,0,,hard_neg_supplier
txn_015938,0,,hard_neg_supplier
txn_015939,0,,hard_neg_supplier
txn_015940,0,,hard_neg_supplier
txn_015941,0,,hard_neg_supplier
txn_015942,0,,hard_neg_supplier
txn_015943,0,,hard_neg_supplier
txn_015944,0,,hard_neg_supplier
txn_015945,0,,hard_neg_supplier
txn_015946,0,,hard_neg_supplier
txn_015947,0,,hard_neg_supplier
txn_015948,0,,hard_neg_supplier
txn_015949,0,,hard_neg_supplier
txn_015950,0,,hard_neg_supplier
txn_015951,0,,hard_neg_supplier
txn_015952,0,,hard_neg_supplier
txn_015953,0,,hard_neg_supplier
txn_015954,0,,hard_neg_supplier
txn_015955,0,,hard_neg_supplier
txn_015956,0,,hard_neg_supplier
txn_015957,0,,hard_neg_supplier
txn_015958,0,,hard_neg_supplier
txn_015959,0,,hard_neg_supplier
txn_015960,0,,legit
txn_015961,0,,legit
txn_015962,0,,legit
txn_015963,0,,legit
txn_015964,0,,legit
txn_015965,0,,legit
txn_015966,0,,legit
txn_015967,0,,legit
txn_015968,0,,legit
txn_015969,0,,legit
txn_015970,0,,legit
txn_015971,0,,legit
txn_015972,0,,legit
txn_015973,0,,legit
txn_015974,0,,legit
txn_015975,0,,legit
txn_015976,0,,legit
txn_015977,0,,legit
txn_015978,0,,legit
txn_015979,0,,legit
txn_015980,0,,legit
txn_015981,0,,legit
txn_015982,0,,legit
txn_015983,0,,legit
txn_015984,0,,legit
txn_015985,0,,legit
txn_015986,0,,legit
txn_015987,0,,legit
txn_015988,0,,legit
txn_015989,0,,legit
txn_015990,0,,legit
txn_015991,0,,legit
txn_015992,0,,legit
txn_015993,0,,legit
txn_015994,0,,legit
txn_015995,0,,legit
txn_015996,0,,legit
txn_015997,0,,legit
txn_015998,0,,legit
txn_015999,0,,legit
txn_016000,0,,legit
txn_016001,0,,legit
txn_016002,0,,legit
txn_016003,0,,legit
txn_016004,0,,legit
txn_016005,0,,legit
txn_016006,0,,legit
txn_016007,0,,legit
txn_016008,0,,legit
txn_016009,0,,legit
txn_016010,0,,legit
txn_016011,0,,legit
txn_016012,0,,legit
txn_016013,0,,legit
txn_016014,0,,legit
txn_016015,0,,legit
txn_016016,0,,legit
txn_016017,0,,legit
txn_016018,0,,legit
txn_016019,0,,legit
txn_016020,0,,legit
txn_016021,0,,legit
txn_016022,0,,legit
txn_016023,0,,legit
txn_016024,0,,legit
txn_016025,0,,legit
txn_016026,0,,legit
txn_016027,0,,legit
txn_016028,0,,legit
txn_016029,0,,legit
txn_016030,0,,legit
txn_016031,0,,legit
txn_016032,0,,legit
txn_016033,0,,legit
txn_016034,0,,legit
txn_016035,0,,legit
txn_016036,0,,legit
txn_016037,0,,legit
txn_016038,0,,legit
txn_016039,0,,legit
txn_016040,0,,legit
txn_016041,0,,legit
txn_016042,0,,legit
txn_016043,0,,legit
txn_016044,0,,legit
txn_016045,0,,legit
txn_016046,0,,legit
txn_016047,0,,legit
txn_016048,0,,legit
txn_016049,0,,legit
txn_016050,0,,legit
txn_016051,0,,legit
txn_016052,0,,legit
txn_016053,0,,legit
txn_016054,0,,legit
txn_016055,0,,legit
txn_016056,0,,legit
txn_016057,0,,legit
txn_016058,0,,legit
txn_016059,0,,legit
txn_016060,0,,legit
txn_016061,0,,legit
txn_016062,0,,legit
txn_016063,0,,legit
txn_016064,0,,legit
txn_016065,0,,legit
txn_016066,0,,legit
txn_016067,0,,legit
txn_016068,0,,legit
txn_016069,0,,legit
txn_016070,0,,legit
txn_016071,0,,legit
txn_016072,0,,legit
txn_016073,0,,legit
txn_016074,0,,legit
txn_016075,0,,legit
txn_016076,0,,legit
txn_016077,0,,legit
txn_016078,0,,legit
txn_016079,0,,legit
txn_016080,0,,legit
txn_016081,0,,legit
txn_016082,0,,legit
txn_016083,0,,legit
txn_016084,0,,legit
txn_016085,0,,legit
txn_016086,0,,legit
txn_016087,0,,legit
txn_016088,0,,legit
txn_016089,0,,legit
txn_016090,0,,legit
txn_016091,0,,legit
txn_016092,0,,legit
txn_016093,0,,legit
txn_016094,0,,legit
txn_016095,0,,legit
txn_016096,0,,legit
txn_016097,0,,legit
txn_016098,0,,legit
txn_016099,0,,legit
txn_016100,0,,legit
txn_016101,0,,legit
txn_016102,0,,legit
txn_016103,0,,legit
txn_016104,0,,legit
txn_016105,0,,legit
txn_016106,0,,legit
txn_016107,0,,legit
txn_016108,0,,legit
txn_016109,0,,legit
txn_016110,0,,legit
txn_016111,0,,legit
txn_016112,0,,legit
txn_016113,0,,legit
txn_016114,0,,legit
txn_016115,0,,legit
txn_016116,0,,legit
txn_016117,0,,legit
txn_016118,0,,legit
txn_016119,0,,legit
txn_016120,0,,legit
txn_016121,0,,legit
txn_016122,0,,legit
txn_016123,0,,legit
txn_016124,0,,legit
txn_016125,0,,legit
txn_016126,0,,legit
txn_016127,0,,legit
txn_016128,0,,legit
txn_016129,0,,legit
txn_016130,0,,legit
txn_016131,0,,legit
txn_016132,0,,legit
txn_016133,0,,legit
txn_016134,0,,legit
txn_016135,0,,legit
txn_016136,0,,legit
txn_016137,0,,legit
txn_016138,0,,legit
txn_016139,0,,legit
txn_016140,0,,legit
txn_016141,0,,legit
txn_016142,0,,legit
txn_016143,0,,legit
txn_016144,0,,legit
txn_016145,0,,legit
txn_016146,0,,legit
txn_016147,0,,legit
txn_016148,0,,legit
txn_016149,0,,legit
txn_016150,0,,legit
txn_016151,0,,legit
txn_016152,0,,legit
txn_016153,0,,legit
txn_016154,0,,legit
txn_016155,0,,legit
txn_016156,0,,legit
txn_016157,0,,legit
txn_016158,0,,legit
txn_016159,0,,legit
txn_016160,0,,legit
txn_016161,0,,legit
txn_016162,0,,legit
txn_016163,0,,legit
txn_016164,0,,legit
txn_016165,0,,legit
txn_016166,0,,legit
txn_016167,0,,legit
txn_016168,0,,legit
txn_016169,0,,legit
txn_016170,0,,legit
txn_016171,0,,legit
txn_016172,0,,legit
txn_016173,0,,legit
txn_016174,0,,legit
txn_016175,0,,legit
txn_016176,0,,legit
txn_016177,0,,legit
txn_016178,0,,legit
txn_016179,0,,legit
txn_016180,0,,legit
txn_016181,0,,legit
txn_016182,0,,legit
txn_016183,0,,legit
txn_016184,0,,legit
txn_016185,0,,legit
txn_016186,0,,legit
txn_016187,0,,legit
txn_016188,0,,legit
txn_016189,0,,legit
txn_016190,0,,legit
txn_016191,0,,legit
txn_016192,0,,legit
txn_016193,0,,legit
txn_016194,0,,legit
txn_016195,0,,legit
txn_016196,0,,legit
txn_016197,0,,legit
txn_016198,0,,legit
txn_016199,0,,legit
txn_016200,0,,legit
txn_016201,0,,legit
txn_016202,0,,legit
txn_016203,0,,legit
txn_016204,0,,legit
txn_016205,0,,legit
txn_016206,0,,legit
txn_016207,0,,legit
txn_016208,0,,legit
txn_016209,0,,legit
txn_016210,0,,legit
txn_016211,0,,legit
txn_016212,0,,legit
txn_016213,0,,legit
txn_016214,0,,legit
txn_016215,0,,legit
txn_016216,0,,legit
txn_016217,0,,legit
txn_016218,0,,legit
txn_016219,0,,legit
txn_016220,0,,legit
txn_016221,0,,legit
txn_016222,0,,legit
txn_016223,0,,legit
txn_016224,0,,legit
txn_016225,0,,legit
txn_016226,0,,legit
txn_016227,0,,legit
txn_016228,0,,legit
txn_016229,0,,legit
txn_016230,0,,legit
txn_016231,0,,legit
txn_016232,0,,legit
txn_016233,0,,legit
txn_016234,0,,legit
txn_016235,0,,legit
txn_016236,0,,legit
txn_016237,0,,legit
txn_016238,0,,legit
txn_016239,0,,legit
txn_016240,0,,legit
txn_016241,0,,legit
txn_016242,0,,legit
txn_016243,0,,legit
txn_016244,0,,legit
txn_016245,0,,legit
txn_016246,0,,legit
txn_016247,0,,legit
txn_016248,0,,legit
txn_016249,0,,legit
txn_016250,0,,legit
txn_016251,0,,legit
txn_016252,0,,legit
txn_016253,0,,legit
txn_016254,0,,legit
txn_016255,0,,legit
txn_016256,0,,legit
txn_016257,0,,legit
txn_016258,0,,legit
txn_016259,0,,legit
txn_016260,0,,legit
txn_016261,0,,legit
txn_016262,0,,legit
txn_016263,0,,legit
txn_016264,0,,legit
txn_016265,0,,legit
txn_016266,0,,legit
txn_016267,0,,legit
txn_016268,0,,legit
txn_016269,0,,legit
txn_016270,0,,legit
txn_016271,0,,legit
txn_016272,0,,legit
txn_016273,0,,legit
txn_016274,0,,legit
txn_016275,0,,legit
txn_016276,0,,legit
txn_016277,0,,legit
txn_016278,0,,legit
txn_016279,0,,legit
txn_016280,0,,legit
txn_016281,0,,legit
txn_016282,0,,legit
txn_016283,0,,legit
txn_016284,0,,legit
txn_016285,0,,legit
txn_016286,0,,legit
txn_016287,0,,legit
txn_016288,0,,legit
txn_016289,0,,legit
txn_016290,0,,legit
txn_016291,0,,legit
txn_016292,0,,legit
txn_016293,0,,legit
txn_016294,0,,legit
txn_016295,0,,legit
txn_016296,0,,legit
txn_016297,0,,legit
txn_016298,0,,legit
txn_016299,0,,legit
txn_016300,0,,legit
txn_016301,0,,legit
txn_016302,0,,legit
txn_016303,0,,legit
txn_016304,0,,legit
txn_016305,0,,legit
txn_016306,0,,legit
txn_016307,0,,legit
txn_016308,0,,legit
txn_016309,0,,legit
txn_016310,0,,legit
txn_016311,0,,legit
txn_016312,0,,legit
txn_016313,0,,legit
txn_016314,0,,legit
txn_016315,0,,legit
txn_016316,0,,legit
txn_016317,0,,legit
txn_016318,0,,legit
txn_016319,0,,legit
txn_016320,0,,legit
txn_016321,0,,legit
txn_016322,0,,legit
txn_016323,0,,legit
txn_016324,0,,legit
txn_016325,0,,legit
txn_016326,0,,legit
txn_016327,0,,legit
txn_016328,0,,legit
txn_016329,0,,legit
txn_016330,0,,legit
txn_016331,0,,legit
txn_016332,0,,legit
txn_016333,0,,legit
txn_016334,0,,legit
txn_016335,0,,legit
txn_016336,0,,legit
txn_016337,0,,legit
txn_016338,0,,legit
txn_016339,0,,legit
txn_016340,0,,legit
txn_016341,0,,legit
txn_016342,0,,legit
txn_016343,0,,legit
txn_016344,0,,legit
txn_016345,0,,legit
txn_016346,0,,legit
txn_016347,0,,legit
txn_016348,0,,legit
txn_016349,0,,legit
txn_016350,0,,legit
txn_016351,0,,legit
txn_016352,0,,legit
txn_016353,0,,legit
txn_016354,0,,legit
txn_016355,0,,legit
txn_016356,0,,legit
txn_016357,0,,legit
txn_016358,0,,legit
txn_016359,0,,legit
txn_016360,0,,legit
txn_016361,0,,legit
txn_016362,0,,legit
txn_016363,0,,legit
txn_016364,0,,legit
txn_016365,0,,legit
txn_016366,0,,legit
txn_016367,0,,legit
txn_016368,0,,legit
txn_016369,0,,legit
txn_016370,0,,legit
txn_016371,0,,legit
txn_016372,0,,legit
txn_016373,0,,legit
txn_016374,0,,legit
txn_016375,0,,legit
txn_016376,0,,legit
txn_016377,0,,legit
txn_016378,0,,legit
txn_016379,0,,legit
txn_016380,0,,legit
txn_016381,0,,legit
txn_016382,0,,legit
txn_016383,0,,legit
txn_016384,0,,legit
txn_016385,0,,legit
txn_016386,0,,legit
txn_016387,0,,legit
txn_016388,0,,legit
txn_016389,0,,legit
txn_016390,0,,legit
txn_016391,0,,legit
txn_016392,0,,legit
txn_016393,0,,legit
txn_016394,0,,legit
txn_016395,0,,legit
txn_016396,0,,legit
txn_016397,0,,legit
txn_016398,0,,legit
txn_016399,0,,legit
txn_016400,0,,legit
txn_016401,0,,legit
txn_016402,0,,legit
txn_016403,0,,legit
txn_016404,0,,legit
txn_016405,0,,legit
txn_016406,0,,legit
txn_016407,0,,legit
txn_016408,0,,legit
txn_016409,0,,legit
txn_016410,0,,legit
txn_016411,0,,legit
txn_016412,0,,legit
txn_016413,0,,legit
txn_016414,0,,legit
txn_016415,0,,legit
txn_016416,0,,legit
txn_016417,0,,legit
txn_016418,0,,legit
txn_016419,0,,legit
txn_016420,0,,legit
txn_016421,0,,legit
txn_016422,0,,legit
txn_016423,0,,legit
txn_016424,0,,legit
txn_016425,0,,legit
txn_016426,0,,legit
txn_016427,0,,legit
txn_016428,0,,legit
txn_016429,0,,legit
txn_016430,0,,legit
txn_016431,0,,legit
txn_016432,0,,legit
txn_016433,0,,legit
txn_016434,0,,legit
txn_016435,0,,legit
txn_016436,0,,legit
txn_016437,0,,legit
txn_016438,0,,legit
txn_016439,0,,legit
txn_016440,0,,legit
txn_016441,0,,legit
txn_016442,0,,legit
txn_016443,0,,legit
txn_016444,0,,legit
txn_016445,0,,legit
txn_016446,0,,legit
txn_016447,0,,legit
txn_016448,0,,legit
txn_016449,0,,legit
txn_016450,0,,legit
txn_016451,0,,legit
txn_016452,0,,legit
txn_016453,0,,legit
txn_016454,0,,legit
txn_016455,0,,legit
txn_016456,0,,legit
txn_016457,0,,legit
txn_016458,0,,legit
txn_016459,0,,legit
txn_016460,0,,legit
txn_016461,0,,legit
txn_016462,0,,legit
txn_016463,0,,legit
txn_016464,0,,legit
txn_016465,0,,legit
txn_016466,0,,legit
txn_016467,0,,legit
txn_016468,0,,legit
txn_016469,0,,legit
txn_016470,0,,legit
txn_016471,0,,legit
txn_016472,0,,legit
txn_016473,0,,legit
txn_016474,0,,legit
txn_016475,0,,legit
txn_016476,0,,legit
txn_016477,0,,legit
txn_016478,0,,legit
txn_016479,0,,legit
txn_016480,0,,legit
txn_016481,0,,legit
txn_016482,0,,legit
txn_016483,0,,legit
txn_016484,0,,legit
txn_016485,0,,legit
txn_016486,0,,legit
txn_016487,0,,legit
txn_016488,0,,legit
txn_016489,0,,legit
txn_016490,0,,legit
txn_016491,0,,legit
txn_016492,0,,legit
txn_016493,0,,legit
txn_016494,0,,legit
txn_016495,0,,legit
txn_016496,0,,legit
txn_016497,0,,legit
txn_016498,0,,legit
txn_016499,0,,legit
txn_016500,0,,legit
txn_016501,0,,legit
txn_016502,0,,legit
txn_016503,0,,legit
txn_016504,0,,legit
txn_016505,0,,legit
txn_016506,0,,legit
txn_016507,0,,legit
txn_016508,0,,legit
txn_016509,0,,legit
txn_016510,0,,legit
txn_016511,0,,legit
txn_016512,0,,legit
txn_016513,0,,legit
txn_016514,0,,legit
txn_016515,0,,legit
txn_016516,0,,legit
txn_016517,0,,legit
txn_016518,0,,legit
txn_016519,0,,legit
txn_016520,0,,legit
txn_016521,0,,legit
txn_016522,0,,legit
txn_016523,0,,legit
txn_016524,0,,legit
txn_016525,0,,legit
txn_016526,0,,legit
txn_016527,0,,legit
txn_016528,0,,legit
txn_016529,0,,legit
txn_016530,0,,legit
txn_016531,0,,legit
txn_016532,0,,legit
txn_016533,0,,legit
txn_016534,0,,legit
txn_016535,0,,legit
txn_016536,0,,legit
txn_016537,0,,legit
txn_016538,0,,legit
txn_016539,0,,legit
txn_016540,0,,legit
txn_016541,0,,legit
txn_016542,0,,legit
txn_016543,0,,legit
txn_016544,0,,legit
txn_016545,0,,legit
txn_016546,0,,legit
txn_016547,0,,legit
txn_016548,0,,legit
txn_016549,0,,legit
txn_016550,0,,legit
txn_016551,0,,legit
txn_016552,0,,legit
txn_016553,0,,legit
txn_016554,0,,legit
txn_016555,0,,legit
txn_016556,0,,legit
txn_016557,0,,legit
txn_016558,0,,legit
txn_016559,0,,legit
txn_016560,0,,legit
txn_016561,0,,legit
txn_016562,0,,legit
txn_016563,0,,legit
txn_016564,0,,legit
txn_016565,0,,legit
txn_016566,0,,legit
txn_016567,0,,legit
txn_016568,0,,legit
txn_016569,0,,legit
txn_016570,0,,legit
txn_016571,0,,legit
txn_016572,0,,legit
txn_016573,0,,legit
txn_016574,0,,legit
txn_016575,0,,legit
txn_016576,0,,legit
txn_016577,0,,legit
txn_016578,0,,legit
txn_016579,0,,legit
txn_016580,0,,legit
txn_016581,0,,legit
txn_016582,0,,legit
txn_016583,0,,legit
txn_016584,0,,legit
txn_016585,0,,legit
txn_016586,0,,legit
txn_016587,0,,legit
txn_016588,0,,legit
txn_016589,0,,legit
txn_016590,0,,legit
txn_016591,0,,legit
txn_016592,0,,legit
txn_016593,0,,legit
txn_016594,0,,legit
txn_016595,0,,legit
txn_016596,0,,legit
txn_016597,0,,legit
txn_016598,0,,legit
txn_016599,0,,legit
txn_016600,0,,legit
txn_016601,0,,legit
txn_016602,0,,legit
txn_016603,0,,legit
txn_016604,0,,legit
txn_016605,0,,legit
txn_016606,0,,legit
txn_016607,0,,legit
txn_016608,0,,legit
txn_016609,0,,legit
txn_016610,0,,legit
txn_016611,0,,legit
txn_016612,0,,legit
txn_016613,0,,legit
txn_016614,0,,legit
txn_016615,0,,legit
txn_016616,0,,legit
txn_016617,0,,legit
txn_016618,0,,legit
txn_016619,0,,legit
txn_016620,0,,legit
txn_016621,0,,legit
txn_016622,0,,legit
txn_016623,0,,legit
txn_016624,0,,legit
txn_016625,0,,legit
txn_016626,0,,legit
txn_016627,0,,legit
txn_016628,0,,legit
txn_016629,0,,legit
txn_016630,0,,legit
txn_016631,0,,legit
txn_016632,0,,legit
txn_016633,0,,legit
txn_016634,0,,legit
txn_016635,0,,legit
txn_016636,0,,legit
txn_016637,0,,legit
txn_016638,0,,legit
txn_016639,0,,legit
txn_016640,0,,legit
txn_016641,0,,legit
txn_016642,0,,legit
txn_016643,0,,legit
txn_016644,0,,legit
txn_016645,0,,legit
txn_016646,0,,legit
txn_016647,0,,legit
txn_016648,0,,legit
txn_016649,0,,legit
txn_016650,0,,legit
txn_016651,0,,legit
txn_016652,0,,legit
txn_016653,0,,legit
txn_016654,0,,legit
txn_016655,0,,legit
txn_016656,0,,legit
txn_016657,0,,legit
txn_016658,0,,legit
txn_016659,0,,legit
txn_016660,0,,legit
txn_016661,0,,legit
txn_016662,0,,legit
txn_016663,0,,legit
txn_016664,0,,legit
txn_016665,0,,legit
txn_016666,0,,legit
txn_016667,0,,legit
txn_016668,0,,legit
txn_016669,0,,legit
txn_016670,0,,legit
txn_016671,0,,legit
txn_016672,0,,legit
txn_016673,0,,legit
txn_016674,0,,legit
txn_016675,0,,legit
txn_016676,0,,legit
txn_016677,0,,legit
txn_016678,0,,legit
txn_016679,0,,legit
txn_016680,0,,legit
txn_016681,0,,legit
txn_016682,0,,legit
txn_016683,0,,legit
txn_016684,0,,legit
txn_016685,0,,legit
txn_016686,0,,legit
txn_016687,0,,legit
txn_016688,0,,legit
txn_016689,0,,legit
txn_016690,0,,legit
txn_016691,0,,legit
txn_016692,0,,legit
txn_016693,0,,legit
txn_016694,0,,legit
txn_016695,0,,legit
txn_016696,0,,legit
txn_016697,0,,legit
txn_016698,0,,legit
txn_016699,0,,legit
txn_016700,0,,legit
txn_016701,0,,legit
txn_016702,0,,legit
txn_016703,0,,legit
txn_016704,0,,legit
txn_016705,0,,legit
txn_016706,0,,legit
txn_016707,0,,legit
txn_016708,0,,legit
txn_016709,0,,legit
txn_016710,0,,legit
txn_016711,0,,legit
txn_016712,0,,legit
txn_016713,0,,legit
txn_016714,0,,legit
txn_016715,0,,legit
txn_016716,0,,legit
txn_016717,0,,legit
txn_016718,0,,legit
txn_016719,0,,legit
txn_016720,0,,legit
txn_016721,0,,legit
txn_016722,0,,legit
txn_016723,0,,legit
txn_016724,0,,legit
txn_016725,0,,legit
txn_016726,0,,legit
txn_016727,0,,legit
txn_016728,0,,legit
txn_016729,0,,legit
txn_016730,0,,legit
txn_016731,0,,legit
txn_016732,0,,legit
txn_016733,0,,legit
txn_016734,0,,legit
txn_016735,0,,legit
txn_016736,0,,legit
txn_016737,0,,legit
txn_016738,0,,legit
txn_016739,0,,legit
txn_016740,0,,legit
txn_016741,0,,legit
txn_016742,0,,legit
txn_016743,0,,legit
txn_016744,0,,legit
txn_016745,0,,legit
txn_016746,0,,legit
txn_016747,0,,legit
txn_016748,0,,legit
txn_016749,0,,legit
txn_016750,0,,legit
txn_016751,0,,legit
txn_016752,0,,legit
txn_016753,0,,legit
txn_016754,0,,legit
txn_016755,0,,legit
txn_016756,0,,legit
txn_016757,0,,legit
txn_016758,0,,legit
txn_016759,0,,legit
txn_016760,0,,legit
txn_016761,0,,legit
txn_016762,0,,legit
txn_016763,0,,legit
txn_016764,0,,legit
txn_016765,0,,legit
txn_016766,0,,legit
txn_016767,0,,legit
txn_016768,0,,legit
txn_016769,0,,legit
txn_016770,0,,legit
txn_016771,0,,legit
txn_016772,0,,legit
txn_016773,0,,legit
txn_016774,0,,legit
txn_016775,0,,legit
txn_016776,0,,legit
txn_016777,0,,legit
txn_016778,0,,legit
txn_016779,0,,legit
txn_016780,0,,legit
txn_016781,0,,legit
txn_016782,0,,legit
txn_016783,0,,legit
txn_016784,0,,legit
txn_016785,0,,legit
txn_016786,0,,legit
txn_016787,0,,legit
txn_016788,0,,legit
txn_016789,0,,legit
txn_016790,0,,legit
txn_016791,0,,legit
txn_016792,0,,legit
txn_016793,0,,legit
txn_016794,0,,legit
txn_016795,0,,legit
txn_016796,0,,legit
txn_016797,0,,legit
txn_016798,0,,legit
txn_016799,0,,legit
txn_016800,0,,legit
txn_016801,0,,legit
txn_016802,0,,legit
txn_016803,0,,legit
txn_016804,0,,legit
txn_016805,0,,legit
txn_016806,0,,legit
txn_016807,0,,legit
txn_016808,0,,legit
txn_016809,0,,legit
txn_016810,0,,legit
txn_016811,0,,legit
txn_016812,0,,legit
txn_016813,0,,legit
txn_016814,0,,legit
txn_016815,0,,legit
txn_016816,0,,legit
txn_016817,0,,legit
txn_016818,0,,legit
txn_016819,0,,legit
txn_016820,0,,legit
txn_016821,0,,legit
txn_016822,0,,legit
txn_016823,0,,legit
txn_016824,0,,legit
txn_016825,0,,legit
txn_016826,0,,legit
txn_016827,0,,legit
txn_016828,0,,legit
txn_016829,0,,legit
txn_016830,0,,legit
txn_016831,0,,legit
txn_016832,0,,legit
txn_016833,0,,legit
txn_016834,0,,legit
txn_016835,0,,legit
txn_016836,0,,legit
txn_016837,0,,legit
txn_016838,0,,legit
txn_016839,0,,legit
txn_016840,0,,legit
txn_016841,0,,legit
txn_016842,0,,legit
txn_016843,0,,legit
txn_016844,0,,legit
txn_016845,0,,legit
txn_016846,0,,legit
txn_016847,0,,legit
txn_016848,0,,legit
txn_016849,0,,legit
txn_016850,0,,legit
txn_016851,0,,legit
txn_016852,0,,legit
txn_016853,0,,legit
txn_016854,0,,legit
txn_016855,0,,legit
txn_016856,0,,legit
txn_016857,0,,legit
txn_016858,0,,legit
txn_016859,0,,legit
txn_016860,0,,legit
txn_016861,0,,legit
txn_016862,0,,legit
txn_016863,0,,legit
txn_016864,0,,legit
txn_016865,0,,legit
txn_016866,0,,legit
txn_016867,0,,legit
txn_016868,0,,legit
txn_016869,0,,legit
txn_016870,0,,legit
txn_016871,0,,legit
txn_016872,0,,legit
txn_016873,0,,legit
txn_016874,0,,legit
txn_016875,0,,legit
txn_016876,0,,legit
txn_016877,0,,legit
txn_016878,0,,legit
txn_016879,0,,legit
txn_016880,0,,legit
txn_016881,0,,legit
txn_016882,0,,legit
txn_016883,0,,legit
txn_016884,0,,legit
txn_016885,0,,legit
txn_016886,0,,legit
txn_016887,0,,legit
txn_016888,0,,legit
txn_016889,0,,legit
txn_016890,0,,legit
txn_016891,0,,legit
txn_016892,0,,legit
txn_016893,0,,legit
txn_016894,0,,legit
txn_016895,0,,legit
txn_016896,0,,legit
txn_016897,0,,legit
txn_016898,0,,legit
txn_016899,0,,legit
txn_016900,0,,legit
txn_016901,0,,legit
txn_016902,0,,legit
txn_016903,0,,legit
txn_016904,0,,legit
txn_016905,0,,legit
txn_016906,0,,legit
txn_016907,0,,legit
txn_016908,0,,legit
txn_016909,0,,legit
txn_016910,0,,legit
txn_016911,0,,legit
txn_016912,0,,legit
txn_016913,0,,legit
txn_016914,0,,legit
txn_016915,0,,legit
txn_016916,0,,legit
txn_016917,0,,legit
txn_016918,0,,legit
txn_016919,0,,legit
txn_016920,0,,legit
txn_016921,0,,legit
txn_016922,0,,legit
txn_016923,0,,legit
txn_016924,0,,legit
txn_016925,0,,legit
txn_016926,0,,legit
txn_016927,0,,legit
txn_016928,0,,legit
txn_016929,0,,legit
txn_016930,0,,legit
txn_016931,0,,legit
txn_016932,0,,legit
txn_016933,0,,legit
txn_016934,0,,legit
txn_016935,0,,legit
txn_016936,0,,legit
txn_016937,0,,legit
txn_016938,0,,legit
txn_016939,0,,legit
txn_016940,0,,legit
txn_016941,0,,legit
txn_016942,0,,legit
txn_016943,0,,legit
txn_016944,0,,legit
txn_016945,0,,legit
txn_016946,0,,legit
txn_016947,0,,legit
txn_016948,0,,legit
txn_016949,0,,legit
txn_016950,0,,legit
txn_016951,0,,legit
txn_016952,0,,legit
txn_016953,0,,legit
txn_016954,0,,legit
txn_016955,0,,legit
txn_016956,0,,legit
txn_016957,0,,legit
txn_016958,0,,legit
txn_016959,0,,legit
txn_016960,0,,legit
txn_016961,0,,legit
txn_016962,0,,legit
txn_016963,0,,legit
txn_016964,0,,legit
txn_016965,0,,legit
txn_016966,0,,legit
txn_016967,0,,legit
txn_016968,0,,legit
txn_016969,0,,legit
txn_016970,0,,legit
txn_016971,0,,legit
txn_016972,0,,legit
txn_016973,0,,legit
txn_016974,0,,legit
txn_016975,0,,legit
txn_016976,0,,legit
txn_016977,0,,legit
txn_016978,0,,legit
txn_016979,0,,legit
txn_016980,0,,legit
txn_016981,0,,legit
txn_016982,0,,legit
txn_016983,0,,legit
txn_016984,0,,legit
txn_016985,0,,legit
txn_016986,0,,legit
txn_016987,0,,legit
txn_016988,0,,legit
txn_016989,0,,legit
txn_016990,0,,legit
txn_016991,0,,legit
txn_016992,0,,legit
txn_016993,0,,legit
txn_016994,0,,legit
txn_016995,0,,legit
txn_016996,0,,legit
txn_016997,0,,legit
txn_016998,0,,legit
txn_016999,0,,legit
txn_017000,0,,legit
txn_017001,0,,legit
txn_017002,0,,legit
txn_017003,0,,legit
txn_017004,0,,legit
txn_017005,0,,legit
txn_017006,0,,legit
txn_017007,0,,legit
txn_017008,0,,legit
txn_017009,0,,legit
txn_017010,0,,legit
txn_017011,0,,legit
txn_017012,0,,legit
txn_017013,0,,legit
txn_017014,0,,legit
txn_017015,0,,legit
txn_017016,0,,legit
txn_017017,0,,legit
txn_017018,0,,legit
txn_017019,0,,legit
txn_017020,0,,legit
txn_017021,0,,legit
txn_017022,0,,legit
txn_017023,0,,legit
txn_017024,0,,legit
txn_017025,0,,legit
txn_017026,0,,legit
txn_017027,0,,legit
txn_017028,0,,legit
txn_017029,0,,legit
txn_017030,0,,legit
txn_017031,0,,legit
txn_017032,0,,legit
txn_017033,0,,legit
txn_017034,0,,legit
txn_017035,0,,legit
txn_017036,0,,legit
txn_017037,0,,legit
txn_017038,0,,legit
txn_017039,0,,legit
txn_017040,0,,legit
txn_017041,0,,legit
txn_017042,0,,legit
txn_017043,0,,legit
txn_017044,0,,legit
txn_017045,0,,legit
txn_017046,0,,legit
txn_017047,0,,legit
txn_017048,0,,legit
txn_017049,0,,legit
txn_017050,0,,legit
txn_017051,0,,legit
txn_017052,0,,legit
txn_017053,0,,legit
txn_017054,0,,legit
txn_017055,0,,legit
txn_017056,0,,legit
txn_017057,0,,legit
txn_017058,0,,legit
txn_017059,0,,legit
txn_017060,0,,legit
txn_017061,0,,legit
txn_017062,0,,legit
txn_017063,0,,legit
txn_017064,0,,legit
txn_017065,0,,legit
txn_017066,0,,legit
txn_017067,0,,legit
txn_017068,0,,legit
txn_017069,0,,legit
txn_017070,0,,legit
txn_017071,0,,legit
txn_017072,0,,legit
txn_017073,0,,legit
txn_017074,0,,legit
txn_017075,0,,legit
txn_017076,0,,legit
txn_017077,0,,legit
txn_017078,0,,legit
txn_017079,0,,legit
txn_017080,0,,legit
txn_017081,0,,legit
txn_017082,0,,legit
txn_017083,0,,legit
txn_017084,0,,legit
txn_017085,0,,legit
txn_017086,0,,legit
txn_017087,0,,legit
txn_017088,0,,legit
txn_017089,0,,legit
txn_017090,0,,legit
txn_017091,0,,legit
txn_017092,0,,legit
txn_017093,0,,legit
txn_017094,0,,legit
txn_017095,0,,legit
txn_017096,0,,legit
txn_017097,0,,legit
txn_017098,0,,legit
txn_017099,0,,legit
txn_017100,0,,legit
txn_017101,0,,legit
txn_017102,0,,legit
txn_017103,0,,legit
txn_017104,0,,legit
txn_017105,0,,legit
txn_017106,0,,legit
txn_017107,0,,legit
txn_017108,0,,legit
txn_017109,0,,legit
txn_017110,0,,legit
txn_017111,0,,legit
txn_017112,0,,legit
txn_017113,0,,legit
txn_017114,0,,legit
txn_017115,0,,legit
txn_017116,0,,legit
txn_017117,0,,legit
txn_017118,0,,legit
txn_017119,0,,legit
txn_017120,0,,legit
txn_017121,0,,legit
txn_017122,0,,legit
txn_017123,0,,legit
txn_017124,0,,legit
txn_017125,0,,legit
txn_017126,0,,legit
txn_017127,0,,legit
txn_017128,0,,legit
txn_017129,0,,legit
txn_017130,0,,legit
txn_017131,0,,legit
txn_017132,0,,legit
txn_017133,0,,legit
txn_017134,0,,legit
txn_017135,0,,legit
txn_017136,0,,legit
txn_017137,0,,legit
txn_017138,0,,legit
txn_017139,0,,legit
txn_017140,0,,legit
txn_017141,0,,legit
txn_017142,0,,legit
txn_017143,0,,legit
txn_017144,0,,legit
txn_017145,0,,legit
txn_017146,0,,legit
txn_017147,0,,legit
txn_017148,0,,legit
txn_017149,0,,legit
txn_017150,0,,legit
txn_017151,0,,legit
txn_017152,0,,legit
txn_017153,0,,legit
txn_017154,0,,legit
txn_017155,0,,legit
txn_017156,0,,legit
txn_017157,0,,legit
txn_017158,0,,legit
txn_017159,0,,legit
txn_017160,0,,legit
txn_017161,0,,legit
txn_017162,0,,legit
txn_017163,0,,legit
txn_017164,0,,legit
txn_017165,0,,legit
txn_017166,0,,legit
txn_017167,0,,legit
txn_017168,0,,legit
txn_017169,0,,legit
txn_017170,0,,legit
txn_017171,0,,legit
txn_017172,0,,legit
txn_017173,0,,legit
txn_017174,0,,legit
txn_017175,0,,legit
txn_017176,0,,legit
txn_017177,0,,legit
txn_017178,0,,legit
txn_017179,0,,legit
txn_017180,0,,legit
txn_017181,0,,legit
txn_017182,0,,legit
txn_017183,0,,legit
txn_017184,0,,legit
txn_017185,0,,legit
txn_017186,0,,legit
txn_017187,0,,legit
txn_017188,0,,legit
txn_017189,0,,legit
txn_017190,0,,legit
txn_017191,0,,legit
txn_017192,0,,legit
txn_017193,0,,legit
txn_017194,0,,legit
txn_017195,0,,legit
txn_017196,0,,legit
txn_017197,0,,legit
txn_017198,0,,legit
txn_017199,0,,legit
txn_017200,0,,legit
txn_017201,0,,legit
txn_017202,0,,legit
txn_017203,0,,legit
txn_017204,0,,legit
txn_017205,0,,legit
txn_017206,0,,legit
txn_017207,0,,legit
txn_017208,0,,legit
txn_017209,0,,legit
txn_017210,0,,legit
txn_017211,0,,legit
txn_017212,0,,legit
txn_017213,0,,legit
txn_017214,0,,legit
txn_017215,0,,legit
txn_017216,0,,legit
txn_017217,0,,legit
txn_017218,0,,legit
txn_017219,0,,legit
txn_017220,0,,legit
txn_017221,0,,legit
txn_017222,0,,legit
txn_017223,0,,legit
txn_017224,0,,legit
txn_017225,0,,legit
txn_017226,0,,legit
txn_017227,0,,legit
txn_017228,0,,legit
txn_017229,0,,legit
txn_017230,0,,legit
txn_017231,0,,legit
txn_017232,0,,legit
txn_017233,0,,legit
txn_017234,0,,legit
txn_017235,0,,legit
txn_017236,0,,legit
txn_017237,0,,legit
txn_017238,0,,legit
txn_017239,0,,legit
txn_017240,0,,legit
txn_017241,0,,legit
txn_017242,0,,legit
txn_017243,0,,legit
txn_017244,0,,legit
txn_017245,0,,legit
txn_017246,0,,legit
txn_017247,0,,legit
txn_017248,0,,legit
txn_017249,0,,legit
txn_017250,0,,legit
txn_017251,0,,legit
txn_017252,0,,legit
txn_017253,0,,legit
txn_017254,0,,legit
txn_017255,0,,legit
txn_017256,0,,legit
txn_017257,0,,legit
txn_017258,0,,legit
txn_017259,0,,legit
txn_017260,0,,legit
txn_017261,0,,legit
txn_017262,0,,legit
txn_017263,0,,legit
txn_017264,0,,legit
txn_017265,0,,legit
txn_017266,0,,legit
txn_017267,0,,legit
txn_017268,0,,legit
txn_017269,0,,legit
txn_017270,0,,legit
txn_017271,0,,legit
txn_017272,0,,legit
txn_017273,0,,legit
txn_017274,0,,legit
txn_017275,0,,legit
txn_017276,0,,legit
txn_017277,0,,legit
txn_017278,0,,legit
txn_017279,0,,legit
txn_017280,0,,legit
txn_017281,0,,legit
txn_017282,0,,legit
txn_017283,0,,legit
txn_017284,0,,legit
txn_017285,0,,legit
txn_017286,0,,legit
txn_017287,0,,legit
txn_017288,0,,legit
txn_017289,0,,legit
txn_017290,0,,legit
txn_017291,0,,legit
txn_017292,0,,legit
txn_017293,0,,legit
txn_017294,0,,legit
txn_017295,0,,legit
txn_017296,0,,legit
txn_017297,0,,legit
txn_017298,0,,legit
txn_017299,0,,legit
txn_017300,0,,legit
txn_017301,0,,legit
txn_017302,0,,legit
txn_017303,0,,legit
txn_017304,0,,legit
txn_017305,0,,legit
txn_017306,0,,legit
txn_017307,0,,legit
txn_017308,0,,legit
txn_017309,0,,legit
txn_017310,0,,legit
txn_017311,0,,legit
txn_017312,0,,legit
txn_017313,0,,legit
txn_017314,0,,legit
txn_017315,0,,legit
txn_017316,0,,legit
txn_017317,0,,legit
txn_017318,0,,legit
txn_017319,0,,legit
txn_017320,0,,legit
txn_017321,0,,legit
txn_017322,0,,legit
txn_017323,0,,legit
txn_017324,0,,legit
txn_017325,0,,legit
txn_017326,0,,legit
txn_017327,0,,legit
txn_017328,0,,legit
txn_017329,0,,legit
txn_017330,0,,legit
txn_017331,0,,legit
txn_017332,0,,legit
txn_017333,0,,legit
txn_017334,0,,legit
txn_017335,0,,legit
txn_017336,0,,legit
txn_017337,0,,legit
txn_017338,0,,legit
txn_017339,0,,legit
txn_017340,0,,legit
txn_017341,0,,legit
txn_017342,0,,legit
txn_017343,0,,legit
txn_017344,0,,legit
txn_017345,0,,legit
txn_017346,0,,legit
txn_017347,0,,legit
txn_017348,0,,legit
txn_017349,0,,legit
txn_017350,0,,legit
txn_017351,0,,legit
txn_017352,0,,legit
txn_017353,0,,legit
txn_017354,0,,legit
txn_017355,0,,legit
txn_017356,0,,legit
txn_017357,0,,legit
txn_017358,0,,legit
txn_017359,0,,legit
txn_017360,0,,legit
txn_017361,0,,legit
txn_017362,0,,legit
txn_017363,0,,legit
txn_017364,0,,legit
txn_017365,0,,legit
txn_017366,0,,legit
txn_017367,0,,legit
txn_017368,0,,legit
txn_017369,0,,legit
txn_017370,0,,legit
txn_017371,0,,legit
txn_017372,0,,legit
txn_017373,0,,legit
txn_017374,0,,legit
txn_017375,0,,legit
txn_017376,0,,legit
txn_017377,0,,legit
txn_017378,0,,legit
txn_017379,0,,legit
txn_017380,0,,legit
txn_017381,0,,legit
txn_017382,0,,legit
txn_017383,0,,legit
txn_017384,0,,legit
txn_017385,0,,legit
txn_017386,0,,legit
txn_017387,0,,legit
txn_017388,0,,legit
txn_017389,0,,legit
txn_017390,0,,legit
txn_017391,0,,legit
txn_017392,0,,legit
txn_017393,0,,legit
txn_017394,0,,legit
txn_017395,0,,legit
txn_017396,0,,legit
txn_017397,0,,legit
txn_017398,0,,legit
txn_017399,0,,legit
txn_017400,0,,legit
txn_017401,0,,legit
txn_017402,0,,legit
txn_017403,0,,legit
txn_017404,0,,legit
txn_017405,0,,legit
txn_017406,0,,legit
txn_017407,0,,legit
txn_017408,0,,legit
txn_017409,0,,legit
txn_017410,0,,legit
txn_017411,0,,legit
txn_017412,0,,legit
txn_017413,0,,legit
txn_017414,0,,legit
txn_017415,0,,legit
txn_017416,0,,legit
txn_017417,0,,legit
txn_017418,0,,legit
txn_017419,0,,legit
txn_017420,0,,legit
txn_017421,0,,legit
txn_017422,0,,legit
txn_017423,0,,legit
txn_017424,0,,legit
txn_017425,0,,legit
txn_017426,0,,legit
txn_017427,0,,legit
txn_017428,0,,legit
txn_017429,0,,legit
txn_017430,0,,legit
txn_017431,0,,legit
txn_017432,0,,legit
txn_017433,0,,legit
txn_017434,0,,legit
txn_017435,0,,legit
txn_017436,0,,legit
txn_017437,0,,legit
txn_017438,0,,legit
txn_017439,0,,legit
txn_017440,0,,legit
txn_017441,0,,legit
txn_017442,0,,legit
txn_017443,0,,legit
txn_017444,0,,legit
txn_017445,0,,legit
txn_017446,0,,legit
txn_017447,0,,legit
txn_017448,0,,legit
txn_017449,0,,legit
txn_017450,0,,legit
txn_017451,0,,legit
txn_017452,0,,legit
txn_017453,0,,legit
txn_017454,0,,legit
txn_017455,0,,legit
txn_017456,0,,legit
txn_017457,0,,legit
txn_017458,0,,legit
txn_017459,0,,legit
txn_017460,0,,legit
txn_017461,0,,legit
txn_017462,0,,legit
txn_017463,0,,legit
txn_017464,0,,legit
txn_017465,0,,legit
txn_017466,0,,legit
txn_017467,0,,legit
txn_017468,0,,legit
txn_017469,0,,legit
txn_017470,0,,legit
txn_017471,0,,legit
txn_017472,0,,legit
txn_017473,0,,legit
txn_017474,0,,legit
txn_017475,0,,legit
txn_017476,0,,legit
txn_017477,0,,legit
txn_017478,0,,legit
txn_017479,0,,legit
txn_017480,0,,legit
txn_017481,0,,legit
txn_017482,0,,legit
txn_017483,0,,legit
txn_017484,0,,legit
txn_017485,0,,legit
txn_017486,0,,legit
txn_017487,0,,legit
txn_017488,0,,legit
txn_017489,0,,legit
txn_017490,0,,legit
txn_017491,0,,legit
txn_017492,0,,legit
txn_017493,0,,legit
txn_017494,0,,legit
txn_017495,0,,legit
txn_017496,0,,legit
txn_017497,0,,legit
txn_017498,0,,legit
txn_017499,0,,legit
txn_017500,0,,legit
txn_017501,0,,legit
txn_017502,0,,legit
txn_017503,0,,legit
txn_017504,0,,legit
txn_017505,0,,legit
txn_017506,0,,legit
txn_017507,0,,legit
txn_017508,0,,legit
txn_017509,0,,legit
txn_017510,0,,legit
txn_017511,0,,legit
txn_017512,0,,legit
txn_017513,0,,legit
txn_017514,0,,legit
txn_017515,0,,legit
txn_017516,0,,legit
txn_017517,0,,legit
txn_017518,0,,legit
txn_017519,0,,legit
txn_017520,0,,legit
txn_017521,0,,legit
txn_017522,0,,legit
txn_017523,0,,legit
txn_017524,0,,legit
txn_017525,0,,legit
txn_017526,0,,legit
txn_017527,0,,legit
txn_017528,0,,legit
txn_017529,0,,legit
txn_017530,0,,legit
txn_017531,0,,legit
txn_017532,0,,legit
txn_017533,0,,legit
txn_017534,0,,legit
txn_017535,0,,legit
txn_017536,0,,legit
txn_017537,0,,legit
txn_017538,0,,legit
txn_017539,0,,legit
txn_017540,0,,legit
txn_017541,0,,legit
txn_017542,0,,legit
txn_017543,0,,legit
txn_017544,0,,legit
txn_017545,0,,legit
txn_017546,0,,legit
txn_017547,0,,legit
txn_017548,0,,legit
txn_017549,0,,legit
txn_017550,0,,legit
txn_017551,0,,legit
txn_017552,0,,legit
txn_017553,0,,legit
txn_017554,0,,legit
txn_017555,0,,legit
txn_017556,0,,legit
txn_017557,0,,legit
txn_017558,0,,legit
txn_017559,0,,legit
txn_017560,0,,legit
txn_017561,0,,legit
txn_017562,0,,legit
txn_017563,0,,legit
txn_017564,0,,legit
txn_017565,0,,legit
txn_017566,0,,legit
txn_017567,0,,legit
txn_017568,0,,legit
txn_017569,0,,legit
txn_017570,0,,legit
txn_017571,0,,legit
txn_017572,0,,legit
txn_017573,0,,legit
txn_017574,0,,legit
txn_017575,0,,legit
txn_017576,0,,legit
txn_017577,0,,legit
txn_017578,0,,legit
txn_017579,0,,legit
txn_017580,0,,legit
txn_017581,0,,legit
txn_017582,0,,legit
txn_017583,0,,legit
txn_017584,0,,legit
txn_017585,0,,legit
txn_017586,0,,legit
txn_017587,0,,legit
txn_017588,0,,legit
txn_017589,0,,legit
txn_017590,0,,legit
txn_017591,0,,legit
txn_017592,0,,legit
txn_017593,0,,legit
txn_017594,0,,legit
txn_017595,0,,legit
txn_017596,0,,legit
txn_017597,0,,legit
txn_017598,0,,legit
txn_017599,0,,legit
txn_017600,0,,legit
txn_017601,0,,legit
txn_017602,0,,legit
txn_017603,0,,legit
txn_017604,0,,legit
txn_017605,0,,legit
txn_017606,0,,legit
txn_017607,0,,legit
txn_017608,0,,legit
txn_017609,0,,legit
txn_017610,0,,legit
txn_017611,0,,legit
txn_017612,0,,legit
txn_017613,0,,legit
txn_017614,0,,legit
txn_017615,0,,legit
txn_017616,0,,legit
txn_017617,0,,legit
txn_017618,0,,legit
txn_017619,0,,legit
txn_017620,0,,legit
txn_017621,0,,legit
txn_017622,0,,legit
txn_017623,0,,legit
txn_017624,0,,legit
txn_017625,0,,legit
txn_017626,0,,legit
txn_017627,0,,legit
txn_017628,0,,legit
txn_017629,0,,legit
txn_017630,0,,legit
txn_017631,0,,legit
txn_017632,0,,legit
txn_017633,0,,legit
txn_017634,0,,legit
txn_017635,0,,legit
txn_017636,0,,legit
txn_017637,0,,legit
txn_017638,0,,legit
txn_017639,0,,legit
txn_017640,0,,legit
txn_017641,0,,legit
txn_017642,0,,legit
txn_017643,0,,legit
txn_017644,0,,legit
txn_017645,0,,legit
txn_017646,0,,legit
txn_017647,0,,legit
txn_017648,0,,legit
txn_017649,0,,legit
txn_017650,0,,legit
txn_017651,0,,legit
txn_017652,0,,legit
txn_017653,0,,legit
txn_017654,0,,legit
txn_017655,0,,legit
txn_017656,0,,legit
txn_017657,0,,legit
txn_017658,0,,legit
txn_017659,0,,legit
txn_017660,0,,legit
txn_017661,0,,legit
txn_017662,0,,legit
txn_017663,0,,legit
txn_017664,0,,legit
txn_017665,0,,legit
txn_017666,0,,legit
txn_017667,0,,legit
txn_017668,0,,legit
txn_017669,0,,legit
txn_017670,0,,legit
txn_017671,0,,legit
txn_017672,0,,legit
txn_017673,0,,legit
txn_017674,0,,legit
txn_017675,0,,legit
txn_017676,0,,legit
txn_017677,0,,legit
txn_017678,0,,legit
txn_017679,0,,legit
txn_017680,0,,legit
txn_017681,0,,legit
txn_017682,0,,legit
txn_017683,0,,legit
txn_017684,0,,legit
txn_017685,0,,legit
txn_017686,0,,legit
txn_017687,0,,legit
txn_017688,0,,legit
txn_017689,0,,legit
txn_017690,0,,legit
txn_017691,0,,legit
txn_017692,0,,legit
txn_017693,0,,legit
txn_017694,0,,legit
txn_017695,0,,legit
txn_017696,0,,legit
txn_017697,0,,legit
txn_017698,0,,legit
txn_017699,0,,legit
txn_017700,0,,legit
txn_017701,0,,legit
txn_017702,0,,legit
txn_017703,0,,legit
txn_017704,0,,legit
txn_017705,0,,legit
txn_017706,0,,legit
txn_017707,0,,legit
txn_017708,0,,legit
txn_017709,0,,legit
txn_017710,0,,legit
txn_017711,0,,legit
txn_017712,0,,legit
txn_017713,0,,legit
txn_017714,0,,legit
txn_017715,0,,legit
txn_017716,0,,legit
txn_017717,0,,legit
txn_017718,0,,legit
txn_017719,0,,legit
txn_017720,0,,legit
txn_017721,0,,legit
txn_017722,0,,legit
txn_017723,0,,legit
txn_017724,0,,legit
txn_017725,0,,legit
txn_017726,0,,legit
txn_017727,0,,legit
txn_017728,0,,legit
txn_017729,0,,legit
txn_017730,0,,legit
txn_017731,0,,legit
txn_017732,0,,legit
txn_017733,0,,legit
txn_017734,0,,legit
txn_017735,0,,legit
txn_017736,0,,legit
txn_017737,0,,legit
txn_017738,0,,legit
txn_017739,0,,legit
txn_017740,0,,legit
txn_017741,0,,legit
txn_017742,0,,legit
txn_017743,0,,legit
txn_017744,0,,legit
txn_017745,0,,legit
txn_017746,0,,legit
txn_017747,0,,legit
txn_017748,0,,legit
txn_017749,0,,legit
txn_017750,0,,legit
txn_017751,0,,legit
txn_017752,0,,legit
txn_017753,0,,legit
txn_017754,0,,legit
txn_017755,0,,legit
txn_017756,0,,legit
txn_017757,0,,legit
txn_017758,0,,legit
txn_017759,0,,legit
txn_017760,0,,legit
txn_017761,0,,legit
txn_017762,0,,legit
txn_017763,0,,legit
txn_017764,0,,legit
txn_017765,0,,legit
txn_017766,0,,legit
txn_017767,0,,legit
txn_017768,0,,legit
txn_017769,0,,legit
txn_017770,0,,legit
txn_017771,0,,legit
txn_017772,0,,legit
txn_017773,0,,legit
txn_017774,0,,legit
txn_017775,0,,legit
txn_017776,0,,legit
txn_017777,0,,legit
txn_017778,0,,legit
txn_017779,0,,legit
txn_017780,0,,legit
txn_017781,0,,legit
txn_017782,0,,legit
txn_017783,0,,legit
txn_017784,0,,legit
txn_017785,0,,legit
txn_017786,0,,legit
txn_017787,0,,legit
txn_017788,0,,legit
txn_017789,0,,legit
txn_017790,0,,legit
txn_017791,0,,legit
txn_017792,0,,legit
txn_017793,0,,legit
txn_017794,0,,legit
txn_017795,0,,legit
txn_017796,0,,legit
txn_017797,0,,legit
txn_017798,0,,legit
txn_017799,0,,legit
txn_017800,0,,legit
txn_017801,0,,legit
txn_017802,0,,legit
txn_017803,0,,legit
txn_017804,0,,legit
txn_017805,0,,legit
txn_017806,0,,legit
txn_017807,0,,legit
txn_017808,0,,legit
txn_017809,0,,legit
txn_017810,0,,legit
txn_017811,0,,legit
txn_017812,0,,legit
txn_017813,0,,legit
txn_017814,0,,legit
txn_017815,0,,legit
txn_017816,0,,legit
txn_017817,0,,legit
txn_017818,0,,legit
txn_017819,0,,legit
txn_017820,0,,legit
txn_017821,0,,legit
txn_017822,0,,legit
txn_017823,0,,legit
txn_017824,0,,legit
txn_017825,0,,legit
txn_017826,0,,legit
txn_017827,0,,legit
txn_017828,0,,legit
txn_017829,0,,legit
txn_017830,0,,legit
txn_017831,0,,legit
txn_017832,0,,legit
txn_017833,0,,legit
txn_017834,0,,legit
txn_017835,0,,legit
txn_017836,0,,legit
txn_017837,0,,legit
txn_017838,0,,legit
txn_017839,0,,legit
txn_017840,0,,legit
txn_017841,0,,legit
txn_017842,0,,legit
txn_017843,0,,legit
txn_017844,0,,legit
txn_017845,0,,legit
txn_017846,0,,legit
txn_017847,0,,legit
txn_017848,0,,legit
txn_017849,0,,legit
txn_017850,0,,legit
txn_017851,0,,legit
txn_017852,0,,legit
txn_017853,0,,legit
txn_017854,0,,legit
txn_017855,0,,legit
txn_017856,0,,legit
txn_017857,0,,legit
txn_017858,0,,legit
txn_017859,0,,legit
txn_017860,0,,legit
txn_017861,0,,legit
txn_017862,0,,legit
txn_017863,0,,legit
txn_017864,0,,legit
txn_017865,0,,legit
txn_017866,0,,legit
txn_017867,0,,legit
txn_017868,0,,legit
txn_017869,0,,legit
txn_017870,0,,legit
txn_017871,0,,legit
txn_017872,0,,legit
txn_017873,0,,legit
txn_017874,0,,legit
txn_017875,0,,legit
txn_017876,0,,legit
txn_017877,0,,legit
txn_017878,0,,legit
txn_017879,0,,legit
txn_017880,0,,legit
txn_017881,0,,legit
txn_017882,0,,legit
txn_017883,0,,legit
txn_017884,0,,legit
txn_017885,0,,legit
txn_017886,0,,legit
txn_017887,0,,legit
txn_017888,0,,legit
txn_017889,0,,legit
txn_017890,0,,legit
txn_017891,0,,legit
txn_017892,0,,legit
txn_017893,0,,legit
txn_017894,0,,legit
txn_017895,0,,legit
txn_017896,0,,legit
txn_017897,0,,legit
txn_017898,0,,legit
txn_017899,0,,legit
txn_017900,0,,legit
txn_017901,0,,legit
txn_017902,0,,legit
txn_017903,0,,legit
txn_017904,0,,legit
txn_017905,0,,legit
txn_017906,0,,legit
txn_017907,0,,legit
txn_017908,0,,legit
txn_017909,0,,legit
txn_017910,0,,legit
txn_017911,0,,legit
txn_017912,0,,legit
txn_017913,0,,legit
txn_017914,0,,legit
txn_017915,0,,legit
txn_017916,0,,legit
txn_017917,0,,legit
txn_017918,0,,legit
txn_017919,0,,legit
txn_017920,0,,legit
txn_017921,0,,legit
txn_017922,0,,legit
txn_017923,0,,legit
txn_017924,0,,legit
txn_017925,0,,legit
txn_017926,0,,legit
txn_017927,0,,legit
txn_017928,0,,legit
txn_017929,0,,legit
txn_017930,0,,legit
txn_017931,0,,legit
txn_017932,0,,legit
txn_017933,0,,legit
txn_017934,0,,legit
txn_017935,0,,legit
txn_017936,0,,legit
txn_017937,0,,legit
txn_017938,0,,legit
txn_017939,0,,legit
txn_017940,0,,legit
txn_017941,0,,legit
txn_017942,0,,legit
txn_017943,0,,legit
txn_017944,0,,legit
txn_017945,0,,legit
txn_017946,0,,legit
txn_017947,0,,legit
txn_017948,0,,legit
txn_017949,0,,legit
txn_017950,0,,legit
txn_017951,0,,legit
txn_017952,0,,legit
txn_017953,0,,legit
txn_017954,0,,legit
txn_017955,0,,legit
txn_017956,0,,legit
txn_017957,0,,legit
txn_017958,0,,legit
txn_017959,0,,legit
txn_017960,0,,legit
txn_017961,0,,legit
txn_017962,0,,legit
txn_017963,0,,legit
txn_017964,0,,legit
txn_017965,0,,legit
txn_017966,0,,legit
txn_017967,0,,legit
txn_017968,0,,legit
txn_017969,0,,legit
txn_017970,0,,legit
txn_017971,0,,legit
txn_017972,0,,legit
txn_017973,0,,legit
txn_017974,0,,legit
txn_017975,0,,legit
txn_017976,0,,legit
txn_017977,0,,legit
txn_017978,0,,legit
txn_017979,0,,legit
txn_017980,0,,legit
txn_017981,0,,legit
txn_017982,0,,legit
txn_017983,0,,legit
txn_017984,0,,legit
txn_017985,0,,legit
txn_017986,0,,legit
txn_017987,0,,legit
txn_017988,0,,legit
txn_017989,0,,legit
txn_017990,0,,legit
txn_017991,0,,legit
txn_017992,0,,legit
txn_017993,0,,legit
txn_017994,0,,legit
txn_017995,0,,legit
txn_017996,0,,legit
txn_017997,0,,legit
txn_017998,0,,legit
txn_017999,0,,legit
txn_018000,0,,legit
txn_018001,0,,legit
txn_018002,0,,legit
txn_018003,0,,legit
txn_018004,0,,legit
txn_018005,0,,legit
txn_018006,0,,legit
txn_018007,0,,legit
txn_018008,0,,legit
txn_018009,0,,legit
txn_018010,0,,legit
txn_018011,0,,legit
txn_018012,0,,legit
txn_018013,0,,legit
txn_018014,0,,legit
txn_018015,0,,legit
txn_018016,0,,legit
txn_018017,0,,legit
txn_018018,0,,legit
txn_018019,0,,legit
txn_018020,0,,legit
txn_018021,0,,legit
txn_018022,0,,legit
txn_018023,0,,legit
txn_018024,0,,legit
txn_018025,0,,legit
txn_018026,0,,legit
txn_018027,0,,legit
txn_018028,0,,legit
txn_018029,0,,legit
txn_018030,0,,legit
txn_018031,0,,legit
txn_018032,0,,legit
txn_018033,0,,legit
txn_018034,0,,legit
txn_018035,0,,legit
txn_018036,0,,legit
txn_018037,0,,legit
txn_018038,0,,legit
txn_018039,0,,legit
txn_018040,0,,legit
txn_018041,0,,legit
txn_018042,0,,legit
txn_018043,0,,legit
txn_018044,0,,legit
txn_018045,0,,legit
txn_018046,0,,legit
txn_018047,0,,legit
txn_018048,0,,legit
txn_018049,0,,legit
txn_018050,0,,legit
txn_018051,0,,legit
txn_018052,0,,legit
txn_018053,0,,legit
txn_018054,0,,legit
txn_018055,0,,legit
txn_018056,0,,legit
txn_018057,0,,legit
txn_018058,0,,legit
txn_018059,0,,legit
txn_018060,0,,legit
txn_018061,0,,legit
txn_018062,0,,legit
txn_018063,0,,legit
txn_018064,0,,legit
txn_018065,0,,legit
txn_018066,0,,legit
txn_018067,0,,legit
txn_018068,0,,legit
txn_018069,0,,legit
txn_018070,0,,legit
txn_018071,0,,legit
txn_018072,0,,legit
txn_018073,0,,legit
txn_018074,0,,legit
txn_018075,0,,legit
txn_018076,0,,legit
txn_018077,0,,legit
txn_018078,0,,legit
txn_018079,0,,legit
txn_018080,0,,legit
txn_018081,0,,legit
txn_018082,0,,legit
txn_018083,0,,legit
txn_018084,0,,legit
txn_018085,0,,legit
txn_018086,0,,legit
txn_018087,0,,legit
txn_018088,0,,legit
txn_018089,0,,legit
txn_018090,0,,legit
txn_018091,0,,legit
txn_018092,0,,legit
txn_018093,0,,legit
txn_018094,0,,legit
txn_018095,0,,legit
txn_018096,0,,legit
txn_018097,0,,legit
txn_018098,0,,legit
txn_018099,0,,legit
txn_018100,0,,legit
txn_018101,0,,legit
txn_018102,0,,legit
txn_018103,0,,legit
txn_018104,0,,legit
txn_018105,0,,legit
txn_018106,0,,legit
txn_018107,0,,legit
txn_018108,0,,legit
txn_018109,0,,legit
txn_018110,0,,legit
txn_018111,0,,legit
txn_018112,0,,legit
txn_018113,0,,legit
txn_018114,0,,legit
txn_018115,0,,legit
txn_018116,0,,legit
txn_018117,0,,legit
txn_018118,0,,legit
txn_018119,0,,legit
txn_018120,0,,legit
txn_018121,0,,legit
txn_018122,0,,legit
txn_018123,0,,legit
txn_018124,0,,legit
txn_018125,0,,legit
txn_018126,0,,legit
txn_018127,0,,legit
txn_018128,0,,legit
txn_018129,0,,legit
txn_018130,0,,legit
txn_018131,0,,legit
txn_018132,0,,legit
txn_018133,0,,legit
txn_018134,0,,legit
txn_018135,0,,legit
txn_018136,0,,legit
txn_018137,0,,legit
txn_018138,0,,legit
txn_018139,0,,legit
txn_018140,0,,legit
txn_018141,0,,legit
txn_018142,0,,legit
txn_018143,0,,legit
txn_018144,0,,legit
txn_018145,0,,legit
txn_018146,0,,legit
txn_018147,0,,legit
txn_018148,0,,legit
txn_018149,0,,legit
txn_018150,0,,legit
txn_018151,0,,legit
txn_018152,0,,legit
txn_018153,0,,legit
txn_018154,0,,legit
txn_018155,0,,legit
txn_018156,0,,legit
txn_018157,0,,legit
txn_018158,0,,legit
txn_018159,0,,legit
txn_018160,0,,legit
txn_018161,0,,legit
txn_018162,0,,legit
txn_018163,0,,legit
txn_018164,0,,legit
txn_018165,0,,legit
txn_018166,0,,legit
txn_018167,0,,legit
txn_018168,0,,legit
txn_018169,0,,legit
txn_018170,0,,legit
txn_018171,0,,legit
txn_018172,0,,legit
txn_018173,0,,legit
txn_018174,0,,legit
txn_018175,0,,legit
txn_018176,0,,legit
txn_018177,0,,hard_neg_travel
txn_018178,0,,hard_neg_travel
txn_018179,0,,hard_neg_travel
txn_018180,0,,hard_neg_travel
txn_018181,0,,hard_neg_travel
txn_018182,0,,hard_neg_travel
txn_018183,0,,hard_neg_travel
txn_018184,0,,hard_neg_travel
txn_018185,0,,hard_neg_travel
txn_018186,0,,hard_neg_travel
txn_018187,0,,hard_neg_travel
txn_018188,0,,hard_neg_travel
txn_018189,0,,hard_neg_travel
txn_018190,0,,hard_neg_travel
txn_018191,0,,hard_neg_travel
txn_018192,0,,hard_neg_travel
txn_018193,0,,hard_neg_travel
txn_018194,0,,hard_neg_travel
txn_018195,0,,hard_neg_travel
txn_018196,0,,hard_neg_travel
txn_018197,0,,hard_neg_travel
txn_018198,0,,hard_neg_travel
txn_018199,0,,hard_neg_travel
txn_018200,0,,hard_neg_travel
txn_018201,0,,hard_neg_travel
txn_018202,0,,hard_neg_travel
txn_018203,0,,hard_neg_travel
txn_018204,0,,hard_neg_travel
txn_018205,0,,hard_neg_travel
txn_018206,0,,hard_neg_travel
txn_018207,0,,hard_neg_travel
txn_018208,0,,legit
txn_018209,0,,legit
txn_018210,0,,legit
txn_018211,0,,legit
txn_018212,0,,legit
txn_018213,0,,legit
txn_018214,0,,legit
txn_018215,0,,legit
txn_018216,0,,legit
txn_018217,0,,legit
txn_018218,0,,legit
txn_018219,0,,legit
txn_018220,0,,legit
txn_018221,0,,legit
txn_018222,0,,legit
txn_018223,0,,legit
txn_018224,0,,legit
txn_018225,0,,legit
txn_018226,0,,legit
txn_018227,0,,legit
txn_018228,0,,legit
txn_018229,0,,legit
txn_018230,0,,legit
txn_018231,0,,legit
txn_018232,0,,legit
txn_018233,0,,legit
txn_018234,0,,legit
txn_018235,0,,legit
txn_018236,0,,legit
txn_018237,0,,legit
txn_018238,0,,legit
txn_018239,0,,legit
txn_018240,0,,legit
txn_018241,0,,legit
txn_018242,0,,legit
txn_018243,0,,legit
txn_018244,0,,legit
txn_018245,0,,legit
txn_018246,0,,legit
txn_018247,0,,legit
txn_018248,0,,legit
txn_018249,0,,legit
txn_018250,0,,legit
txn_018251,0,,legit
txn_018252,0,,legit
txn_018253,0,,legit
txn_018254,0,,legit
txn_018255,0,,legit
txn_018256,0,,legit
txn_018257,0,,legit
txn_018258,0,,legit
txn_018259,0,,legit
txn_018260,0,,legit
txn_018261,0,,legit
txn_018262,0,,legit
txn_018263,0,,legit
txn_018264,0,,legit
txn_018265,0,,legit
txn_018266,0,,legit
txn_018267,0,,legit
txn_018268,0,,legit
txn_018269,0,,legit
txn_018270,0,,legit
txn_018271,0,,legit
txn_018272,0,,legit
txn_018273,0,,legit
txn_018274,0,,legit
txn_018275,0,,legit
txn_018276,0,,legit
txn_018277,0,,legit
txn_018278,0,,legit
txn_018279,0,,legit
txn_018280,0,,legit
txn_018281,0,,legit
txn_018282,0,,legit
txn_018283,0,,legit
txn_018284,0,,legit
txn_018285,0,,legit
txn_018286,0,,legit
txn_018287,0,,legit
txn_018288,0,,legit
txn_018289,0,,legit
txn_018290,0,,legit
txn_018291,0,,legit
txn_018292,0,,legit
txn_018293,0,,legit
txn_018294,0,,legit
txn_018295,0,,legit
txn_018296,0,,legit
txn_018297,0,,legit
txn_018298,0,,legit
txn_018299,0,,legit
txn_018300,0,,legit
txn_018301,0,,legit
txn_018302,0,,legit
txn_018303,0,,legit
txn_018304,0,,legit
txn_018305,0,,legit
txn_018306,0,,legit
txn_018307,0,,legit
txn_018308,0,,legit
txn_018309,0,,legit
txn_018310,0,,legit
txn_018311,0,,legit
txn_018312,0,,legit
txn_018313,0,,legit
txn_018314,0,,legit
txn_018315,0,,legit
txn_018316,0,,legit
txn_018317,0,,legit
txn_018318,0,,legit
txn_018319,0,,legit
txn_018320,0,,legit
txn_018321,0,,legit
txn_018322,0,,legit
txn_018323,0,,legit
txn_018324,0,,legit
txn_018325,0,,legit
txn_018326,0,,legit
txn_018327,0,,legit
txn_018328,0,,legit
txn_018329,0,,legit
txn_018330,0,,legit
txn_018331,0,,legit
txn_018332,0,,legit
txn_018333,0,,legit
txn_018334,0,,legit
txn_018335,0,,legit
txn_018336,0,,legit
txn_018337,0,,legit
txn_018338,0,,legit
txn_018339,0,,legit
txn_018340,0,,legit
txn_018341,0,,legit
txn_018342,0,,legit
txn_018343,0,,legit
txn_018344,0,,legit
txn_018345,0,,legit
txn_018346,0,,legit
txn_018347,0,,legit
txn_018348,0,,legit
txn_018349,0,,legit
txn_018350,0,,legit
txn_018351,0,,legit
txn_018352,0,,legit
txn_018353,0,,legit
txn_018354,0,,legit
txn_018355,0,,legit
txn_018356,0,,legit
txn_018357,0,,legit
txn_018358,0,,legit
txn_018359,0,,legit
txn_018360,0,,legit
txn_018361,0,,legit
txn_018362,0,,legit
txn_018363,0,,legit
txn_018364,0,,legit
txn_018365,0,,legit
txn_018366,0,,legit
txn_018367,0,,legit
txn_018368,0,,legit
txn_018369,0,,legit
txn_018370,0,,legit
txn_018371,0,,legit
txn_018372,0,,legit
txn_018373,0,,legit
txn_018374,0,,legit
txn_018375,0,,legit
txn_018376,0,,legit
txn_018377,0,,legit
txn_018378,0,,legit
txn_018379,0,,legit
txn_018380,0,,legit
txn_018381,0,,legit
txn_018382,0,,legit
txn_018383,0,,legit
txn_018384,0,,legit
txn_018385,0,,legit
txn_018386,0,,legit
txn_018387,0,,legit
txn_018388,0,,legit
txn_018389,0,,legit
txn_018390,0,,legit
txn_018391,0,,legit
txn_018392,0,,legit
txn_018393,0,,legit
txn_018394,0,,legit
txn_018395,0,,legit
txn_018396,0,,legit
txn_018397,0,,legit
txn_018398,0,,legit
txn_018399,0,,legit
txn_018400,0,,legit
txn_018401,0,,legit
txn_018402,0,,legit
txn_018403,0,,legit
txn_018404,0,,legit
txn_018405,0,,legit
txn_018406,0,,legit
txn_018407,0,,legit
txn_018408,0,,legit
txn_018409,0,,legit
txn_018410,0,,legit
txn_018411,0,,legit
txn_018412,0,,legit
txn_018413,0,,legit
txn_018414,0,,legit
txn_018415,0,,legit
txn_018416,0,,legit
txn_018417,0,,legit
txn_018418,0,,legit
txn_018419,0,,legit
txn_018420,0,,legit
txn_018421,0,,legit
txn_018422,0,,legit
txn_018423,0,,legit
txn_018424,0,,legit
txn_018425,0,,legit
txn_018426,0,,legit
txn_018427,0,,legit
txn_018428,0,,legit
txn_018429,0,,legit
txn_018430,0,,legit
txn_018431,0,,legit
txn_018432,0,,legit
txn_018433,0,,legit
txn_018434,0,,legit
txn_018435,0,,legit
txn_018436,0,,legit
txn_018437,0,,legit
txn_018438,0,,legit
txn_018439,0,,legit
txn_018440,0,,legit
txn_018441,0,,legit
txn_018442,0,,legit
txn_018443,0,,legit
txn_018444,0,,legit
txn_018445,0,,legit
txn_018446,0,,legit
txn_018447,0,,legit
txn_018448,0,,legit
txn_018449,0,,legit
txn_018450,0,,legit
txn_018451,0,,legit
txn_018452,0,,legit
txn_018453,0,,legit
txn_018454,0,,legit
txn_018455,0,,legit
txn_018456,0,,legit
txn_018457,0,,legit
txn_018458,0,,legit
txn_018459,0,,legit
txn_018460,0,,legit
txn_018461,0,,legit
txn_018462,0,,legit
txn_018463,0,,legit
txn_018464,0,,legit
txn_018465,0,,legit
txn_018466,0,,legit
txn_018467,0,,legit
txn_018468,0,,legit
txn_018469,0,,legit
txn_018470,0,,legit
txn_018471,0,,legit
txn_018472,0,,legit
txn_018473,0,,legit
txn_018474,0,,legit
txn_018475,0,,legit
txn_018476,0,,legit
txn_018477,0,,legit
txn_018478,0,,legit
txn_018479,0,,legit
txn_018480,0,,legit
txn_018481,0,,legit
txn_018482,0,,legit
txn_018483,0,,legit
txn_018484,0,,legit
txn_018485,0,,legit
txn_018486,0,,legit
txn_018487,0,,legit
txn_018488,0,,legit
txn_018489,0,,legit
txn_018490,0,,legit
txn_018491,0,,legit
txn_018492,0,,legit
txn_018493,0,,legit
txn_018494,0,,legit
txn_018495,0,,legit
txn_018496,0,,legit
txn_018497,0,,legit
txn_018498,0,,legit
txn_018499,0,,legit
txn_018500,0,,legit
txn_018501,0,,legit
txn_018502,0,,legit
txn_018503,0,,legit
txn_018504,0,,legit
txn_018505,0,,legit
txn_018506,0,,legit
txn_018507,0,,legit
txn_018508,0,,legit
txn_018509,0,,legit
txn_018510,0,,legit
txn_018511,0,,legit
txn_018512,0,,legit
txn_018513,0,,hard_neg_travel
txn_018514,0,,hard_neg_travel
txn_018515,0,,legit
txn_018516,0,,legit
txn_018517,0,,legit
txn_018518,0,,legit
txn_018519,0,,legit
txn_018520,0,,legit
txn_018521,0,,legit
txn_018522,0,,legit
txn_018523,0,,legit
txn_018524,0,,legit
txn_018525,0,,legit
txn_018526,0,,legit
txn_018527,0,,legit
txn_018528,0,,legit
txn_018529,0,,legit
txn_018530,0,,legit
txn_018531,0,,legit
txn_018532,0,,legit
txn_018533,0,,legit
txn_018534,0,,legit
txn_018535,0,,legit
txn_018536,0,,legit
txn_018537,0,,hard_neg_festival
txn_018538,0,,legit
txn_018539,0,,legit
txn_018540,0,,legit
txn_018541,0,,legit
txn_018542,0,,legit
txn_018543,0,,legit
txn_018544,0,,legit
txn_018545,0,,legit
txn_018546,0,,legit
txn_018547,0,,legit
txn_018548,0,,legit
txn_018549,0,,legit
txn_018550,0,,legit
txn_018551,0,,legit
txn_018552,0,,legit
txn_018553,0,,legit
txn_018554,0,,legit
txn_018555,0,,legit
txn_018556,0,,legit
txn_018557,0,,legit
txn_018558,0,,legit
txn_018559,0,,legit
txn_018560,0,,legit
txn_018561,0,,legit
txn_018562,0,,legit
txn_018563,0,,legit
txn_018564,0,,legit
txn_018565,0,,legit
txn_018566,0,,legit
txn_018567,0,,legit
txn_018568,0,,legit
txn_018569,0,,legit
txn_018570,0,,legit
txn_018571,0,,legit
txn_018572,0,,legit
txn_018573,0,,legit
txn_018574,0,,legit
txn_018575,0,,legit
txn_018576,0,,legit
txn_018577,0,,legit
txn_018578,0,,legit
txn_018579,0,,legit
txn_018580,0,,legit
txn_018581,0,,legit
txn_018582,0,,legit
txn_018583,0,,legit
txn_018584,0,,legit
txn_018585,0,,legit
txn_018586,0,,legit
txn_018587,0,,legit
txn_018588,0,,legit
txn_018589,0,,legit
txn_018590,0,,legit
txn_018591,0,,legit
txn_018592,0,,legit
txn_018593,0,,legit
txn_018594,0,,legit
txn_018595,0,,legit
txn_018596,0,,legit
txn_018597,0,,legit
txn_018598,0,,legit
txn_018599,0,,legit
txn_018600,0,,legit
txn_018601,0,,legit
txn_018602,0,,legit
txn_018603,0,,legit
txn_018604,0,,legit
txn_018605,0,,legit
txn_018606,0,,legit
txn_018607,0,,hard_neg_festival
txn_018608,0,,hard_neg_festival
txn_018609,0,,legit
txn_018610,0,,legit
txn_018611,0,,legit
txn_018612,0,,legit
txn_018613,0,,legit
txn_018614,0,,legit
txn_018615,0,,legit
txn_018616,0,,legit
txn_018617,0,,legit
txn_018618,0,,legit
txn_018619,0,,legit
txn_018620,0,,legit
txn_018621,0,,legit
txn_018622,0,,legit
txn_018623,0,,legit
txn_018624,0,,legit
txn_018625,0,,legit
txn_018626,0,,legit
txn_018627,0,,legit
txn_018628,0,,hard_neg_laptop
txn_018629,0,,legit
txn_018630,0,,legit
txn_018631,0,,legit
txn_018632,0,,legit
txn_018633,0,,legit
txn_018634,0,,legit
txn_018635,0,,legit
txn_018636,0,,legit
txn_018637,0,,legit
txn_018638,0,,legit
txn_018639,0,,legit
txn_018640,0,,legit
txn_018641,0,,legit
txn_018642,0,,legit
txn_018643,0,,legit
txn_018644,0,,legit
txn_018645,0,,legit
txn_018646,0,,legit
txn_018647,0,,legit
txn_018648,0,,legit
txn_018649,0,,legit
txn_018650,0,,legit
txn_018651,0,,legit
txn_018652,0,,legit
txn_018653,0,,legit
txn_018654,0,,legit
txn_018655,0,,legit
txn_018656,0,,legit
txn_018657,0,,legit
txn_018658,0,,legit
txn_018659,0,,legit
txn_018660,0,,legit
txn_018661,0,,legit
txn_018662,0,,legit
txn_018663,0,,legit
txn_018664,0,,legit
txn_018665,0,,legit
txn_018666,0,,legit
txn_018667,0,,legit
txn_018668,0,,legit
txn_018669,0,,legit
txn_018670,0,,legit
txn_018671,0,,legit
txn_018672,0,,legit
txn_018673,0,,legit
txn_018674,0,,legit
txn_018675,0,,legit
txn_018676,0,,legit
txn_018677,0,,legit
txn_018678,0,,hard_neg_travel
txn_018679,0,,legit
txn_018680,0,,legit
txn_018681,0,,legit
txn_018682,0,,hard_neg_supplier
txn_018683,0,,hard_neg_supplier
txn_018684,0,,legit
txn_018685,0,,legit
txn_018686,0,,legit
txn_018687,0,,legit
txn_018688,0,,legit
txn_018689,0,,legit
txn_018690,0,,legit
txn_018691,0,,legit
txn_018692,0,,legit
txn_018693,0,,legit
txn_018694,0,,legit
txn_018695,0,,legit
txn_018696,0,,legit
txn_018697,0,,legit
txn_018698,0,,legit
txn_018699,0,,legit
txn_018700,0,,hard_neg_festival
txn_018701,0,,legit
txn_018702,0,,legit
txn_018703,0,,legit
txn_018704,0,,legit
txn_018705,0,,hard_neg_laptop
txn_018706,0,,hard_neg_laptop
txn_018707,0,,legit
txn_018708,0,,legit
txn_018709,0,,legit
txn_018710,0,,legit
txn_018711,0,,legit
txn_018712,0,,legit
txn_018713,0,,legit
txn_018714,0,,legit
txn_018715,0,,legit
txn_018716,0,,legit
txn_018717,0,,legit
txn_018718,0,,legit
txn_018719,0,,legit
txn_018720,0,,legit
txn_018721,0,,legit
txn_018722,0,,legit
txn_018723,0,,legit
txn_018724,0,,legit
txn_018725,0,,legit
txn_018726,0,,legit
txn_018727,0,,legit
txn_018728,0,,legit
txn_018729,0,,legit
txn_018730,0,,legit
txn_018731,0,,legit
txn_018732,0,,legit
txn_018733,0,,legit
txn_018734,0,,legit
txn_018735,0,,legit
txn_018736,0,,legit
txn_018737,0,,legit
txn_018738,0,,legit
txn_018739,0,,legit
txn_018740,0,,legit
txn_018741,0,,legit
txn_018742,0,,legit
txn_018743,0,,legit
txn_018744,0,,legit
txn_018745,0,,legit
txn_018746,0,,legit
txn_018747,0,,legit
txn_018748,0,,legit
txn_018749,0,,legit
txn_018750,1,RING_A,ring_a
txn_018751,1,RING_A,ring_a
txn_018752,1,RING_A,ring_a
txn_018753,1,RING_A,ring_a
txn_018754,0,,legit
txn_018755,0,,legit
txn_018756,0,,legit
txn_018757,0,,legit
txn_018758,0,,legit
txn_018759,0,,legit
txn_018760,0,,legit
txn_018761,0,,legit
txn_018762,0,,legit
txn_018763,0,,legit
txn_018764,0,,legit
txn_018765,0,,legit
txn_018766,0,,legit
txn_018767,0,,legit
txn_018768,0,,legit
txn_018769,0,,legit
txn_018770,0,,legit
txn_018771,0,,legit
txn_018772,0,,legit
txn_018773,0,,legit
txn_018774,0,,legit
txn_018775,0,,legit
txn_018776,0,,legit
txn_018777,0,,legit
txn_018778,0,,legit
txn_018779,0,,legit
txn_018780,0,,legit
txn_018781,0,,legit
txn_018782,0,,legit
txn_018783,0,,legit
txn_018784,0,,legit
txn_018785,1,RING_A,ring_a
txn_018786,1,RING_A,ring_a
txn_018787,1,RING_A,ring_a
txn_018788,1,RING_A,ring_a
txn_018789,0,,legit
txn_018790,0,,legit
txn_018791,0,,legit
txn_018792,0,,legit
txn_018793,0,,legit
txn_018794,0,,legit
txn_018795,0,,legit
txn_018796,0,,legit
txn_018797,0,,legit
txn_018798,0,,legit
txn_018799,0,,legit
txn_018800,0,,legit
txn_018801,0,,legit
txn_018802,0,,legit
txn_018803,0,,legit
txn_018804,0,,legit
txn_018805,0,,legit
txn_018806,0,,legit
txn_018807,0,,legit
txn_018808,0,,legit
txn_018809,0,,legit
txn_018810,0,,legit
txn_018811,0,,legit
txn_018812,0,,legit
txn_018813,0,,legit
txn_018814,0,,legit
txn_018815,0,,legit
txn_018816,0,,legit
txn_018817,0,,legit
txn_018818,0,,legit
txn_018819,0,,legit
txn_018820,0,,legit
txn_018821,0,,legit
txn_018822,0,,legit
txn_018823,0,,legit
txn_018824,0,,legit
txn_018825,0,,legit
txn_018826,0,,legit
txn_018827,1,RING_A,ring_a
txn_018828,1,RING_A,ring_a
txn_018829,1,RING_A,ring_a
txn_018830,1,RING_A,ring_a
txn_018831,0,,legit
txn_018832,0,,legit
txn_018833,0,,legit
txn_018834,0,,legit
txn_018835,0,,legit
txn_018836,0,,legit
txn_018837,0,,legit
txn_018838,0,,legit
txn_018839,0,,legit
txn_018840,0,,legit
txn_018841,0,,legit
txn_018842,0,,legit
txn_018843,0,,legit
txn_018844,0,,legit
txn_018845,0,,legit
txn_018846,0,,legit
txn_018847,0,,legit
txn_018848,0,,legit
txn_018849,0,,legit
txn_018850,0,,legit
txn_018851,0,,legit
txn_018852,0,,legit
txn_018853,0,,legit
txn_018854,0,,legit
txn_018855,1,RING_A,ring_a
txn_018856,1,RING_A,ring_a
txn_018857,1,RING_A,ring_a
txn_018858,1,RING_A,ring_a
txn_018859,0,,legit
txn_018860,0,,legit
txn_018861,0,,legit
txn_018862,0,,legit
txn_018863,0,,legit
txn_018864,0,,legit
txn_018865,0,,legit
txn_018866,0,,legit
txn_018867,0,,legit
txn_018868,0,,legit
txn_018869,0,,legit
txn_018870,0,,legit
txn_018871,0,,legit
txn_018872,0,,legit
txn_018873,0,,legit
txn_018874,0,,legit
txn_018875,0,,legit
txn_018876,0,,legit
txn_018877,0,,legit
txn_018878,0,,legit
txn_018879,0,,legit
txn_018880,0,,legit
txn_018881,0,,legit
txn_018882,0,,legit
txn_018883,0,,legit
txn_018884,0,,legit
txn_018885,0,,legit
txn_018886,1,RING_A,ring_a
txn_018887,1,RING_A,ring_a
txn_018888,1,RING_A,ring_a
txn_018889,1,RING_A,ring_a
txn_018890,0,,legit
txn_018891,0,,legit
txn_018892,0,,legit
txn_018893,0,,legit
txn_018894,0,,legit
txn_018895,0,,legit
txn_018896,0,,legit
txn_018897,0,,legit
txn_018898,0,,legit
txn_018899,0,,legit
txn_018900,0,,legit
txn_018901,0,,legit
txn_018902,0,,legit
txn_018903,0,,legit
txn_018904,0,,legit
txn_018905,0,,legit
txn_018906,0,,legit
txn_018907,0,,legit
txn_018908,0,,legit
txn_018909,0,,legit
txn_018910,0,,legit
txn_018911,1,RING_A,ring_a
txn_018912,1,RING_A,ring_a
txn_018913,1,RING_A,ring_a
txn_018914,1,RING_A,ring_a
txn_018915,0,,legit
txn_018916,0,,legit
txn_018917,0,,legit
txn_018918,0,,legit
txn_018919,0,,legit
txn_018920,0,,legit
txn_018921,0,,legit
txn_018922,0,,legit
txn_018923,0,,legit
txn_018924,0,,legit
txn_018925,0,,legit
txn_018926,0,,legit
txn_018927,0,,legit
txn_018928,0,,legit
txn_018929,0,,legit
txn_018930,0,,legit
txn_018931,0,,legit
txn_018932,0,,legit
txn_018933,0,,legit
txn_018934,0,,legit
txn_018935,0,,legit
txn_018936,0,,legit
txn_018937,0,,legit
txn_018938,0,,legit
txn_018939,0,,legit
txn_018940,0,,legit
txn_018941,0,,legit
txn_018942,0,,legit
txn_018943,0,,legit
txn_018944,0,,legit
txn_018945,1,RING_A,ring_a
txn_018946,1,RING_A,ring_a
txn_018947,1,RING_A,ring_a
txn_018948,1,RING_A,ring_a
txn_018949,0,,legit
txn_018950,0,,legit
txn_018951,0,,legit
txn_018952,0,,legit
txn_018953,0,,legit
txn_018954,0,,legit
txn_018955,0,,legit
txn_018956,0,,legit
txn_018957,0,,legit
txn_018958,0,,legit
txn_018959,0,,legit
txn_018960,0,,legit
txn_018961,0,,legit
txn_018962,0,,legit
txn_018963,0,,legit
txn_018964,0,,legit
txn_018965,0,,legit
txn_018966,0,,legit
txn_018967,0,,legit
txn_018968,0,,legit
txn_018969,0,,legit
txn_018970,0,,legit
txn_018971,0,,legit
txn_018972,0,,legit
txn_018973,0,,legit
txn_018974,0,,legit
txn_018975,0,,legit
txn_018976,0,,legit
txn_018977,0,,legit
txn_018978,0,,legit
txn_018979,0,,legit
txn_018980,0,,legit
txn_018981,1,RING_A,ring_a
txn_018982,1,RING_A,ring_a
txn_018983,1,RING_A,ring_a
txn_018984,1,RING_A,ring_a
txn_018985,0,,legit
txn_018986,0,,legit
txn_018987,0,,legit
txn_018988,0,,legit
txn_018989,0,,legit
txn_018990,0,,legit
txn_018991,0,,legit
txn_018992,0,,legit
txn_018993,0,,legit
txn_018994,0,,legit
txn_018995,0,,legit
txn_018996,0,,legit
txn_018997,0,,legit
txn_018998,0,,legit
txn_018999,0,,legit
txn_019000,0,,legit
txn_019001,0,,legit
txn_019002,0,,legit
txn_019003,0,,legit
txn_019004,0,,legit
txn_019005,0,,legit
txn_019006,0,,legit
txn_019007,0,,legit
txn_019008,0,,legit
txn_019009,0,,legit
txn_019010,0,,legit
txn_019011,0,,legit
txn_019012,0,,legit
txn_019013,0,,legit
txn_019014,0,,legit
txn_019015,0,,legit
txn_019016,0,,legit
txn_019017,1,RING_A,ring_a
txn_019018,1,RING_A,ring_a
txn_019019,1,RING_A,ring_a
txn_019020,1,RING_A,ring_a
txn_019021,0,,legit
txn_019022,0,,legit
txn_019023,0,,legit
txn_019024,0,,legit
txn_019025,0,,legit
txn_019026,0,,legit
txn_019027,0,,legit
txn_019028,0,,legit
txn_019029,0,,legit
txn_019030,0,,legit
txn_019031,0,,legit
txn_019032,0,,legit
txn_019033,0,,legit
txn_019034,0,,legit
txn_019035,0,,legit
txn_019036,0,,legit
txn_019037,0,,legit
txn_019038,0,,legit
txn_019039,0,,legit
txn_019040,0,,legit
txn_019041,0,,legit
txn_019042,0,,legit
txn_019043,0,,legit
txn_019044,0,,legit
txn_019045,0,,legit
txn_019046,0,,legit
txn_019047,0,,legit
txn_019048,0,,legit
txn_019049,1,RING_A,ring_a
txn_019050,1,RING_A,ring_a
txn_019051,1,RING_A,ring_a
txn_019052,1,RING_A,ring_a
txn_019053,0,,legit
txn_019054,0,,legit
txn_019055,0,,legit
txn_019056,0,,legit
txn_019057,0,,legit
txn_019058,0,,legit
txn_019059,0,,legit
txn_019060,0,,legit
txn_019061,0,,legit
txn_019062,0,,legit
txn_019063,0,,legit
txn_019064,0,,legit
txn_019065,0,,legit
txn_019066,0,,legit
txn_019067,0,,legit
txn_019068,0,,legit
txn_019069,0,,legit
txn_019070,0,,legit
txn_019071,0,,legit
txn_019072,0,,legit
txn_019073,0,,legit
txn_019074,0,,legit
txn_019075,1,RING_S,ring_s
txn_019076,1,RING_S,ring_s
txn_019077,1,RING_S,ring_s
txn_019078,1,RING_S,ring_s
txn_019079,0,,legit
txn_019080,0,,legit
txn_019081,0,,legit
txn_019082,0,,legit
txn_019083,0,,legit
txn_019084,0,,legit
txn_019085,0,,legit
txn_019086,0,,legit
txn_019087,0,,legit
txn_019088,0,,legit
txn_019089,0,,legit
txn_019090,0,,legit
txn_019091,0,,legit
txn_019092,0,,legit
txn_019093,0,,legit
txn_019094,0,,legit
txn_019095,0,,legit
txn_019096,0,,legit
txn_019097,0,,legit
txn_019098,0,,legit
txn_019099,0,,legit
txn_019100,0,,legit
txn_019101,0,,legit
txn_019102,0,,legit
txn_019103,0,,legit
txn_019104,0,,legit
txn_019105,0,,legit
txn_019106,0,,legit
txn_019107,1,RING_S,ring_s
txn_019108,1,RING_S,ring_s
txn_019109,1,RING_S,ring_s
txn_019110,1,RING_S,ring_s
txn_019111,0,,legit
txn_019112,0,,legit
txn_019113,0,,legit
txn_019114,0,,legit
txn_019115,0,,legit
txn_019116,0,,legit
txn_019117,0,,legit
txn_019118,0,,legit
txn_019119,0,,legit
txn_019120,0,,legit
txn_019121,0,,legit
txn_019122,0,,legit
txn_019123,0,,legit
txn_019124,0,,legit
txn_019125,0,,legit
txn_019126,0,,legit
txn_019127,0,,legit
txn_019128,0,,legit
txn_019129,0,,legit
txn_019130,0,,legit
txn_019131,0,,legit
txn_019132,0,,legit
txn_019133,0,,legit
txn_019134,0,,legit
txn_019135,0,,legit
txn_019136,0,,legit
txn_019137,1,RING_S,ring_s
txn_019138,1,RING_S,ring_s
txn_019139,1,RING_S,ring_s
txn_019140,1,RING_S,ring_s
txn_019141,0,,legit
txn_019142,0,,legit
txn_019143,0,,legit
txn_019144,0,,legit
txn_019145,0,,legit
txn_019146,0,,legit
txn_019147,0,,legit
txn_019148,0,,legit
txn_019149,0,,legit
txn_019150,0,,legit
txn_019151,0,,legit
txn_019152,0,,legit
txn_019153,0,,legit
txn_019154,0,,legit
txn_019155,0,,legit
txn_019156,0,,legit
txn_019157,0,,legit
txn_019158,0,,legit
txn_019159,0,,legit
txn_019160,0,,legit
txn_019161,1,RING_S,ring_s
txn_019162,1,RING_S,ring_s
txn_019163,1,RING_S,ring_s
txn_019164,1,RING_S,ring_s
txn_019165,0,,legit
txn_019166,0,,legit
txn_019167,0,,legit
txn_019168,0,,legit
txn_019169,0,,legit
txn_019170,0,,legit
txn_019171,0,,legit
txn_019172,0,,legit
txn_019173,0,,legit
txn_019174,0,,legit
txn_019175,0,,legit
txn_019176,0,,legit
txn_019177,1,RING_S,ring_s
txn_019178,1,RING_S,ring_s
txn_019179,1,RING_S,ring_s
txn_019180,1,RING_S,ring_s
txn_019181,0,,legit
txn_019182,0,,legit
txn_019183,0,,legit
txn_019184,0,,legit
txn_019185,0,,legit
txn_019186,0,,legit
txn_019187,0,,legit
txn_019188,0,,legit
txn_019189,0,,legit
txn_019190,0,,legit
txn_019191,0,,legit
txn_019192,0,,legit
txn_019193,0,,legit
txn_019194,0,,legit
txn_019195,0,,legit
txn_019196,0,,legit
txn_019197,0,,legit
txn_019198,0,,legit
txn_019199,0,,legit
txn_019200,0,,legit
txn_019201,0,,legit
txn_019202,0,,legit
txn_019203,0,,legit
txn_019204,0,,legit
txn_019205,0,,legit
txn_019206,1,RING_S,ring_s
txn_019207,1,RING_S,ring_s
txn_019208,1,RING_S,ring_s
txn_019209,1,RING_S,ring_s
txn_019210,1,RING_B,ring_b_ato
txn_019211,1,RING_B,ring_b_ato
txn_019212,1,RING_B,ring_b_ato
txn_019213,1,RING_B,ring_b_ato
txn_019214,1,RING_B,ring_b_ato
txn_019215,1,RING_B,ring_b_ato
txn_019216,1,RING_B,ring_b_ato
txn_019217,1,RING_B,ring_b_ato
txn_019218,1,RING_B,ring_b_ato
txn_019219,1,RING_B,ring_b_ato
txn_019220,1,RING_B,ring_b_ato
txn_019221,1,RING_B,ring_b_ato
txn_019222,0,,legit
txn_019223,0,,legit
txn_019224,0,,legit
txn_019225,0,,legit
txn_019226,0,,legit
txn_019227,0,,legit
txn_019228,0,,legit
txn_019229,0,,legit
txn_019230,0,,legit
txn_019231,0,,legit
txn_019232,0,,legit
txn_019233,0,,legit
txn_019234,0,,legit
txn_019235,0,,legit
txn_019236,0,,legit
txn_019237,0,,legit
txn_019238,0,,legit
txn_019239,0,,legit
txn_019240,0,,legit
txn_019241,0,,legit
txn_019242,0,,legit
txn_019243,0,,legit
txn_019244,0,,legit
txn_019245,1,,lone_fraud
txn_019246,1,,lone_fraud
txn_019247,1,,lone_fraud
txn_019248,1,,lone_fraud
txn_019249,1,,lone_fraud
txn_019250,1,,lone_fraud
txn_019251,1,,lone_fraud
txn_019252,1,,lone_fraud
txn_019253,0,,legit
txn_019254,0,,legit
txn_019255,0,,legit
txn_019256,0,,legit
txn_019257,0,,legit
txn_019258,0,,legit
txn_019259,0,,legit
txn_019260,0,,legit
txn_019261,0,,legit
txn_019262,0,,legit
txn_019263,0,,legit
txn_019264,0,,legit
txn_019265,0,,legit
txn_019266,0,,legit
txn_019267,0,,legit
txn_019268,0,,legit
txn_019269,0,,legit
txn_019270,0,,legit
txn_019271,0,,legit
txn_019272,0,,legit
txn_019273,1,,lone_fraud
txn_019274,1,,lone_fraud
txn_019275,1,,lone_fraud
txn_019276,1,,lone_fraud
txn_019277,1,,lone_fraud
txn_019278,1,,lone_fraud
txn_019279,1,,lone_fraud
txn_019280,1,,lone_fraud
txn_019281,1,,lone_fraud
txn_019282,1,,lone_fraud
txn_019283,1,,lone_fraud
txn_019284,1,,lone_fraud
txn_019285,0,,legit
txn_019286,0,,legit
txn_019287,0,,legit
txn_019288,0,,legit
txn_019289,0,,legit
txn_019290,0,,legit
txn_019291,0,,legit
txn_019292,0,,legit
txn_019293,0,,legit
txn_019294,0,,legit
txn_019295,0,,legit
txn_019296,0,,legit
txn_019297,0,,legit
txn_019298,0,,legit
txn_019299,0,,legit
txn_019300,0,,legit
txn_019301,0,,legit
txn_019302,0,,legit
txn_019303,0,,legit
txn_019304,0,,legit
txn_019305,0,,legit
txn_019306,0,,legit
txn_019307,0,,legit
txn_019308,0,,legit
txn_019309,0,,legit
txn_019310,0,,legit
txn_019311,1,,lone_fraud
txn_019312,1,,lone_fraud
txn_019313,1,,lone_fraud
txn_019314,1,,lone_fraud
txn_019315,1,,lone_fraud
txn_019316,1,,lone_fraud
txn_019317,1,,lone_fraud
txn_019318,1,,lone_fraud
txn_019319,0,,legit
txn_019320,0,,legit
txn_019321,0,,legit
txn_019322,0,,legit
txn_019323,0,,legit
txn_019324,0,,legit
txn_019325,0,,legit
txn_019326,0,,legit
txn_019327,0,,legit
txn_019328,0,,legit
txn_019329,0,,legit
txn_019330,0,,legit
txn_019331,0,,legit
txn_019332,0,,legit
txn_019333,0,,legit
txn_019334,0,,legit
txn_019335,0,,legit
txn_019336,0,,legit
txn_019337,0,,legit
txn_019338,1,,lone_fraud
txn_019339,1,,lone_fraud
txn_019340,1,,lone_fraud
txn_019341,1,,lone_fraud
txn_019342,1,,lone_fraud
txn_019343,1,,lone_fraud
txn_019344,1,,lone_fraud
txn_019345,1,,lone_fraud
txn_019346,1,,lone_fraud
txn_019347,1,,lone_fraud
txn_019348,1,,lone_fraud
txn_019349,1,,lone_fraud
txn_019350,1,,behavior_change
txn_019351,1,,behavior_change
txn_019352,1,,behavior_change
txn_019353,1,,behavior_change
txn_019354,1,,behavior_change
txn_019355,1,,behavior_change
txn_019356,1,,behavior_change
txn_019357,1,,behavior_change
txn_019358,1,,behavior_change
txn_019359,1,,behavior_change
txn_019360,1,,behavior_change
txn_019361,1,,behavior_change
txn_019362,1,,behavior_change
txn_019363,1,,behavior_change
txn_019364,1,,behavior_change
txn_019365,1,,behavior_change
txn_019366,1,,behavior_change
txn_019367,1,,behavior_change
txn_019368,1,,behavior_change
txn_019369,1,,behavior_change
txn_019370,1,,behavior_change
txn_019371,1,,behavior_change
txn_019372,1,,behavior_change
txn_019373,1,,behavior_change
txn_019374,1,,behavior_change
txn_019375,1,,behavior_change
txn_019376,1,,behavior_change
txn_019377,1,,behavior_change
txn_019378,1,,behavior_change
txn_019379,1,,behavior_change
txn_019380,1,,behavior_change
txn_019381,1,,behavior_change
txn_019382,1,,behavior_change
txn_019383,1,,behavior_change
txn_019384,1,,behavior_change
txn_019385,1,,behavior_change
txn_019386,1,,behavior_change
txn_019387,1,,behavior_change
txn_019388,1,,behavior_change
txn_019389,1,,behavior_change
txn_019390,1,,behavior_change
txn_019391,1,,behavior_change
txn_019392,1,,behavior_change
txn_019393,1,,behavior_change
txn_019394,1,,behavior_change
txn_019395,1,,behavior_change
txn_019396,1,,behavior_change
txn_019397,1,,behavior_change
txn_019398,1,,behavior_change
txn_019399,1,,behavior_change
txn_019400,1,,behavior_change
txn_019401,1,,behavior_change
txn_019402,1,,behavior_change
txn_019403,1,,behavior_change
txn_019404,1,,behavior_change
txn_019405,1,,behavior_change
txn_019406,1,,behavior_change
txn_019407,1,,behavior_change
txn_019408,1,,behavior_change
txn_019409,1,,behavior_change
txn_019410,1,,behavior_change
txn_019411,1,,behavior_change
txn_019412,1,,behavior_change
txn_019413,1,,behavior_change
txn_019414,1,,behavior_change
txn_019415,1,,behavior_change
txn_019416,1,,behavior_change
txn_019417,1,,behavior_change
txn_019418,1,,behavior_change
txn_019419,1,,behavior_change
txn_019420,1,,behavior_change
txn_019421,1,,behavior_change
txn_019422,1,,behavior_change
txn_019423,1,,behavior_change
txn_019424,1,,behavior_change
txn_019425,0,,hard_neg_laptop
txn_019426,0,,hard_neg_laptop
txn_019427,0,,hard_neg_laptop
txn_019428,0,,hard_neg_laptop
txn_019429,0,,hard_neg_supplier
txn_019430,0,,hard_neg_supplier
txn_019431,0,,hard_neg_supplier
txn_019432,0,,hard_neg_supplier
txn_019433,0,,hard_neg_supplier
txn_019434,0,,hard_neg_supplier
txn_019435,0,,hard_neg_supplier
txn_019436,0,,hard_neg_supplier
txn_019437,0,,hard_neg_supplier
txn_019438,0,,hard_neg_supplier
txn_019439,0,,hard_neg_supplier
txn_019440,0,,hard_neg_supplier
txn_019441,0,,hard_neg_supplier
txn_019442,0,,hard_neg_supplier
txn_019443,0,,hard_neg_supplier
txn_019444,0,,hard_neg_supplier
txn_019445,0,,hard_neg_travel
txn_019446,0,,hard_neg_travel
txn_019447,0,,hard_neg_travel
txn_019448,0,,hard_neg_travel
txn_019449,0,,hard_neg_travel
txn_019450,0,,hard_neg_travel
txn_019451,0,,hard_neg_travel
txn_019452,0,,hard_neg_travel
txn_019453,0,,hard_neg_travel
txn_019454,0,,hard_neg_travel
txn_019455,0,,hard_neg_travel
txn_019456,0,,hard_neg_travel
txn_019457,0,,hard_neg_travel
txn_019458,0,,hard_neg_travel
txn_019459,0,,hard_neg_family_device
txn_019460,0,,hard_neg_family_device
txn_019461,0,,hard_neg_family_device
txn_019462,0,,hard_neg_family_device
txn_019463,0,,hard_neg_family_device
txn_019464,0,,hard_neg_family_device
txn_019465,0,,hard_neg_family_device
txn_019466,0,,hard_neg_family_device
txn_019467,0,,hard_neg_family_device
txn_019468,0,,hard_neg_family_device
txn_019469,0,,hard_neg_family_device
txn_019470,0,,hard_neg_family_device
txn_019471,0,,hard_neg_family_device
txn_019472,0,,hard_neg_family_device
txn_019473,0,,hard_neg_family_device
txn_019474,0,,hard_neg_family_device
txn_019475,0,,hard_neg_family_device
txn_019476,0,,hard_neg_family_device
txn_019477,0,,hard_neg_family_device
txn_019478,0,,hard_neg_family_device
txn_019479,0,,hard_neg_family_device
txn_019480,0,,hard_neg_family_device
txn_019481,0,,hard_neg_family_device
txn_019482,0,,hard_neg_family_device
txn_019483,0,,hard_neg_family_device
txn_019484,0,,hard_neg_family_device
txn_019485,0,,hard_neg_family_device
txn_019486,0,,hard_neg_family_device
txn_019487,0,,hard_neg_family_device
txn_019488,0,,hard_neg_family_device
txn_019489,0,,hard_neg_family_device
txn_019490,0,,hard_neg_family_device
txn_019491,0,,hard_neg_family_device
txn_019492,0,,hard_neg_family_device
txn_019493,0,,hard_neg_family_device
txn_019494,0,,hard_neg_family_device
txn_019495,0,,hard_neg_family_device
txn_019496,0,,hard_neg_family_device
txn_019497,0,,hard_neg_family_device
txn_019498,0,,hard_neg_family_device
txn_019499,0,,hard_neg_family_device
txn_019500,0,,hard_neg_family_device
txn_019501,0,,hard_neg_family_device
txn_019502,0,,hard_neg_family_device
txn_019503,0,,hard_neg_family_device
txn_019504,0,,hard_neg_family_device
txn_019505,0,,hard_neg_family_device
txn_019506,0,,hard_neg_family_device
txn_019507,0,,hard_neg_family_device
txn_019508,0,,hard_neg_family_device
txn_019509,0,,hard_neg_family_device
txn_019510,0,,hard_neg_family_device
txn_019511,0,,hard_neg_family_device
txn_019512,0,,hard_neg_family_device
txn_019513,0,,hard_neg_family_device
txn_019514,0,,hard_neg_family_device
txn_019515,0,,hard_neg_family_device
txn_019516,0,,hard_neg_family_device
txn_019517,0,,hard_neg_family_device
txn_019518,0,,hard_neg_family_device
txn_019519,0,,hard_neg_family_device
txn_019520,0,,hard_neg_family_device
txn_019521,0,,hard_neg_family_device
txn_019522,0,,hard_neg_family_device
txn_019523,0,,hard_neg_family_device
txn_019524,0,,hard_neg_family_device
txn_019525,0,,hard_neg_family_device
txn_019526,0,,hard_neg_family_device
txn_019527,0,,hard_neg_family_device
txn_019528,0,,hard_neg_family_device
txn_019529,0,,hard_neg_family_device
txn_019530,0,,hard_neg_family_device
txn_019531,0,,hard_neg_family_device
txn_019532,0,,hard_neg_family_device
txn_019533,0,,hard_neg_family_device
txn_019534,0,,hard_neg_family_device
txn_019535,0,,hard_neg_family_device
txn_019536,0,,hard_neg_family_device
txn_019537,0,,hard_neg_family_device
txn_019538,0,,hard_neg_family_device
txn_019539,0,,hard_neg_family_device
txn_019540,0,,hard_neg_family_device
txn_019541,0,,hard_neg_family_device
txn_019542,0,,hard_neg_family_device
txn_019543,0,,hard_neg_family_device
txn_019544,0,,hard_neg_family_device
txn_019545,0,,hard_neg_family_device
txn_019546,0,,hard_neg_family_device
txn_019547,0,,hard_neg_family_device
txn_019548,0,,hard_neg_family_device
txn_019549,0,,hard_neg_family_device
txn_019550,0,,hard_neg_family_device
txn_019551,0,,hard_neg_family_device
txn_019552,0,,hard_neg_family_device
txn_019553,0,,hard_neg_family_device
txn_019554,0,,hard_neg_family_device
txn_019555,0,,hard_neg_family_device
txn_019556,0,,hard_neg_family_device
txn_019557,0,,hard_neg_family_device
txn_019558,0,,hard_neg_family_device
txn_019559,0,,hard_neg_family_device
txn_019560,0,,hard_neg_family_device
txn_019561,0,,hard_neg_family_device
txn_019562,0,,hard_neg_family_device
txn_019563,0,,hard_neg_family_device
txn_019564,0,,hard_neg_family_device
txn_019565,0,,hard_neg_family_device
txn_019566,0,,hard_neg_family_device
txn_019567,0,,hard_neg_family_device
txn_019568,0,,hard_neg_family_device
txn_019569,0,,hard_neg_family_device
txn_019570,0,,hard_neg_family_device
txn_019571,0,,hard_neg_family_device
txn_019572,0,,hard_neg_family_device
txn_019573,0,,hard_neg_family_device
txn_019574,0,,hard_neg_family_device
txn_019575,0,,hard_neg_family_device
txn_019576,0,,hard_neg_family_device
txn_019577,0,,hard_neg_family_device
txn_019578,0,,hard_neg_family_device
txn_019579,0,,hard_neg_family_device
txn_019580,0,,hard_neg_family_device
txn_019581,0,,hard_neg_family_device
txn_019582,0,,hard_neg_family_device
txn_019583,0,,hard_neg_family_device
txn_019584,0,,hard_neg_family_device
txn_019585,0,,hard_neg_family_device
txn_019586,0,,hard_neg_family_device
txn_019587,0,,hard_neg_family_device
txn_019588,0,,hard_neg_family_device
txn_019589,0,,hard_neg_family_device
txn_019590,0,,hard_neg_family_device
txn_019591,0,,hard_neg_family_device
txn_019592,0,,hard_neg_family_device
txn_019593,0,,hard_neg_family_device
txn_019594,0,,hard_neg_family_device
txn_019595,0,,hard_neg_family_device
txn_019596,0,,hard_neg_family_device
txn_019597,0,,hard_neg_family_device
txn_019598,0,,hard_neg_family_device
txn_019599,0,,hard_neg_family_device
txn_019600,0,,hard_neg_family_device
txn_019601,0,,hard_neg_family_device
txn_019602,0,,hard_neg_family_device
txn_019603,0,,hard_neg_family_device
txn_019604,0,,hard_neg_family_device
txn_019605,0,,hard_neg_family_device
txn_019606,0,,hard_neg_family_device
txn_019607,0,,hard_neg_family_device
txn_019608,0,,hard_neg_family_device
txn_019609,0,,hard_neg_family_device
txn_019610,0,,hard_neg_family_device
txn_019611,0,,hard_neg_family_device
txn_019612,0,,hard_neg_family_device
txn_019613,0,,hard_neg_family_device
txn_019614,0,,hard_neg_family_device
txn_019615,0,,hard_neg_family_device
txn_019616,0,,hard_neg_family_device
txn_019617,0,,hard_neg_family_device
txn_019618,0,,hard_neg_family_device
txn_019619,0,,hard_neg_family_device
txn_019620,0,,hard_neg_family_device
txn_019621,0,,hard_neg_family_device
txn_019622,0,,hard_neg_family_device
txn_019623,0,,hard_neg_family_device
txn_019624,0,,hard_neg_family_device
txn_019625,0,,hard_neg_family_device
txn_019626,0,,hard_neg_family_device
txn_019627,0,,hard_neg_family_device
txn_019628,0,,hard_neg_family_device
txn_019629,0,,hard_neg_family_device
txn_019630,0,,hard_neg_family_device
txn_019631,0,,hard_neg_family_device
txn_019632,0,,hard_neg_family_device
txn_019633,0,,hard_neg_family_device
txn_019634,0,,hard_neg_family_device
txn_019635,0,,hard_neg_family_device
txn_019636,0,,hard_neg_family_device
txn_019637,0,,hard_neg_family_device
txn_019638,0,,hard_neg_family_device
txn_019639,0,,hard_neg_family_device
txn_019640,0,,hard_neg_family_device
txn_019641,0,,hard_neg_family_device
txn_019642,0,,hard_neg_family_device
txn_019643,0,,hard_neg_family_device
txn_019644,0,,hard_neg_family_device
txn_019645,0,,hard_neg_family_device
txn_019646,0,,hard_neg_family_device
txn_019647,0,,hard_neg_family_device
txn_019648,0,,hard_neg_family_device
txn_019649,0,,hard_neg_family_device
txn_019650,0,,hard_neg_family_device
txn_019651,0,,hard_neg_family_device
txn_019652,0,,hard_neg_family_device
txn_019653,0,,hard_neg_family_device
txn_019654,0,,hard_neg_family_device
txn_019655,0,,hard_neg_family_device
txn_019656,0,,hard_neg_family_device
txn_019657,0,,hard_neg_family_device
txn_019658,0,,hard_neg_family_device
txn_019659,0,,hard_neg_family_device
txn_019660,0,,hard_neg_family_device
txn_019661,0,,hard_neg_family_device
txn_019662,0,,hard_neg_family_device
txn_019663,0,,hard_neg_family_device
txn_019664,0,,hard_neg_family_device
txn_019665,0,,hard_neg_family_device
txn_019666,0,,hard_neg_family_device
txn_019667,0,,hard_neg_family_device
txn_019668,0,,hard_neg_family_device
txn_019669,0,,hard_neg_family_device
txn_019670,0,,hard_neg_family_device
txn_019671,0,,hard_neg_family_device
txn_019672,0,,hard_neg_family_device
txn_019673,0,,hard_neg_family_device
txn_019674,0,,hard_neg_family_device
txn_019675,0,,hard_neg_family_device
txn_019676,0,,hard_neg_family_device
txn_019677,0,,hard_neg_family_device
txn_019678,0,,hard_neg_family_device
txn_019679,0,,hard_neg_family_device
txn_019680,0,,hard_neg_family_device
txn_019681,0,,hard_neg_family_device
txn_019682,0,,hard_neg_family_device
txn_019683,0,,hard_neg_family_device
txn_019684,0,,hard_neg_family_device
txn_019685,0,,hard_neg_family_device
txn_019686,0,,hard_neg_family_device
txn_019687,0,,hard_neg_family_device
txn_019688,0,,hard_neg_family_device
txn_019689,0,,hard_neg_family_device
txn_019690,0,,hard_neg_family_device
txn_019691,0,,hard_neg_family_device
txn_019692,0,,hard_neg_family_device
txn_019693,0,,hard_neg_family_device
txn_019694,0,,hard_neg_family_device
txn_019695,0,,hard_neg_family_device
txn_019696,0,,hard_neg_family_device
txn_019697,0,,hard_neg_family_device
txn_019698,0,,hard_neg_family_device
txn_019699,0,,hard_neg_family_device
txn_019700,0,,hard_neg_family_device
txn_019701,0,,hard_neg_family_device
txn_019702,0,,hard_neg_shared_ip
txn_019703,0,,hard_neg_shared_ip
txn_019704,0,,hard_neg_shared_ip
txn_019705,0,,hard_neg_shared_ip
txn_019706,0,,hard_neg_shared_ip
txn_019707,0,,hard_neg_shared_ip
txn_019708,0,,hard_neg_shared_ip
txn_019709,0,,hard_neg_shared_ip
txn_019710,0,,hard_neg_shared_ip
txn_019711,0,,hard_neg_shared_ip
txn_019712,0,,hard_neg_shared_ip
txn_019713,0,,hard_neg_shared_ip
txn_019714,0,,hard_neg_shared_ip
txn_019715,0,,hard_neg_shared_ip
txn_019716,0,,hard_neg_shared_ip
txn_019717,0,,hard_neg_shared_ip
txn_019718,0,,hard_neg_shared_ip
txn_019719,0,,hard_neg_shared_ip
txn_019720,0,,hard_neg_shared_ip
txn_019721,0,,hard_neg_shared_ip
txn_019722,0,,hard_neg_shared_ip
txn_019723,0,,hard_neg_shared_ip
txn_019724,0,,hard_neg_shared_ip
txn_019725,0,,hard_neg_shared_ip
txn_019726,0,,hard_neg_shared_ip
txn_019727,0,,hard_neg_shared_ip
txn_019728,0,,hard_neg_shared_ip
txn_019729,0,,hard_neg_shared_ip
txn_019730,0,,hard_neg_shared_ip
txn_019731,0,,hard_neg_shared_ip
txn_019732,0,,hard_neg_shared_ip
txn_019733,0,,hard_neg_shared_ip
txn_019734,0,,hard_neg_shared_ip
txn_019735,0,,hard_neg_shared_ip
txn_019736,0,,hard_neg_shared_ip
txn_019737,0,,hard_neg_shared_ip
txn_019738,0,,hard_neg_shared_ip
txn_019739,0,,hard_neg_shared_ip
txn_019740,0,,hard_neg_shared_ip
txn_019741,0,,hard_neg_shared_ip
txn_019742,0,,hard_neg_shared_ip
txn_019743,0,,hard_neg_shared_ip
txn_019744,0,,hard_neg_shared_ip
txn_019745,0,,hard_neg_shared_ip
txn_019746,0,,hard_neg_shared_ip
txn_019747,0,,hard_neg_shared_ip
txn_019748,0,,hard_neg_shared_ip
txn_019749,0,,hard_neg_shared_ip
txn_019750,0,,hard_neg_shared_ip
txn_019751,0,,hard_neg_shared_ip
txn_019752,0,,hard_neg_shared_ip
txn_019753,0,,hard_neg_shared_ip
txn_019754,0,,hard_neg_shared_ip
txn_019755,0,,hard_neg_shared_ip
txn_019756,0,,hard_neg_shared_ip
txn_019757,0,,hard_neg_shared_ip
txn_019758,0,,hard_neg_shared_ip
txn_019759,0,,hard_neg_shared_ip
txn_019760,0,,hard_neg_shared_ip
txn_019761,0,,hard_neg_shared_ip
txn_019762,0,,hard_neg_shared_ip
txn_019763,0,,hard_neg_shared_ip
txn_019764,0,,hard_neg_shared_ip
txn_019765,0,,hard_neg_shared_ip
txn_019766,0,,hard_neg_shared_ip
txn_019767,0,,hard_neg_shared_ip
txn_019768,0,,hard_neg_shared_ip
txn_019769,0,,hard_neg_shared_ip
txn_019770,0,,hard_neg_shared_ip
txn_019771,0,,hard_neg_shared_ip
txn_019772,0,,hard_neg_shared_ip
txn_019773,0,,hard_neg_shared_ip
txn_019774,0,,hard_neg_shared_ip
txn_019775,0,,hard_neg_shared_ip
txn_019776,0,,hard_neg_shared_ip
txn_019777,0,,hard_neg_shared_ip
txn_019778,0,,hard_neg_shared_ip
txn_019779,0,,hard_neg_shared_ip
txn_019780,0,,hard_neg_shared_ip
txn_019781,0,,hard_neg_shared_ip
txn_019782,0,,hard_neg_shared_ip
txn_019783,0,,hard_neg_shared_ip
txn_019784,0,,hard_neg_shared_ip
txn_019785,0,,hard_neg_shared_ip
txn_019786,0,,hard_neg_shared_ip
txn_019787,0,,hard_neg_shared_ip
txn_019788,0,,hard_neg_shared_ip
txn_019789,0,,hard_neg_shared_ip
txn_019790,0,,hard_neg_shared_ip
txn_019791,0,,hard_neg_shared_ip
txn_019792,0,,hard_neg_shared_ip
txn_019793,0,,hard_neg_shared_ip
txn_019794,0,,hard_neg_shared_ip
txn_019795,0,,hard_neg_shared_ip
txn_019796,0,,hard_neg_shared_ip
txn_019797,0,,hard_neg_shared_ip
txn_019798,0,,hard_neg_shared_ip
txn_019799,0,,hard_neg_shared_ip
txn_019800,0,,hard_neg_shared_ip
txn_019801,0,,hard_neg_shared_ip
txn_019802,0,,hard_neg_shared_ip
txn_019803,0,,hard_neg_shared_ip
txn_019804,0,,hard_neg_shared_ip
txn_019805,0,,hard_neg_shared_ip
txn_019806,0,,hard_neg_shared_ip
txn_019807,0,,hard_neg_shared_ip
txn_019808,0,,hard_neg_shared_ip
txn_019809,0,,hard_neg_shared_ip
txn_019810,0,,hard_neg_shared_ip
txn_019811,0,,hard_neg_shared_ip
txn_019812,0,,hard_neg_shared_ip
txn_019813,0,,hard_neg_shared_ip
txn_019814,0,,hard_neg_shared_ip
txn_019815,0,,hard_neg_shared_ip
txn_019816,0,,hard_neg_shared_ip
txn_019817,0,,hard_neg_shared_ip
txn_019818,0,,hard_neg_shared_ip
txn_019819,0,,hard_neg_shared_ip
txn_019820,0,,hard_neg_shared_ip
txn_019821,0,,hard_neg_shared_ip
txn_019822,0,,hard_neg_shared_ip
txn_019823,0,,hard_neg_shared_ip
txn_019824,0,,hard_neg_shared_ip
txn_019825,0,,hard_neg_shared_ip
txn_019826,0,,hard_neg_shared_ip
txn_019827,0,,hard_neg_shared_ip
txn_019828,0,,hard_neg_shared_ip
txn_019829,0,,hard_neg_shared_ip
txn_019830,0,,hard_neg_shared_ip
txn_019831,0,,hard_neg_shared_ip
txn_019832,0,,hard_neg_shared_ip
txn_019833,0,,hard_neg_shared_ip
txn_019834,0,,hard_neg_shared_ip
txn_019835,0,,hard_neg_shared_ip
txn_019836,0,,hard_neg_shared_ip
txn_019837,0,,hard_neg_shared_ip
txn_019838,0,,hard_neg_shared_ip
txn_019839,0,,hard_neg_shared_ip
txn_019840,0,,hard_neg_shared_ip
txn_019841,0,,hard_neg_shared_ip
txn_019842,0,,hard_neg_shared_ip
txn_019843,0,,hard_neg_shared_ip
txn_019844,0,,hard_neg_shared_ip
txn_019845,0,,hard_neg_shared_ip
txn_019846,0,,hard_neg_shared_ip
txn_019847,0,,hard_neg_shared_ip
txn_019848,0,,hard_neg_shared_ip
txn_019849,0,,hard_neg_shared_ip
txn_019850,0,,hard_neg_shared_ip
txn_019851,0,,hard_neg_shared_ip
txn_019852,0,,hard_neg_shared_ip
txn_019853,0,,hard_neg_shared_ip
txn_019854,0,,hard_neg_shared_ip
txn_019855,0,,hard_neg_shared_ip
txn_019856,0,,hard_neg_shared_ip
txn_019857,0,,hard_neg_shared_ip
txn_019858,0,,hard_neg_shared_ip
txn_019859,0,,hard_neg_shared_ip
txn_019860,0,,hard_neg_shared_ip
txn_019861,0,,hard_neg_shared_ip
txn_019862,0,,hard_neg_shared_ip
txn_019863,0,,hard_neg_shared_ip
txn_019864,0,,hard_neg_shared_ip
txn_019865,0,,hard_neg_shared_ip
txn_019866,0,,hard_neg_shared_ip
txn_019867,0,,hard_neg_shared_ip
txn_019868,0,,hard_neg_shared_ip
txn_019869,0,,hard_neg_shared_ip
txn_019870,0,,hard_neg_shared_ip
txn_019871,0,,hard_neg_shared_ip
txn_019872,0,,hard_neg_shared_ip
txn_019873,0,,hard_neg_shared_ip
txn_019874,0,,hard_neg_shared_ip
txn_019875,0,,hard_neg_shared_ip
txn_019876,0,,hard_neg_shared_ip
txn_019877,0,,hard_neg_shared_ip
txn_019878,0,,hard_neg_shared_ip
txn_019879,0,,hard_neg_shared_ip
txn_019880,0,,hard_neg_shared_ip
txn_019881,0,,hard_neg_shared_ip
txn_019882,0,,hard_neg_shared_ip
txn_019883,0,,hard_neg_shared_ip
txn_019884,0,,hard_neg_shared_ip
txn_019885,0,,hard_neg_shared_ip
txn_019886,0,,hard_neg_shared_ip
txn_019887,0,,hard_neg_shared_ip
txn_019888,0,,hard_neg_shared_ip
txn_019889,0,,hard_neg_shared_ip
txn_019890,0,,hard_neg_shared_ip
txn_019891,0,,hard_neg_shared_ip
txn_019892,0,,hard_neg_shared_ip
txn_019893,0,,hard_neg_shared_ip
txn_019894,0,,hard_neg_shared_ip
txn_019895,0,,hard_neg_shared_ip
txn_019896,0,,hard_neg_shared_ip
txn_019897,0,,hard_neg_shared_ip
txn_019898,0,,hard_neg_shared_ip
txn_019899,0,,hard_neg_shared_ip
txn_019900,0,,hard_neg_shared_ip
txn_019901,0,,hard_neg_shared_ip
txn_019902,0,,hard_neg_shared_ip
txn_019903,0,,hard_neg_shared_ip
txn_019904,0,,hard_neg_shared_ip
txn_019905,0,,hard_neg_shared_ip
txn_019906,0,,hard_neg_shared_ip
txn_019907,0,,hard_neg_shared_ip
txn_019908,0,,hard_neg_shared_ip
txn_019909,0,,hard_neg_festival
txn_019910,0,,hard_neg_festival
txn_019911,0,,hard_neg_festival
txn_019912,0,,hard_neg_festival
txn_019913,0,,hard_neg_festival
txn_019914,0,,hard_neg_festival
txn_019915,0,,hard_neg_festival
txn_019916,0,,hard_neg_festival
txn_019917,0,,hard_neg_festival
txn_019918,0,,hard_neg_festival
txn_019919,0,,hard_neg_festival
txn_019920,0,,hard_neg_festival
txn_019921,0,,hard_neg_festival
txn_019922,0,,hard_neg_festival
txn_019923,0,,hard_neg_festival
txn_019924,0,,hard_neg_festival
txn_019925,0,,hard_neg_festival
txn_019926,0,,hard_neg_festival
txn_019927,0,,hard_neg_festival
txn_019928,0,,hard_neg_festival
txn_019929,0,,hard_neg_festival
txn_019930,0,,hard_neg_festival
txn_019931,0,,hard_neg_festival
txn_019932,0,,hard_neg_festival
txn_019933,0,,hard_neg_festival
txn_019934,0,,hard_neg_festival
txn_019935,0,,hard_neg_festival
txn_019936,0,,hard_neg_festival
txn_019937,0,,hard_neg_festival
txn_019938,0,,hard_neg_festival
txn_019939,0,,hard_neg_festival
txn_019940,0,,hard_neg_festival
txn_019941,0,,hard_neg_festival
txn_019942,0,,hard_neg_festival
txn_019943,0,,hard_neg_festival
txn_019944,0,,hard_neg_festival
txn_019945,0,,hard_neg_festival
txn_019946,0,,hard_neg_festival
txn_019947,0,,hard_neg_festival
txn_019948,0,,hard_neg_festival
txn_019949,0,,hard_neg_festival
txn_019950,0,,hard_neg_festival
txn_019951,0,,hard_neg_festival
txn_019952,0,,hard_neg_festival
txn_019953,0,,hard_neg_festival
txn_019954,0,,hard_neg_festival
txn_019955,0,,hard_neg_festival
txn_019956,0,,hard_neg_festival
txn_019957,0,,hard_neg_festival
txn_019958,0,,hard_neg_festival
txn_019959,0,,hard_neg_festival
txn_019960,0,,hard_neg_festival
txn_019961,0,,hard_neg_festival
txn_019962,0,,hard_neg_festival
txn_019963,0,,hard_neg_festival
txn_019964,0,,hard_neg_festival
txn_019965,0,,hard_neg_festival
txn_019966,0,,hard_neg_festival
txn_019967,0,,hard_neg_festival
txn_019968,0,,hard_neg_festival
txn_019969,0,,hard_neg_festival
txn_019970,0,,hard_neg_festival
txn_019971,0,,hard_neg_festival
txn_019972,0,,hard_neg_festival
txn_019973,0,,hard_neg_festival
txn_019974,0,,hard_neg_festival
txn_019975,0,,hard_neg_festival
txn_019976,0,,hard_neg_festival
txn_019977,0,,hard_neg_festival
txn_019978,0,,hard_neg_new_legit
txn_019979,0,,hard_neg_new_legit
txn_019980,0,,hard_neg_new_legit
txn_019981,0,,hard_neg_new_legit
txn_019982,0,,hard_neg_new_legit
txn_019983,0,,hard_neg_new_legit
txn_019984,0,,hard_neg_new_legit
txn_019985,0,,hard_neg_new_legit
txn_019986,0,,hard_neg_new_legit
txn_019987,0,,hard_neg_new_legit
txn_019988,0,,hard_neg_new_legit
txn_019989,0,,hard_neg_new_legit
txn_019990,0,,hard_neg_new_legit
txn_019991,0,,hard_neg_new_legit
txn_019992,0,,hard_neg_new_legit
txn_019993,0,,hard_neg_new_legit
txn_019994,0,,hard_neg_new_legit
txn_019995,0,,hard_neg_new_legit
txn_019996,0,,hard_neg_new_legit
txn_019997,0,,hard_neg_new_legit
txn_019998,0,,hard_neg_new_legit
